run,step,tokens_b,loss,grad_norm
baseline_qknorm,1,0.0019658,10.723,7.5
baseline_qknorm,2,0.0039317,10.719,7.625
baseline_qknorm,3,0.0058975,10.717,7.7188
baseline_qknorm,4,0.0078634,10.705,7.5625
baseline_qknorm,5,0.0098292,10.684,7.875
baseline_qknorm,6,0.011795,10.655,7.5625
baseline_qknorm,7,0.013761,10.619,7.4688
baseline_qknorm,8,0.015727,10.546,7.5
baseline_qknorm,9,0.017693,10.479,7.2812
baseline_qknorm,10,0.019658,10.391,6.75
baseline_qknorm,11,0.021624,10.279,6.7188
baseline_qknorm,12,0.02359,10.158,6.5
baseline_qknorm,13,0.025556,10.042,5.9688
baseline_qknorm,14,0.027522,9.9262,5.4688
baseline_qknorm,15,0.029488,9.7841,5.125
baseline_qknorm,16,0.031453,9.6732,4.6562
baseline_qknorm,17,0.033419,9.5377,4.3125
baseline_qknorm,18,0.035385,9.4228,3.9844
baseline_qknorm,19,0.037351,9.3176,3.7031
baseline_qknorm,20,0.039317,9.1891,3.375
baseline_qknorm,21,0.041283,9.0834,2.9375
baseline_qknorm,22,0.043248,8.9838,2.75
baseline_qknorm,23,0.045214,8.9133,2.4688
baseline_qknorm,24,0.04718,8.7884,2.125
baseline_qknorm,25,0.049146,8.689,1.9453
baseline_qknorm,26,0.051112,8.6256,1.7578
baseline_qknorm,27,0.053078,8.5191,1.7578
baseline_qknorm,28,0.055044,8.4751,2.5625
baseline_qknorm,29,0.057009,8.3986,2.8906
baseline_qknorm,30,0.058975,8.3372,2.7188
baseline_qknorm,31,0.060941,8.2739,3.7656
baseline_qknorm,32,0.062907,8.1718,3.3281
baseline_qknorm,33,0.064873,8.1046,3.3906
baseline_qknorm,34,0.066839,8.0463,4.1875
baseline_qknorm,35,0.068804,7.9299,3.4688
baseline_qknorm,36,0.07077,7.8783,3.7188
baseline_qknorm,37,0.072736,7.7886,2.9688
baseline_qknorm,38,0.074702,7.7103,4.7188
baseline_qknorm,39,0.076668,7.6356,3.7031
baseline_qknorm,40,0.078634,7.5994,4.3438
baseline_qknorm,41,0.080599,7.4726,3.3906
baseline_qknorm,42,0.082565,7.4197,3.75
baseline_qknorm,43,0.084531,7.3647,3.75
baseline_qknorm,44,0.086497,7.3086,4.5312
baseline_qknorm,45,0.088463,7.3076,5.6562
baseline_qknorm,46,0.090429,7.2097,3.0469
baseline_qknorm,47,0.092394,7.1542,3.3906
baseline_qknorm,48,0.09436,7.1205,3.7344
baseline_qknorm,49,0.096326,7.0538,2.3438
baseline_qknorm,50,0.098292,6.9946,2.6094
baseline_qknorm,51,0.10026,6.9783,2.0625
baseline_qknorm,52,0.10222,6.9386,2.4844
baseline_qknorm,53,0.10419,6.9161,2.3125
baseline_qknorm,54,0.10616,6.8717,1.5859
baseline_qknorm,55,0.10812,6.8268,2.2969
baseline_qknorm,56,0.11009,6.7539,1.9141
baseline_qknorm,57,0.11205,6.766,2.5938
baseline_qknorm,58,0.11402,6.6981,2.0
baseline_qknorm,59,0.11598,6.6931,1.9219
baseline_qknorm,60,0.11795,6.6719,2.6875
baseline_qknorm,61,0.11992,6.6225,2.5
baseline_qknorm,62,0.12188,6.5736,1.8125
baseline_qknorm,63,0.12385,6.5837,3.2031
baseline_qknorm,64,0.12581,6.5108,1.4219
baseline_qknorm,65,0.12778,6.4766,1.9453
baseline_qknorm,66,0.12975,6.4419,1.6094
baseline_qknorm,67,0.13171,6.4002,1.6484
baseline_qknorm,68,0.13368,6.3715,1.7188
baseline_qknorm,69,0.13564,6.3029,1.1328
baseline_qknorm,70,0.13761,6.291,1.2734
baseline_qknorm,71,0.13957,6.2166,1.1484
baseline_qknorm,72,0.14154,6.1949,1.5859
baseline_qknorm,73,0.14351,6.1818,1.8359
baseline_qknorm,74,0.14547,6.147,1.75
baseline_qknorm,75,0.14744,6.1024,1.5703
baseline_qknorm,76,0.1494,6.0507,1.3672
baseline_qknorm,77,0.15137,5.9894,1.125
baseline_qknorm,78,0.15334,5.9883,1.1016
baseline_qknorm,79,0.1553,5.933,1.1328
baseline_qknorm,80,0.15727,5.9342,1.2266
baseline_qknorm,81,0.15923,5.8697,1.125
baseline_qknorm,82,0.1612,5.8619,1.2656
baseline_qknorm,83,0.16316,5.7985,1.0625
baseline_qknorm,84,0.16513,5.7686,0.87891
baseline_qknorm,85,0.1671,5.7476,0.92969
baseline_qknorm,86,0.16906,5.719,1.0547
baseline_qknorm,87,0.17103,5.7048,1.0156
baseline_qknorm,88,0.17299,5.6966,0.94141
baseline_qknorm,89,0.17496,5.647,0.83984
baseline_qknorm,90,0.17693,5.6543,0.94922
baseline_qknorm,91,0.17889,5.6138,0.82031
baseline_qknorm,92,0.18086,5.5915,0.80078
baseline_qknorm,93,0.18282,5.5744,0.69531
baseline_qknorm,94,0.18479,5.5343,0.84766
baseline_qknorm,95,0.18675,5.5263,0.77344
baseline_qknorm,96,0.18872,5.5223,0.94922
baseline_qknorm,97,0.19069,5.5188,0.90234
baseline_qknorm,98,0.19265,5.5073,1.0078
baseline_qknorm,99,0.19462,5.4595,0.76562
baseline_qknorm,100,0.19658,5.4727,0.64453
baseline_qknorm,101,0.19855,5.4485,0.87109
baseline_qknorm,102,0.20052,5.417,0.8125
baseline_qknorm,103,0.20248,5.3983,0.67188
baseline_qknorm,104,0.20445,5.3921,0.74219
baseline_qknorm,105,0.20641,5.4035,0.875
baseline_qknorm,106,0.20838,5.3906,0.74219
baseline_qknorm,107,0.21034,5.3895,0.65625
baseline_qknorm,108,0.21231,5.3197,0.69922
baseline_qknorm,109,0.21428,5.3883,0.73047
baseline_qknorm,110,0.21624,5.3527,0.77734
baseline_qknorm,111,0.21821,5.3422,0.76953
baseline_qknorm,112,0.22017,5.3165,1.0234
baseline_qknorm,113,0.22214,5.2959,0.85156
baseline_qknorm,114,0.22411,5.2919,0.85156
baseline_qknorm,115,0.22607,5.248,0.77344
baseline_qknorm,116,0.22804,5.2705,0.98828
baseline_qknorm,117,0.23,5.2473,0.78516
baseline_qknorm,118,0.23197,5.2434,0.8125
baseline_qknorm,119,0.23393,5.2324,0.88672
baseline_qknorm,120,0.2359,5.1997,0.71094
baseline_qknorm,121,0.23787,5.1939,0.57031
baseline_qknorm,122,0.23983,5.1654,0.70312
baseline_qknorm,123,0.2418,5.1896,0.73438
baseline_qknorm,124,0.24376,5.1685,0.77734
baseline_qknorm,125,0.24573,5.1442,0.76953
baseline_qknorm,126,0.2477,5.1559,0.76953
baseline_qknorm,127,0.24966,5.1119,0.84375
baseline_qknorm,128,0.25163,5.086,0.80469
baseline_qknorm,129,0.25359,5.0927,0.63281
baseline_qknorm,130,0.25556,5.1166,0.81641
baseline_qknorm,131,0.25753,5.0999,0.66406
baseline_qknorm,132,0.25949,5.0531,0.49805
baseline_qknorm,133,0.26146,5.0599,0.75781
baseline_qknorm,134,0.26342,5.0538,0.79688
baseline_qknorm,135,0.26539,5.0339,0.83594
baseline_qknorm,136,0.26735,4.9977,0.79297
baseline_qknorm,137,0.26932,5.014,0.63281
baseline_qknorm,138,0.27129,4.9662,0.53516
baseline_qknorm,139,0.27325,4.9676,0.55469
baseline_qknorm,140,0.27522,4.9378,0.71094
baseline_qknorm,141,0.27718,4.9719,0.84766
baseline_qknorm,142,0.27915,4.9307,0.67969
baseline_qknorm,143,0.28112,4.9037,0.78125
baseline_qknorm,144,0.28308,4.9481,1.0312
baseline_qknorm,145,0.28505,4.906,0.59766
baseline_qknorm,146,0.28701,4.8647,0.61719
baseline_qknorm,147,0.28898,4.8826,0.55859
baseline_qknorm,148,0.29094,4.8335,0.71094
baseline_qknorm,149,0.29291,4.8565,0.875
baseline_qknorm,150,0.29488,4.8377,0.80078
baseline_qknorm,151,0.29684,4.817,0.75781
baseline_qknorm,152,0.29881,4.796,0.63281
baseline_qknorm,153,0.30077,4.7909,0.73047
baseline_qknorm,154,0.30274,4.7815,0.72656
baseline_qknorm,155,0.30471,4.7438,0.52344
baseline_qknorm,156,0.30667,4.7756,0.53906
baseline_qknorm,157,0.30864,4.752,0.70703
baseline_qknorm,158,0.3106,4.699,0.63281
baseline_qknorm,159,0.31257,4.7053,0.625
baseline_qknorm,160,0.31453,4.668,0.59375
baseline_qknorm,161,0.3165,4.6245,0.54688
baseline_qknorm,162,0.31847,4.6104,0.64844
baseline_qknorm,163,0.32043,4.587,0.71484
baseline_qknorm,164,0.3224,4.6099,0.68359
baseline_qknorm,165,0.32436,4.5966,0.6875
baseline_qknorm,166,0.32633,4.5444,0.56641
baseline_qknorm,167,0.3283,4.5714,0.51562
baseline_qknorm,168,0.33026,4.5723,0.55078
baseline_qknorm,169,0.33223,4.5084,0.51172
baseline_qknorm,170,0.33419,4.5226,0.65625
baseline_qknorm,171,0.33616,4.5008,0.67969
baseline_qknorm,172,0.33812,4.4728,0.60938
baseline_qknorm,173,0.34009,4.4741,0.53906
baseline_qknorm,174,0.34206,4.5254,0.71875
baseline_qknorm,175,0.34402,4.4618,0.66016
baseline_qknorm,176,0.34599,4.5246,0.49023
baseline_qknorm,177,0.34795,4.4254,0.53125
baseline_qknorm,178,0.34992,4.4189,0.5625
baseline_qknorm,179,0.35189,4.3959,0.47461
baseline_qknorm,180,0.35385,4.3739,0.62891
baseline_qknorm,181,0.35582,4.3883,0.65234
baseline_qknorm,182,0.35778,4.3555,0.62109
baseline_qknorm,183,0.35975,4.329,0.74609
baseline_qknorm,184,0.36171,4.3215,0.59766
baseline_qknorm,185,0.36368,4.3317,0.51953
baseline_qknorm,186,0.36565,4.3076,0.54688
baseline_qknorm,187,0.36761,4.3194,0.48047
baseline_qknorm,188,0.36958,4.2587,0.44336
baseline_qknorm,189,0.37154,4.2945,0.65625
baseline_qknorm,190,0.37351,4.2617,0.61719
baseline_qknorm,191,0.37548,4.244,0.5625
baseline_qknorm,192,0.37744,4.2102,0.54297
baseline_qknorm,193,0.37941,4.2478,0.55859
baseline_qknorm,194,0.38137,4.2136,0.64453
baseline_qknorm,195,0.38334,4.2163,0.57422
baseline_qknorm,196,0.3853,4.1616,0.40039
baseline_qknorm,197,0.38727,4.1551,0.38867
baseline_qknorm,198,0.38924,4.1477,0.46484
baseline_qknorm,199,0.3912,4.1556,0.50391
baseline_qknorm,200,0.39317,4.1578,0.52344
baseline_qknorm,201,0.39513,4.1293,0.49805
baseline_qknorm,202,0.3971,4.1369,0.53906
baseline_qknorm,203,0.39907,4.0878,0.43555
baseline_qknorm,204,0.40103,4.0623,0.39648
baseline_qknorm,205,0.403,4.0534,0.44141
baseline_qknorm,206,0.40496,4.0558,0.47461
baseline_qknorm,207,0.40693,4.0107,0.51562
baseline_qknorm,208,0.40889,4.0459,0.50781
baseline_qknorm,209,0.41086,4.0089,0.42383
baseline_qknorm,210,0.41283,3.9876,0.36328
baseline_qknorm,211,0.41479,3.9989,0.45703
baseline_qknorm,212,0.41676,3.9998,0.48242
baseline_qknorm,213,0.41872,3.9774,0.38281
baseline_qknorm,214,0.42069,3.955,0.29883
baseline_qknorm,215,0.42266,3.9846,0.39062
baseline_qknorm,216,0.42462,3.9412,0.49805
baseline_qknorm,217,0.42659,3.9373,0.33984
baseline_qknorm,218,0.42855,3.9247,0.32227
baseline_qknorm,219,0.43052,3.9567,0.37305
baseline_qknorm,220,0.43248,3.9044,0.35352
baseline_qknorm,221,0.43445,3.914,0.41406
baseline_qknorm,222,0.43642,3.8684,0.48242
baseline_qknorm,223,0.43838,3.9088,0.48828
baseline_qknorm,224,0.44035,3.9054,0.50391
baseline_qknorm,225,0.44231,3.9041,0.47461
baseline_qknorm,226,0.44428,3.8912,0.40234
baseline_qknorm,227,0.44625,3.8414,0.41406
baseline_qknorm,228,0.44821,3.8553,0.39258
baseline_qknorm,229,0.45018,3.8646,0.32812
baseline_qknorm,230,0.45214,3.8169,0.37695
baseline_qknorm,231,0.45411,3.7815,0.42188
baseline_qknorm,232,0.45607,3.8381,0.46484
baseline_qknorm,233,0.45804,3.802,0.4375
baseline_qknorm,234,0.46001,3.8004,0.36523
baseline_qknorm,235,0.46197,3.7788,0.38086
baseline_qknorm,236,0.46394,3.7737,0.38867
baseline_qknorm,237,0.4659,3.793,0.32227
baseline_qknorm,238,0.46787,3.7863,0.34375
baseline_qknorm,239,0.46984,3.7698,0.4043
baseline_qknorm,240,0.4718,3.7935,0.43359
baseline_qknorm,241,0.47377,3.7878,0.37695
baseline_qknorm,242,0.47573,3.7342,0.32031
baseline_qknorm,243,0.4777,3.7144,0.37305
baseline_qknorm,244,0.47966,3.7721,0.35352
baseline_qknorm,245,0.48163,3.7163,0.30469
baseline_qknorm,246,0.4836,3.7172,0.24707
baseline_qknorm,247,0.48556,3.7212,0.2793
baseline_qknorm,248,0.48753,3.7216,0.36328
baseline_qknorm,249,0.48949,3.6927,0.37891
baseline_qknorm,250,0.49146,3.7272,0.39844
baseline_qknorm,251,0.49343,3.6914,0.33789
baseline_qknorm,252,0.49539,3.6955,0.33594
baseline_qknorm,253,0.49736,3.751,0.35938
baseline_qknorm,254,0.49932,3.6907,0.30273
baseline_qknorm,255,0.50129,3.6464,0.26367
baseline_qknorm,256,0.50326,3.6263,0.29688
baseline_qknorm,257,0.50522,3.6622,0.32227
baseline_qknorm,258,0.50719,3.6699,0.31641
baseline_qknorm,259,0.50915,3.6547,0.34375
baseline_qknorm,260,0.51112,3.6628,0.43164
baseline_qknorm,261,0.51308,3.6642,0.42969
baseline_qknorm,262,0.51505,3.6298,0.32812
baseline_qknorm,263,0.51702,3.6201,0.29688
baseline_qknorm,264,0.51898,3.6589,0.35156
baseline_qknorm,265,0.52095,3.603,0.34961
baseline_qknorm,266,0.52291,3.5903,0.28516
baseline_qknorm,267,0.52488,3.6355,0.34766
baseline_qknorm,268,0.52685,3.5559,0.3457
baseline_qknorm,269,0.52881,3.6022,0.30469
baseline_qknorm,270,0.53078,3.5827,0.33398
baseline_qknorm,271,0.53274,3.5661,0.32617
baseline_qknorm,272,0.53471,3.5809,0.2793
baseline_qknorm,273,0.53667,3.5728,0.3125
baseline_qknorm,274,0.53864,3.5919,0.30664
baseline_qknorm,275,0.54061,3.5658,0.2832
baseline_qknorm,276,0.54257,3.5663,0.25195
baseline_qknorm,277,0.54454,3.5188,0.24902
baseline_qknorm,278,0.5465,3.5589,0.29102
baseline_qknorm,279,0.54847,3.5525,0.28711
baseline_qknorm,280,0.55044,3.5519,0.33594
baseline_qknorm,281,0.5524,3.5545,0.35547
baseline_qknorm,282,0.55437,3.5209,0.3125
baseline_qknorm,283,0.55633,3.5264,0.24805
baseline_qknorm,284,0.5583,3.5729,0.30664
baseline_qknorm,285,0.56026,3.5304,0.32227
baseline_qknorm,286,0.56223,3.5554,0.31445
baseline_qknorm,287,0.5642,3.5304,0.30664
baseline_qknorm,288,0.56616,3.5849,0.30078
baseline_qknorm,289,0.56813,3.5094,0.27734
baseline_qknorm,290,0.57009,3.5329,0.25391
baseline_qknorm,291,0.57206,3.4995,0.22461
baseline_qknorm,292,0.57403,3.5121,0.27344
baseline_qknorm,293,0.57599,3.5017,0.30664
baseline_qknorm,294,0.57796,3.4964,0.26367
baseline_qknorm,295,0.57992,3.5421,0.25977
baseline_qknorm,296,0.58189,3.456,0.24316
baseline_qknorm,297,0.58385,3.5091,0.21973
baseline_qknorm,298,0.58582,3.4756,0.25781
baseline_qknorm,299,0.58779,3.4692,0.26562
baseline_qknorm,300,0.58975,3.4689,0.22266
baseline_qknorm,301,0.59172,3.4783,0.20215
baseline_qknorm,302,0.59368,3.4457,0.24609
baseline_qknorm,303,0.59565,3.4574,0.26562
baseline_qknorm,304,0.59762,3.4699,0.27148
baseline_qknorm,305,0.59958,3.476,0.26172
baseline_qknorm,306,0.60155,3.4305,0.26562
baseline_qknorm,307,0.60351,3.4712,0.27734
baseline_qknorm,308,0.60548,3.422,0.25195
baseline_qknorm,309,0.60744,3.446,0.24414
baseline_qknorm,310,0.60941,3.4384,0.26367
baseline_qknorm,311,0.61138,3.4295,0.26758
baseline_qknorm,312,0.61334,3.4044,0.25
baseline_qknorm,313,0.61531,3.474,0.25
baseline_qknorm,314,0.61727,3.4352,0.21387
baseline_qknorm,315,0.61924,3.4338,0.2207
baseline_qknorm,316,0.62121,3.4076,0.22363
baseline_qknorm,317,0.62317,3.3726,0.22266
baseline_qknorm,318,0.62514,3.3996,0.2334
baseline_qknorm,319,0.6271,3.4608,0.27148
baseline_qknorm,320,0.62907,3.416,0.2793
baseline_qknorm,321,0.63103,3.4065,0.24902
baseline_qknorm,322,0.633,3.4497,0.21582
baseline_qknorm,323,0.63497,3.3823,0.21582
baseline_qknorm,324,0.63693,3.3619,0.23633
baseline_qknorm,325,0.6389,3.3929,0.21582
baseline_qknorm,326,0.64086,3.4298,0.24316
baseline_qknorm,327,0.64283,3.3879,0.26562
baseline_qknorm,328,0.6448,3.3963,0.22754
baseline_qknorm,329,0.64676,3.3749,0.2168
baseline_qknorm,330,0.64873,3.4029,0.24219
baseline_qknorm,331,0.65069,3.3478,0.26172
baseline_qknorm,332,0.65266,3.334,0.2334
baseline_qknorm,333,0.65462,3.3793,0.21094
baseline_qknorm,334,0.65659,3.3558,0.20215
baseline_qknorm,335,0.65856,3.3625,0.20801
baseline_qknorm,336,0.66052,3.3701,0.19629
baseline_qknorm,337,0.66249,3.3648,0.17871
baseline_qknorm,338,0.66445,3.4513,0.18262
baseline_qknorm,339,0.66642,3.3921,0.22559
baseline_qknorm,340,0.66839,3.3761,0.23926
baseline_qknorm,341,0.67035,3.3479,0.21094
baseline_qknorm,342,0.67232,3.3378,0.20898
baseline_qknorm,343,0.67428,3.3177,0.19629
baseline_qknorm,344,0.67625,3.3444,0.1875
baseline_qknorm,345,0.67821,3.3762,0.20898
baseline_qknorm,346,0.68018,3.3625,0.19824
baseline_qknorm,347,0.68215,3.2985,0.18555
baseline_qknorm,348,0.68411,3.3323,0.20801
baseline_qknorm,349,0.68608,3.3451,0.23828
baseline_qknorm,350,0.68804,3.3183,0.24219
baseline_qknorm,351,0.69001,3.3488,0.21777
baseline_qknorm,352,0.69198,3.3179,0.19922
baseline_qknorm,353,0.69394,3.3599,0.20898
baseline_qknorm,354,0.69591,3.3034,0.18945
baseline_qknorm,355,0.69787,3.3225,0.17676
baseline_qknorm,356,0.69984,3.2897,0.19531
baseline_qknorm,357,0.7018,3.3323,0.22363
baseline_qknorm,358,0.70377,3.2914,0.21191
baseline_qknorm,359,0.70574,3.2846,0.21289
baseline_qknorm,360,0.7077,3.3103,0.22559
baseline_qknorm,361,0.70967,3.3126,0.23926
baseline_qknorm,362,0.71163,3.302,0.2168
baseline_qknorm,363,0.7136,3.3127,0.19043
baseline_qknorm,364,0.71557,3.307,0.21484
baseline_qknorm,365,0.71753,3.2816,0.19922
baseline_qknorm,366,0.7195,3.3082,0.20605
baseline_qknorm,367,0.72146,3.3295,0.20605
baseline_qknorm,368,0.72343,3.3437,0.17871
baseline_qknorm,369,0.72539,3.2815,0.15723
baseline_qknorm,370,0.72736,3.3131,0.14258
baseline_qknorm,371,0.72933,3.2853,0.15332
baseline_qknorm,372,0.73129,3.264,0.19824
baseline_qknorm,373,0.73326,3.2787,0.19336
baseline_qknorm,374,0.73522,3.2856,0.16992
baseline_qknorm,375,0.73719,3.2794,0.1543
baseline_qknorm,376,0.73916,3.2942,0.16895
baseline_qknorm,377,0.74112,3.2242,0.16309
baseline_qknorm,378,0.74309,3.2734,0.14551
baseline_qknorm,379,0.74505,3.332,0.16406
baseline_qknorm,380,0.74702,3.2437,0.17773
baseline_qknorm,381,0.74899,3.2384,0.20508
baseline_qknorm,382,0.75095,3.2787,0.18457
baseline_qknorm,383,0.75292,3.2558,0.19043
baseline_qknorm,384,0.75488,3.2573,0.21094
baseline_qknorm,385,0.75685,3.2421,0.18652
baseline_qknorm,386,0.75881,3.2291,0.1709
baseline_qknorm,387,0.76078,3.2439,0.17188
baseline_qknorm,388,0.76275,3.2202,0.18945
baseline_qknorm,389,0.76471,3.2626,0.19141
baseline_qknorm,390,0.76668,3.2626,0.19238
baseline_qknorm,391,0.76864,3.2358,0.19043
baseline_qknorm,392,0.77061,3.1933,0.17871
baseline_qknorm,393,0.77258,3.2585,0.19727
baseline_qknorm,394,0.77454,3.2486,0.19336
baseline_qknorm,395,0.77651,3.2806,0.16504
baseline_qknorm,396,0.77847,3.19,0.16211
baseline_qknorm,397,0.78044,3.2207,0.21094
baseline_qknorm,398,0.7824,3.2997,0.20996
baseline_qknorm,399,0.78437,3.2121,0.16895
baseline_qknorm,400,0.78634,3.2178,0.15527
baseline_qknorm,401,0.7883,3.2217,0.15723
baseline_qknorm,402,0.79027,3.2125,0.14941
baseline_qknorm,403,0.79223,3.224,0.16797
baseline_qknorm,404,0.7942,3.2058,0.19727
baseline_qknorm,405,0.79617,3.3495,0.20703
baseline_qknorm,406,0.79813,3.1757,0.16406
baseline_qknorm,407,0.8001,3.2063,0.16797
baseline_qknorm,408,0.80206,3.2112,0.17773
baseline_qknorm,409,0.80403,3.2181,0.18555
baseline_qknorm,410,0.80599,3.2454,0.17676
baseline_qknorm,411,0.80796,3.2104,0.16797
baseline_qknorm,412,0.80993,3.222,0.16797
baseline_qknorm,413,0.81189,3.2264,0.16797
baseline_qknorm,414,0.81386,3.2041,0.16602
baseline_qknorm,415,0.81582,3.1876,0.1582
baseline_qknorm,416,0.81779,3.1923,0.15723
baseline_qknorm,417,0.81976,3.2091,0.16309
baseline_qknorm,418,0.82172,3.2062,0.17188
baseline_qknorm,419,0.82369,3.2222,0.17773
baseline_qknorm,420,0.82565,3.1644,0.19238
baseline_qknorm,421,0.82762,3.1949,0.16211
baseline_qknorm,422,0.82958,3.1875,0.15918
baseline_qknorm,423,0.83155,3.1856,0.15918
baseline_qknorm,424,0.83352,3.193,0.17285
baseline_qknorm,425,0.83548,3.2037,0.17578
baseline_qknorm,426,0.83745,3.2203,0.16797
baseline_qknorm,427,0.83941,3.1911,0.1543
baseline_qknorm,428,0.84138,3.2387,0.16602
baseline_qknorm,429,0.84335,3.2207,0.15723
baseline_qknorm,430,0.84531,3.1968,0.15723
baseline_qknorm,431,0.84728,3.1826,0.16309
baseline_qknorm,432,0.84924,3.1738,0.14941
baseline_qknorm,433,0.85121,3.2732,0.14258
baseline_qknorm,434,0.85317,3.1625,0.1748
baseline_qknorm,435,0.85514,3.2045,0.19629
baseline_qknorm,436,0.85711,3.1915,0.1748
baseline_qknorm,437,0.85907,3.2098,0.15527
baseline_qknorm,438,0.86104,3.2009,0.16797
baseline_qknorm,439,0.863,3.17,0.17578
baseline_qknorm,440,0.86497,3.1572,0.20215
baseline_qknorm,441,0.86694,3.2386,0.18262
baseline_qknorm,442,0.8689,3.1943,0.16699
baseline_qknorm,443,0.87087,3.1925,0.16504
baseline_qknorm,444,0.87283,3.2042,0.1582
baseline_qknorm,445,0.8748,3.1441,0.14062
baseline_qknorm,446,0.87676,3.1461,0.12891
baseline_qknorm,447,0.87873,3.1765,0.12695
baseline_qknorm,448,0.8807,3.1402,0.13086
baseline_qknorm,449,0.88266,3.1872,0.13574
baseline_qknorm,450,0.88463,3.2113,0.1377
baseline_qknorm,451,0.88659,3.1656,0.14258
baseline_qknorm,452,0.88856,3.1434,0.13477
baseline_qknorm,453,0.89053,3.1785,0.15137
baseline_qknorm,454,0.89249,3.1453,0.14844
baseline_qknorm,455,0.89446,3.1702,0.14453
baseline_qknorm,456,0.89642,3.1948,0.14746
baseline_qknorm,457,0.89839,3.1445,0.15332
baseline_qknorm,458,0.90035,3.1499,0.15723
baseline_qknorm,459,0.90232,3.1536,0.13965
baseline_qknorm,460,0.90429,3.1691,0.13281
baseline_qknorm,461,0.90625,3.1519,0.1416
baseline_qknorm,462,0.90822,3.1518,0.15723
baseline_qknorm,463,0.91018,3.1437,0.17188
baseline_qknorm,464,0.91215,3.1569,0.16016
baseline_qknorm,465,0.91412,3.1541,0.16602
baseline_qknorm,466,0.91608,3.1511,0.15137
baseline_qknorm,467,0.91805,3.1597,0.15332
baseline_qknorm,468,0.92001,3.1201,0.14746
baseline_qknorm,469,0.92198,3.1441,0.14746
baseline_qknorm,470,0.92394,3.1674,0.1377
baseline_qknorm,471,0.92591,3.1601,0.14648
baseline_qknorm,472,0.92788,3.1592,0.18262
baseline_qknorm,473,0.92984,3.1484,0.1582
baseline_qknorm,474,0.93181,3.1623,0.18457
baseline_qknorm,475,0.93377,3.116,0.1123
baseline_qknorm,476,0.93574,3.148,0.13184
baseline_qknorm,477,0.93771,3.147,0.14551
baseline_qknorm,478,0.93967,3.1449,0.14062
baseline_qknorm,479,0.94164,3.1527,0.13574
baseline_qknorm,480,0.9436,3.1577,0.13574
baseline_qknorm,481,0.94557,3.1436,0.13281
baseline_qknorm,482,0.94753,3.1426,0.12695
baseline_qknorm,483,0.9495,3.0949,0.13281
baseline_qknorm,484,0.95147,3.1289,0.14258
baseline_qknorm,485,0.95343,3.1326,0.14551
baseline_qknorm,486,0.9554,3.1222,0.13672
baseline_qknorm,487,0.95736,3.1046,0.14355
baseline_qknorm,488,0.95933,3.1525,0.17188
baseline_qknorm,489,0.9613,3.113,0.16211
baseline_qknorm,490,0.96326,3.0803,0.14941
baseline_qknorm,491,0.96523,3.0885,0.1543
baseline_qknorm,492,0.96719,3.1023,0.15723
baseline_qknorm,493,0.96916,3.1234,0.13672
baseline_qknorm,494,0.97112,3.1104,0.14746
baseline_qknorm,495,0.97309,3.0738,0.14453
baseline_qknorm,496,0.97506,3.0907,0.12988
baseline_qknorm,497,0.97702,3.093,0.12402
baseline_qknorm,498,0.97899,3.1214,0.12988
baseline_qknorm,499,0.98095,3.1077,0.13086
baseline_qknorm,500,0.98292,3.0859,0.13184
baseline_qknorm,501,0.98489,3.0959,0.12598
baseline_qknorm,502,0.98685,3.1145,0.11719
baseline_qknorm,503,0.98882,3.1012,0.1167
baseline_qknorm,504,0.99078,3.0894,0.13281
baseline_qknorm,505,0.99275,3.1336,0.14062
baseline_qknorm,506,0.99472,3.1123,0.1416
baseline_qknorm,507,0.99668,3.095,0.16602
baseline_qknorm,508,0.99865,3.1023,0.1709
baseline_qknorm,509,1.0006,3.0934,0.16113
baseline_qknorm,510,1.0026,3.1312,0.14844
baseline_qknorm,511,1.0045,3.1077,0.13574
baseline_qknorm,512,1.0065,3.0744,0.12256
baseline_qknorm,513,1.0085,3.0959,0.12793
baseline_qknorm,514,1.0104,3.0658,0.1377
baseline_qknorm,515,1.0124,3.0798,0.14062
baseline_qknorm,516,1.0144,3.0768,0.14746
baseline_qknorm,517,1.0163,3.0605,0.14746
baseline_qknorm,518,1.0183,3.0979,0.13477
baseline_qknorm,519,1.0203,3.1375,0.12891
baseline_qknorm,520,1.0222,3.0629,0.13281
baseline_qknorm,521,1.0242,3.0887,0.13867
baseline_qknorm,522,1.0262,3.0733,0.15137
baseline_qknorm,523,1.0281,3.1002,0.14453
baseline_qknorm,524,1.0301,3.0796,0.13965
baseline_qknorm,525,1.0321,3.1366,0.12598
baseline_qknorm,526,1.034,3.075,0.12109
baseline_qknorm,527,1.036,3.0618,0.13184
baseline_qknorm,528,1.038,3.0924,0.15332
baseline_qknorm,529,1.0399,3.0924,0.14941
baseline_qknorm,530,1.0419,3.0468,0.13574
baseline_qknorm,531,1.0439,3.0656,0.12158
baseline_qknorm,532,1.0458,3.0467,0.1167
baseline_qknorm,533,1.0478,3.0509,0.11865
baseline_qknorm,534,1.0498,3.0724,0.125
baseline_qknorm,535,1.0517,3.0789,0.12695
baseline_qknorm,536,1.0537,3.081,0.12988
baseline_qknorm,537,1.0557,3.0791,0.12891
baseline_qknorm,538,1.0576,3.097,0.13086
baseline_qknorm,539,1.0596,3.0698,0.12598
baseline_qknorm,540,1.0616,3.0641,0.13379
baseline_qknorm,541,1.0635,3.0834,0.1377
baseline_qknorm,542,1.0655,3.0498,0.12695
baseline_qknorm,543,1.0675,3.0756,0.125
baseline_qknorm,544,1.0694,3.0552,0.12695
baseline_qknorm,545,1.0714,3.0742,0.12891
baseline_qknorm,546,1.0733,3.0417,0.11865
baseline_qknorm,547,1.0753,3.059,0.097656
baseline_qknorm,548,1.0773,3.0663,0.098633
baseline_qknorm,549,1.0792,3.0386,0.11133
baseline_qknorm,550,1.0812,3.0878,0.12598
baseline_qknorm,551,1.0832,3.0434,0.13184
baseline_qknorm,552,1.0851,3.0528,0.13672
baseline_qknorm,553,1.0871,3.0844,0.13281
baseline_qknorm,554,1.0891,3.0616,0.12695
baseline_qknorm,555,1.091,3.0202,0.13184
baseline_qknorm,556,1.093,3.0698,0.14648
baseline_qknorm,557,1.095,3.0631,0.15332
baseline_qknorm,558,1.0969,3.0397,0.13574
baseline_qknorm,559,1.0989,3.0637,0.11719
baseline_qknorm,560,1.1009,3.0556,0.10938
baseline_qknorm,561,1.1028,3.0627,0.12012
baseline_qknorm,562,1.1048,3.027,0.14355
baseline_qknorm,563,1.1068,3.043,0.16211
baseline_qknorm,564,1.1087,3.063,0.15527
baseline_qknorm,565,1.1107,3.0344,0.13477
baseline_qknorm,566,1.1127,3.0385,0.12256
baseline_qknorm,567,1.1146,3.0897,0.17676
baseline_qknorm,568,1.1166,3.0433,0.10986
baseline_qknorm,569,1.1186,3.0684,0.1123
baseline_qknorm,570,1.1205,3.0499,0.11816
baseline_qknorm,571,1.1225,3.0378,0.11328
baseline_qknorm,572,1.1245,2.9954,0.11035
baseline_qknorm,573,1.1264,3.0665,0.11719
baseline_qknorm,574,1.1284,3.0396,0.11865
baseline_qknorm,575,1.1304,3.0199,0.12402
baseline_qknorm,576,1.1323,3.0407,0.11816
baseline_qknorm,577,1.1343,3.0073,0.12305
baseline_qknorm,578,1.1363,3.0435,0.13379
baseline_qknorm,579,1.1382,3.0097,0.14844
baseline_qknorm,580,1.1402,2.9983,0.14648
baseline_qknorm,581,1.1422,3.0365,0.12891
baseline_qknorm,582,1.1441,3.0407,0.12988
baseline_qknorm,583,1.1461,3.005,0.12207
baseline_qknorm,584,1.1481,3.0212,0.11768
baseline_qknorm,585,1.15,2.9845,0.12012
baseline_qknorm,586,1.152,3.0415,0.11816
baseline_qknorm,587,1.1539,3.005,0.11914
baseline_qknorm,588,1.1559,3.0105,0.11816
baseline_qknorm,589,1.1579,3.036,0.12598
baseline_qknorm,590,1.1598,3.0423,0.12793
baseline_qknorm,591,1.1618,3.0628,0.13281
baseline_qknorm,592,1.1638,3.0381,0.13086
baseline_qknorm,593,1.1657,2.9954,0.12158
baseline_qknorm,594,1.1677,3.0667,0.11426
baseline_qknorm,595,1.1697,3.008,0.11035
baseline_qknorm,596,1.1716,3.0198,0.10303
baseline_qknorm,597,1.1736,2.9994,0.10889
baseline_qknorm,598,1.1756,3.0298,0.11621
baseline_qknorm,599,1.1775,3.052,0.30664
baseline_qknorm,600,1.1795,3.0087,0.10986
baseline_qknorm,601,1.1815,3.0419,0.10645
baseline_qknorm,602,1.1834,3.035,0.10889
baseline_qknorm,603,1.1854,3.0118,0.11084
baseline_qknorm,604,1.1874,2.9996,0.12598
baseline_qknorm,605,1.1893,3.06,0.11523
baseline_qknorm,606,1.1913,3.0322,0.11523
baseline_qknorm,607,1.1933,3.0491,0.11279
baseline_qknorm,608,1.1952,3.0694,0.11621
baseline_qknorm,609,1.1972,3.072,0.13379
baseline_qknorm,610,1.1992,2.9844,0.1582
baseline_qknorm,611,1.2011,3.0237,0.15137
baseline_qknorm,612,1.2031,3.024,0.13184
baseline_qknorm,613,1.2051,3.0081,0.12207
baseline_qknorm,614,1.207,3.0457,0.17285
baseline_qknorm,615,1.209,2.9944,0.096191
baseline_qknorm,616,1.211,2.9984,0.097168
baseline_qknorm,617,1.2129,3.0193,0.10498
baseline_qknorm,618,1.2149,2.9899,0.10059
baseline_qknorm,619,1.2169,2.9739,0.10791
baseline_qknorm,620,1.2188,3.0011,0.11475
baseline_qknorm,621,1.2208,2.986,0.14062
baseline_qknorm,622,1.2228,3.0027,0.13086
baseline_qknorm,623,1.2247,3.0434,0.12451
baseline_qknorm,624,1.2267,3.0177,0.1084
baseline_qknorm,625,1.2287,3.0268,0.1001
baseline_qknorm,626,1.2306,2.9815,0.10205
baseline_qknorm,627,1.2326,2.9924,0.11133
baseline_qknorm,628,1.2345,2.9927,0.12207
baseline_qknorm,629,1.2365,3.024,0.12256
baseline_qknorm,630,1.2385,2.9729,0.11963
baseline_qknorm,631,1.2404,2.9721,0.12598
baseline_qknorm,632,1.2424,2.9843,0.13086
baseline_qknorm,633,1.2444,3.0358,0.12451
baseline_qknorm,634,1.2463,2.9978,0.11572
baseline_qknorm,635,1.2483,2.9867,0.1084
baseline_qknorm,636,1.2503,2.9941,0.11426
baseline_qknorm,637,1.2522,2.9561,0.12158
baseline_qknorm,638,1.2542,2.9879,0.12891
baseline_qknorm,639,1.2562,3.0484,0.12695
baseline_qknorm,640,1.2581,2.9833,0.12256
baseline_qknorm,641,1.2601,2.9917,0.11475
baseline_qknorm,642,1.2621,2.987,0.10254
baseline_qknorm,643,1.264,2.9901,0.09668
baseline_qknorm,644,1.266,2.9768,0.095703
baseline_qknorm,645,1.268,2.9938,0.10547
baseline_qknorm,646,1.2699,3.0039,0.11865
baseline_qknorm,647,1.2719,2.989,0.11572
baseline_qknorm,648,1.2739,2.9733,0.11816
baseline_qknorm,649,1.2758,2.9954,0.11035
baseline_qknorm,650,1.2778,3.0133,0.10156
baseline_qknorm,651,1.2798,2.9937,0.095215
baseline_qknorm,652,1.2817,2.9573,0.10547
baseline_qknorm,653,1.2837,2.9769,0.11182
baseline_qknorm,654,1.2857,2.9705,0.10645
baseline_qknorm,655,1.2876,2.9585,0.11084
baseline_qknorm,656,1.2896,2.953,0.11279
baseline_qknorm,657,1.2916,3.0075,0.104
baseline_qknorm,658,1.2935,2.9795,0.091797
baseline_qknorm,659,1.2955,2.9758,0.092285
baseline_qknorm,660,1.2975,2.9991,0.094238
baseline_qknorm,661,1.2994,2.9783,0.10547
baseline_qknorm,662,1.3014,2.965,0.10107
baseline_qknorm,663,1.3034,2.9946,0.10352
baseline_qknorm,664,1.3053,2.9597,0.11572
baseline_qknorm,665,1.3073,2.9777,0.11963
baseline_qknorm,666,1.3092,2.9479,0.11719
baseline_qknorm,667,1.3112,2.9697,0.11279
baseline_qknorm,668,1.3132,2.9849,0.10938
baseline_qknorm,669,1.3151,2.9822,0.10791
baseline_qknorm,670,1.3171,2.9674,0.10742
baseline_qknorm,671,1.3191,2.9449,0.10107
baseline_qknorm,672,1.321,2.9557,0.10742
baseline_qknorm,673,1.323,2.9501,0.12012
baseline_qknorm,674,1.325,2.9806,0.12109
baseline_qknorm,675,1.3269,2.9775,0.10986
baseline_qknorm,676,1.3289,2.9656,0.10352
baseline_qknorm,677,1.3309,2.9722,0.086914
baseline_qknorm,678,1.3328,2.9923,0.087402
baseline_qknorm,679,1.3348,2.9747,0.10254
baseline_qknorm,680,1.3368,2.9735,0.11865
baseline_qknorm,681,1.3387,2.9697,0.12158
baseline_qknorm,682,1.3407,2.935,0.12109
baseline_qknorm,683,1.3427,3.0347,0.12109
baseline_qknorm,684,1.3446,2.9916,0.11377
baseline_qknorm,685,1.3466,2.9525,0.097168
baseline_qknorm,686,1.3486,2.9537,0.098633
baseline_qknorm,687,1.3505,2.9789,0.099121
baseline_qknorm,688,1.3525,2.9706,0.1001
baseline_qknorm,689,1.3545,2.951,0.091797
baseline_qknorm,690,1.3564,2.9423,0.09082
baseline_qknorm,691,1.3584,2.9291,0.092773
baseline_qknorm,692,1.3604,2.9755,0.098633
baseline_qknorm,693,1.3623,2.9511,0.095215
baseline_qknorm,694,1.3643,2.9492,0.10107
baseline_qknorm,695,1.3663,2.9463,0.10693
baseline_qknorm,696,1.3682,2.9529,0.11182
baseline_qknorm,697,1.3702,2.9273,0.10889
baseline_qknorm,698,1.3722,2.9215,0.097656
baseline_qknorm,699,1.3741,2.9404,0.099609
baseline_qknorm,700,1.3761,2.9297,0.097656
baseline_qknorm,701,1.3781,2.9661,0.104
baseline_qknorm,702,1.38,2.9431,0.1084
baseline_qknorm,703,1.382,2.9476,0.10938
baseline_qknorm,704,1.384,2.9847,0.10156
baseline_qknorm,705,1.3859,2.9613,0.091309
baseline_qknorm,706,1.3879,2.9458,0.091309
baseline_qknorm,707,1.3898,2.9635,0.10254
baseline_qknorm,708,1.3918,2.9405,0.11719
baseline_qknorm,709,1.3938,2.9477,0.12305
baseline_qknorm,710,1.3957,2.9618,0.11963
baseline_qknorm,711,1.3977,2.931,0.11035
baseline_qknorm,712,1.3997,2.9612,0.11328
baseline_qknorm,713,1.4016,2.9745,0.125
baseline_qknorm,714,1.4036,2.9297,0.12695
baseline_qknorm,715,1.4056,2.9545,0.11572
baseline_qknorm,716,1.4075,2.966,0.10938
baseline_qknorm,717,1.4095,2.9367,0.098633
baseline_qknorm,718,1.4115,2.9519,0.10986
baseline_qknorm,719,1.4134,2.9711,0.11377
baseline_qknorm,720,1.4154,2.9239,0.10156
baseline_qknorm,721,1.4174,2.9796,0.09668
baseline_qknorm,722,1.4193,2.9149,0.097656
baseline_qknorm,723,1.4213,2.935,0.096191
baseline_qknorm,724,1.4233,2.9485,0.10742
baseline_qknorm,725,1.4252,2.9323,0.11523
baseline_qknorm,726,1.4272,2.9516,0.11475
baseline_qknorm,727,1.4292,2.9601,0.10156
baseline_qknorm,728,1.4311,2.9378,0.104
baseline_qknorm,729,1.4331,2.9201,0.1001
baseline_qknorm,730,1.4351,2.9793,0.10254
baseline_qknorm,731,1.437,2.9293,0.10107
baseline_qknorm,732,1.439,2.9406,0.098633
baseline_qknorm,733,1.441,2.9479,0.094238
baseline_qknorm,734,1.4429,2.9384,0.094238
baseline_qknorm,735,1.4449,2.9315,0.096191
baseline_qknorm,736,1.4469,2.9716,0.10938
baseline_qknorm,737,1.4488,2.9361,0.11816
baseline_qknorm,738,1.4508,2.9693,0.10889
baseline_qknorm,739,1.4528,2.9334,0.10742
baseline_qknorm,740,1.4547,2.9417,0.10547
baseline_qknorm,741,1.4567,2.9245,0.10645
baseline_qknorm,742,1.4587,2.9606,0.11182
baseline_qknorm,743,1.4606,2.919,0.11182
baseline_qknorm,744,1.4626,2.948,0.11426
baseline_qknorm,745,1.4646,2.919,0.12158
baseline_qknorm,746,1.4665,2.9194,0.10254
baseline_qknorm,747,1.4685,2.9551,0.09668
baseline_qknorm,748,1.4704,2.9019,0.09375
baseline_qknorm,749,1.4724,2.9054,0.09375
baseline_qknorm,750,1.4744,2.926,0.085938
baseline_qknorm,751,1.4763,2.9586,0.084961
baseline_qknorm,752,1.4783,2.8965,0.086914
baseline_qknorm,753,1.4803,2.8723,0.095703
baseline_qknorm,754,1.4822,2.9532,0.099609
baseline_qknorm,755,1.4842,2.9293,0.10596
baseline_qknorm,756,1.4862,2.9346,0.099609
baseline_qknorm,757,1.4881,2.9447,0.10645
baseline_qknorm,758,1.4901,2.9421,0.094727
baseline_qknorm,759,1.4921,2.8832,0.09668
baseline_qknorm,760,1.494,2.9244,0.095215
baseline_qknorm,761,1.496,2.9305,0.088867
baseline_qknorm,762,1.498,3.0035,0.087891
baseline_qknorm,763,1.4999,2.9229,0.085938
baseline_qknorm,764,1.5019,2.9415,0.10059
baseline_qknorm,765,1.5039,2.9735,0.10645
baseline_qknorm,766,1.5058,2.9676,0.10596
baseline_qknorm,767,1.5078,2.9349,0.10693
baseline_qknorm,768,1.5098,2.9003,0.10254
baseline_qknorm,769,1.5117,2.8927,0.10059
baseline_qknorm,770,1.5137,2.9267,0.10449
baseline_qknorm,771,1.5157,2.908,0.10352
baseline_qknorm,772,1.5176,2.9403,0.098633
baseline_qknorm,773,1.5196,2.9419,0.10693
baseline_qknorm,774,1.5216,2.9158,0.104
baseline_qknorm,775,1.5235,2.8962,0.1001
baseline_qknorm,776,1.5255,2.885,0.096191
baseline_qknorm,777,1.5275,2.9181,0.09668
baseline_qknorm,778,1.5294,2.9089,0.093262
baseline_qknorm,779,1.5314,2.8724,0.098633
baseline_qknorm,780,1.5334,2.9032,0.10547
baseline_qknorm,781,1.5353,2.9458,0.1123
baseline_qknorm,782,1.5373,2.9267,0.10889
baseline_qknorm,783,1.5393,2.9334,0.10107
baseline_qknorm,784,1.5412,2.9025,0.10303
baseline_qknorm,785,1.5432,2.9284,0.10547
baseline_qknorm,786,1.5452,2.8941,0.10059
baseline_qknorm,787,1.5471,2.9276,0.097168
baseline_qknorm,788,1.5491,2.8859,0.098145
baseline_qknorm,789,1.551,2.8917,0.09375
baseline_qknorm,790,1.553,2.9208,0.090332
baseline_qknorm,791,1.555,2.9006,0.091309
baseline_qknorm,792,1.5569,2.953,0.092773
baseline_qknorm,793,1.5589,2.8656,0.09668
baseline_qknorm,794,1.5609,2.9023,0.096191
baseline_qknorm,795,1.5628,2.9148,0.10059
baseline_qknorm,796,1.5648,2.8871,0.11035
baseline_qknorm,797,1.5668,2.9337,0.10498
baseline_qknorm,798,1.5687,2.8976,0.1001
baseline_qknorm,799,1.5707,2.9192,0.097656
baseline_qknorm,800,1.5727,2.9192,0.098145
baseline_qknorm,801,1.5746,2.9272,0.096191
baseline_qknorm,802,1.5766,2.8756,0.093262
baseline_qknorm,803,1.5786,2.8748,0.089844
baseline_qknorm,804,1.5805,2.8879,0.097168
baseline_qknorm,805,1.5825,2.8858,0.097656
baseline_qknorm,806,1.5845,2.9275,0.095215
baseline_qknorm,807,1.5864,2.8916,0.099609
baseline_qknorm,808,1.5884,2.96,0.096191
baseline_qknorm,809,1.5904,2.878,0.09375
baseline_qknorm,810,1.5923,2.9218,0.096191
baseline_qknorm,811,1.5943,2.9532,0.096191
baseline_qknorm,812,1.5963,2.9041,0.088867
baseline_qknorm,813,1.5982,2.9009,0.088379
baseline_qknorm,814,1.6002,2.8848,0.098633
baseline_qknorm,815,1.6022,2.8627,0.094238
baseline_qknorm,816,1.6041,2.9044,0.089355
baseline_qknorm,817,1.6061,2.8848,0.09082
baseline_qknorm,818,1.6081,2.9196,0.091309
baseline_qknorm,819,1.61,2.895,0.089844
baseline_qknorm,820,1.612,2.901,0.085449
baseline_qknorm,821,1.614,2.9279,0.092285
baseline_qknorm,822,1.6159,2.8743,0.090332
baseline_qknorm,823,1.6179,2.9349,0.09375
baseline_qknorm,824,1.6199,2.8812,0.10107
baseline_qknorm,825,1.6218,2.8837,0.088379
baseline_qknorm,826,1.6238,2.9066,0.088379
baseline_qknorm,827,1.6257,2.8704,0.085449
baseline_qknorm,828,1.6277,2.9009,0.091309
baseline_qknorm,829,1.6297,2.8908,0.089355
baseline_qknorm,830,1.6316,2.898,0.094727
baseline_qknorm,831,1.6336,2.8764,0.099609
baseline_qknorm,832,1.6356,2.8984,0.10938
baseline_qknorm,833,1.6375,2.899,0.10693
baseline_qknorm,834,1.6395,2.8813,0.10107
baseline_qknorm,835,1.6415,2.9112,0.10107
baseline_qknorm,836,1.6434,2.9061,0.10889
baseline_qknorm,837,1.6454,2.926,0.099121
baseline_qknorm,838,1.6474,2.8895,0.090332
baseline_qknorm,839,1.6493,2.8746,0.097168
baseline_qknorm,840,1.6513,2.8777,0.09082
baseline_qknorm,841,1.6533,2.8829,0.092773
baseline_qknorm,842,1.6552,2.8924,0.10156
baseline_qknorm,843,1.6572,2.879,0.11084
baseline_qknorm,844,1.6592,2.8894,0.11035
baseline_qknorm,845,1.6611,2.8765,0.10498
baseline_qknorm,846,1.6631,2.8884,0.10303
baseline_qknorm,847,1.6651,2.8814,0.10693
baseline_qknorm,848,1.667,2.906,0.099121
baseline_qknorm,849,1.669,2.8877,0.10107
baseline_qknorm,850,1.671,2.9192,0.09668
baseline_qknorm,851,1.6729,2.866,0.09668
baseline_qknorm,852,1.6749,2.8706,0.090332
baseline_qknorm,853,1.6769,2.8328,0.089355
baseline_qknorm,854,1.6788,2.8643,0.084961
baseline_qknorm,855,1.6808,2.8607,0.081055
baseline_qknorm,856,1.6828,2.8878,0.086914
baseline_qknorm,857,1.6847,2.8813,0.085449
baseline_qknorm,858,1.6867,2.8715,0.088867
baseline_qknorm,859,1.6887,2.9431,0.09082
baseline_qknorm,860,1.6906,2.8614,0.085938
baseline_qknorm,861,1.6926,2.8652,0.089844
baseline_qknorm,862,1.6946,2.8933,0.10645
baseline_qknorm,863,1.6965,2.8977,0.10156
baseline_qknorm,864,1.6985,2.8949,0.099121
baseline_qknorm,865,1.7005,2.8696,0.10791
baseline_qknorm,866,1.7024,2.8731,0.094238
baseline_qknorm,867,1.7044,2.9008,0.09082
baseline_qknorm,868,1.7063,2.8593,0.093262
baseline_qknorm,869,1.7083,2.8795,0.09082
baseline_qknorm,870,1.7103,2.8588,0.085938
baseline_qknorm,871,1.7122,2.8814,0.084473
baseline_qknorm,872,1.7142,2.8876,0.087402
baseline_qknorm,873,1.7162,2.8963,0.087891
baseline_qknorm,874,1.7181,2.9146,0.095215
baseline_qknorm,875,1.7201,2.8953,0.089355
baseline_qknorm,876,1.7221,2.8815,0.093262
baseline_qknorm,877,1.724,2.8902,0.091309
baseline_qknorm,878,1.726,2.8866,0.084473
baseline_qknorm,879,1.728,2.8973,0.088867
baseline_qknorm,880,1.7299,2.8724,0.089844
baseline_qknorm,881,1.7319,2.8482,0.092285
baseline_qknorm,882,1.7339,2.8892,0.099609
baseline_qknorm,883,1.7358,2.8717,0.10352
baseline_qknorm,884,1.7378,2.891,0.1001
baseline_qknorm,885,1.7398,2.8578,0.098633
baseline_qknorm,886,1.7417,2.9085,0.089355
baseline_qknorm,887,1.7437,2.8695,0.083496
baseline_qknorm,888,1.7457,2.8726,0.081055
baseline_qknorm,889,1.7476,2.863,0.093262
baseline_qknorm,890,1.7496,2.885,0.096191
baseline_qknorm,891,1.7516,2.8626,0.096191
baseline_qknorm,892,1.7535,2.8595,0.095215
baseline_qknorm,893,1.7555,2.8677,0.092773
baseline_qknorm,894,1.7575,2.8635,0.09082
baseline_qknorm,895,1.7594,2.8389,0.1001
baseline_qknorm,896,1.7614,2.8841,0.09082
baseline_qknorm,897,1.7634,2.8614,0.09668
baseline_qknorm,898,1.7653,2.8714,0.078125
baseline_qknorm,899,1.7673,2.855,0.081055
baseline_qknorm,900,1.7693,2.87,0.086426
baseline_qknorm,901,1.7712,2.8479,0.088867
baseline_qknorm,902,1.7732,2.8875,0.082031
baseline_qknorm,903,1.7752,2.871,0.075684
baseline_qknorm,904,1.7771,2.8487,0.077148
baseline_qknorm,905,1.7791,2.8253,0.079102
baseline_qknorm,906,1.7811,2.8383,0.086914
baseline_qknorm,907,1.783,2.8881,0.092773
baseline_qknorm,908,1.785,2.8567,0.13477
baseline_qknorm,909,1.7869,2.8626,0.089355
baseline_qknorm,910,1.7889,2.8705,0.095215
baseline_qknorm,911,1.7909,2.8658,0.099609
baseline_qknorm,912,1.7928,2.8308,0.095703
baseline_qknorm,913,1.7948,2.8979,0.083496
baseline_qknorm,914,1.7968,2.8496,0.084961
baseline_qknorm,915,1.7987,2.8771,0.080078
baseline_qknorm,916,1.8007,2.8642,0.084961
baseline_qknorm,917,1.8027,2.8769,0.094238
baseline_qknorm,918,1.8046,2.8499,0.099609
baseline_qknorm,919,1.8066,2.8273,0.092285
baseline_qknorm,920,1.8086,2.8541,0.088379
baseline_qknorm,921,1.8105,2.8686,0.087891
baseline_qknorm,922,1.8125,2.8509,0.082031
baseline_qknorm,923,1.8145,2.8599,0.084473
baseline_qknorm,924,1.8164,2.8564,0.090332
baseline_qknorm,925,1.8184,2.8473,0.08252
baseline_qknorm,926,1.8204,2.8855,0.082031
baseline_qknorm,927,1.8223,2.8946,0.082031
baseline_qknorm,928,1.8243,2.8711,0.081543
baseline_qknorm,929,1.8263,2.8398,0.080566
baseline_qknorm,930,1.8282,2.8793,0.086914
baseline_qknorm,931,1.8302,2.8884,0.088379
baseline_qknorm,932,1.8322,2.8964,0.080078
baseline_qknorm,933,1.8341,2.8833,0.076172
baseline_qknorm,934,1.8361,2.8775,0.078613
baseline_qknorm,935,1.8381,2.8427,0.08252
baseline_qknorm,936,1.84,2.8649,0.097656
baseline_qknorm,937,1.842,2.8409,0.099121
baseline_qknorm,938,1.844,2.8601,0.089844
baseline_qknorm,939,1.8459,2.8637,0.084961
baseline_qknorm,940,1.8479,2.8759,0.089355
baseline_qknorm,941,1.8499,2.8419,0.084473
baseline_qknorm,942,1.8518,2.8351,0.086914
baseline_qknorm,943,1.8538,2.9174,0.081543
baseline_qknorm,944,1.8558,2.8183,0.078125
baseline_qknorm,945,1.8577,2.8574,0.076172
baseline_qknorm,946,1.8597,2.8887,0.077637
baseline_qknorm,947,1.8617,2.8415,0.077637
baseline_qknorm,948,1.8636,2.8358,0.084961
baseline_qknorm,949,1.8656,2.8465,0.094238
baseline_qknorm,950,1.8675,2.9011,0.095215
baseline_qknorm,951,1.8695,2.8426,0.083008
baseline_qknorm,952,1.8715,2.8359,0.087402
baseline_qknorm,953,1.8734,2.8456,0.087891
baseline_qknorm,954,1.8754,2.8677,0.094238
baseline_qknorm,955,1.8774,2.8463,0.094727
baseline_qknorm,956,1.8793,2.8289,0.078613
baseline_qknorm,957,1.8813,2.8348,0.081543
baseline_qknorm,958,1.8833,2.871,0.099121
baseline_qknorm,959,1.8852,2.8355,0.098145
baseline_qknorm,960,1.8872,2.8729,0.093262
baseline_qknorm,961,1.8892,2.8277,0.092285
baseline_qknorm,962,1.8911,2.8425,0.090332
baseline_qknorm,963,1.8931,2.8396,0.094727
baseline_qknorm,964,1.8951,2.837,0.089844
baseline_qknorm,965,1.897,2.8312,0.086426
baseline_qknorm,966,1.899,2.9182,0.097168
baseline_qknorm,967,1.901,2.8373,0.094238
baseline_qknorm,968,1.9029,2.8423,0.09082
baseline_qknorm,969,1.9049,2.827,0.098145
baseline_qknorm,970,1.9069,2.8459,0.084961
baseline_qknorm,971,1.9088,2.8193,0.072266
baseline_qknorm,972,1.9108,2.8404,0.07373
baseline_qknorm,973,1.9128,2.8577,0.072754
baseline_qknorm,974,1.9147,2.8343,0.077148
baseline_qknorm,975,1.9167,2.753,0.081055
baseline_qknorm,976,1.9187,2.8478,0.075684
baseline_qknorm,977,1.9206,2.81,0.071777
baseline_qknorm,978,1.9226,2.8085,0.072754
baseline_qknorm,979,1.9246,2.8387,0.077148
baseline_qknorm,980,1.9265,2.8422,0.081543
baseline_qknorm,981,1.9285,2.8452,0.081543
baseline_qknorm,982,1.9305,2.8439,0.077637
baseline_qknorm,983,1.9324,2.8275,0.088379
baseline_qknorm,984,1.9344,2.847,0.093262
baseline_qknorm,985,1.9364,2.8406,0.09375
baseline_qknorm,986,1.9383,2.8516,0.091797
baseline_qknorm,987,1.9403,2.8715,0.094238
baseline_qknorm,988,1.9422,2.84,0.087402
baseline_qknorm,989,1.9442,2.8285,0.084961
baseline_qknorm,990,1.9462,2.8322,0.086914
baseline_qknorm,991,1.9481,2.8095,0.087402
baseline_qknorm,992,1.9501,2.8306,0.091309
baseline_qknorm,993,1.9521,2.8325,0.087402
baseline_qknorm,994,1.954,2.8527,0.090332
baseline_qknorm,995,1.956,2.8661,0.089355
baseline_qknorm,996,1.958,2.7927,0.089355
baseline_qknorm,997,1.9599,2.8783,0.087891
baseline_qknorm,998,1.9619,2.8628,0.084473
baseline_qknorm,999,1.9639,2.816,0.083496
baseline_qknorm,1000,1.9658,2.8116,0.086426
baseline_qknorm,1001,1.9678,2.8684,0.091309
baseline_qknorm,1002,1.9698,2.8363,0.078613
baseline_qknorm,1003,1.9717,2.8442,0.082031
baseline_qknorm,1004,1.9737,2.8054,0.083984
baseline_qknorm,1005,1.9757,2.8408,0.092285
baseline_qknorm,1006,1.9776,2.8112,0.084473
baseline_qknorm,1007,1.9796,2.8449,0.085449
baseline_qknorm,1008,1.9816,2.8481,0.084473
baseline_qknorm,1009,1.9835,2.8295,0.083984
baseline_qknorm,1010,1.9855,2.8251,0.083008
baseline_qknorm,1011,1.9875,2.7965,0.077148
baseline_qknorm,1012,1.9894,2.8426,0.079102
baseline_qknorm,1013,1.9914,2.8439,0.075195
baseline_qknorm,1014,1.9934,2.8121,0.077148
baseline_qknorm,1015,1.9953,2.8246,0.077637
baseline_qknorm,1016,1.9973,2.8362,0.078613
baseline_qknorm,1017,1.9993,2.8149,0.078125
baseline_qknorm,1018,2.0012,2.8047,0.081543
baseline_qknorm,1019,2.0032,2.7964,0.080566
baseline_qknorm,1020,2.0052,2.8515,0.081543
baseline_qknorm,1021,2.0071,2.8769,0.083984
baseline_qknorm,1022,2.0091,2.8377,0.083496
baseline_qknorm,1023,2.0111,2.8476,0.086914
baseline_qknorm,1024,2.013,2.8099,0.084961
baseline_qknorm,1025,2.015,2.8146,0.083984
baseline_qknorm,1026,2.017,2.8397,0.08252
baseline_qknorm,1027,2.0189,2.8558,0.075684
baseline_qknorm,1028,2.0209,2.8449,0.077148
baseline_qknorm,1029,2.0228,2.8129,0.077637
baseline_qknorm,1030,2.0248,2.8032,0.081055
baseline_qknorm,1031,2.0268,2.8316,0.082031
baseline_qknorm,1032,2.0287,2.8264,0.084961
baseline_qknorm,1033,2.0307,2.7809,0.080078
baseline_qknorm,1034,2.0327,2.8103,0.077637
baseline_qknorm,1035,2.0346,2.8135,0.07959
baseline_qknorm,1036,2.0366,2.8174,0.081543
baseline_qknorm,1037,2.0386,2.805,0.080078
baseline_qknorm,1038,2.0405,2.7932,0.074219
baseline_qknorm,1039,2.0425,2.8172,0.073242
baseline_qknorm,1040,2.0445,2.8065,0.078125
baseline_qknorm,1041,2.0464,2.788,0.074219
baseline_qknorm,1042,2.0484,2.8173,0.080078
baseline_qknorm,1043,2.0504,2.8026,0.078613
baseline_qknorm,1044,2.0523,2.8384,0.07959
baseline_qknorm,1045,2.0543,2.8371,0.087891
baseline_qknorm,1046,2.0563,2.8345,0.092285
baseline_qknorm,1047,2.0582,2.8207,0.094727
baseline_qknorm,1048,2.0602,2.8195,0.10059
baseline_qknorm,1049,2.0622,2.8312,0.095703
baseline_qknorm,1050,2.0641,2.7944,0.086426
baseline_qknorm,1051,2.0661,2.8092,0.084473
baseline_qknorm,1052,2.0681,2.7912,0.082031
baseline_qknorm,1053,2.07,2.7909,0.078613
baseline_qknorm,1054,2.072,2.8225,0.082031
baseline_qknorm,1055,2.074,2.8249,0.088867
baseline_qknorm,1056,2.0759,2.825,0.087891
baseline_qknorm,1057,2.0779,2.818,0.08252
baseline_qknorm,1058,2.0799,2.8361,0.082031
baseline_qknorm,1059,2.0818,2.8009,0.077637
baseline_qknorm,1060,2.0838,2.7602,0.074707
baseline_qknorm,1061,2.0858,2.8257,0.076172
baseline_qknorm,1062,2.0877,2.835,0.081543
baseline_qknorm,1063,2.0897,2.8123,0.083984
baseline_qknorm,1064,2.0917,2.8103,0.084473
baseline_qknorm,1065,2.0936,2.8088,0.087402
baseline_qknorm,1066,2.0956,2.8042,0.089355
baseline_qknorm,1067,2.0976,2.8247,0.089355
baseline_qknorm,1068,2.0995,2.8634,0.081543
baseline_qknorm,1069,2.1015,2.7805,0.080566
baseline_qknorm,1070,2.1034,2.8123,0.086914
baseline_qknorm,1071,2.1054,2.8164,0.08252
baseline_qknorm,1072,2.1074,2.8104,0.080078
baseline_qknorm,1073,2.1093,2.8236,0.084961
baseline_qknorm,1074,2.1113,2.7824,0.078125
baseline_qknorm,1075,2.1133,2.7737,0.077637
baseline_qknorm,1076,2.1152,2.8492,0.082031
baseline_qknorm,1077,2.1172,2.8101,0.084473
baseline_qknorm,1078,2.1192,2.8017,0.077637
baseline_qknorm,1079,2.1211,2.8152,0.080566
baseline_qknorm,1080,2.1231,2.7904,0.085449
baseline_qknorm,1081,2.1251,2.7843,0.085449
baseline_qknorm,1082,2.127,2.8275,0.087402
baseline_qknorm,1083,2.129,2.8532,0.085449
baseline_qknorm,1084,2.131,2.8167,0.086426
baseline_qknorm,1085,2.1329,2.7762,0.087402
baseline_qknorm,1086,2.1349,2.8356,0.08252
baseline_qknorm,1087,2.1369,2.7796,0.076172
baseline_qknorm,1088,2.1388,2.8056,0.07666
baseline_qknorm,1089,2.1408,2.8133,0.074219
baseline_qknorm,1090,2.1428,2.7515,0.071289
baseline_qknorm,1091,2.1447,2.813,0.074707
baseline_qknorm,1092,2.1467,2.7948,0.075684
baseline_qknorm,1093,2.1487,2.8586,0.08252
baseline_qknorm,1094,2.1506,2.7951,0.078613
baseline_qknorm,1095,2.1526,2.8112,0.078125
baseline_qknorm,1096,2.1546,2.8101,0.072266
baseline_qknorm,1097,2.1565,2.8119,0.084473
baseline_qknorm,1098,2.1585,2.8224,0.081543
baseline_qknorm,1099,2.1605,2.7822,0.078613
baseline_qknorm,1100,2.1624,2.8131,0.072754
baseline_qknorm,1101,2.1644,2.7918,0.072754
baseline_qknorm,1102,2.1664,2.7967,0.075195
baseline_qknorm,1103,2.1683,2.8118,0.083984
baseline_qknorm,1104,2.1703,2.8167,0.081055
baseline_qknorm,1105,2.1723,2.7674,0.086914
baseline_qknorm,1106,2.1742,2.8105,0.083496
baseline_qknorm,1107,2.1762,2.8202,0.07959
baseline_qknorm,1108,2.1782,2.808,0.077148
baseline_qknorm,1109,2.1801,2.7983,0.075195
baseline_qknorm,1110,2.1821,2.8207,0.077637
baseline_qknorm,1111,2.184,2.7758,0.080078
baseline_qknorm,1112,2.186,2.8272,0.085938
baseline_qknorm,1113,2.188,2.8103,0.081055
baseline_qknorm,1114,2.1899,2.8071,0.077637
baseline_qknorm,1115,2.1919,2.7803,0.073242
baseline_qknorm,1116,2.1939,2.7821,0.075195
baseline_qknorm,1117,2.1958,2.786,0.072266
baseline_qknorm,1118,2.1978,2.798,0.070312
baseline_qknorm,1119,2.1998,2.7687,0.071289
baseline_qknorm,1120,2.2017,2.7921,0.074707
baseline_qknorm,1121,2.2037,2.84,0.075684
baseline_qknorm,1122,2.2057,2.8111,0.079102
baseline_qknorm,1123,2.2076,2.7915,0.080566
baseline_qknorm,1124,2.2096,2.8038,0.076172
baseline_qknorm,1125,2.2116,2.8108,0.07373
baseline_qknorm,1126,2.2135,2.7846,0.071289
baseline_qknorm,1127,2.2155,2.7799,0.072266
baseline_qknorm,1128,2.2175,2.8202,0.071777
baseline_qknorm,1129,2.2194,2.795,0.074219
baseline_qknorm,1130,2.2214,2.7761,0.077637
baseline_qknorm,1131,2.2234,2.7772,0.082031
baseline_qknorm,1132,2.2253,2.7892,0.081543
baseline_qknorm,1133,2.2273,2.7857,0.078125
baseline_qknorm,1134,2.2293,2.778,0.079102
baseline_qknorm,1135,2.2312,2.8276,0.075684
baseline_qknorm,1136,2.2332,2.8088,0.071289
baseline_qknorm,1137,2.2352,2.7804,0.067871
baseline_qknorm,1138,2.2371,2.792,0.069824
baseline_qknorm,1139,2.2391,2.8104,0.072754
baseline_qknorm,1140,2.2411,2.8349,0.072754
baseline_qknorm,1141,2.243,2.7813,0.073242
baseline_qknorm,1142,2.245,2.7352,0.078125
baseline_qknorm,1143,2.247,2.7693,0.072754
baseline_qknorm,1144,2.2489,2.8076,0.071777
baseline_qknorm,1145,2.2509,2.7832,0.069824
baseline_qknorm,1146,2.2529,2.8149,0.071289
baseline_qknorm,1147,2.2548,2.8244,0.071289
baseline_qknorm,1148,2.2568,2.7836,0.071777
baseline_qknorm,1149,2.2588,2.7798,0.07373
baseline_qknorm,1150,2.2607,2.7647,0.07666
baseline_qknorm,1151,2.2627,2.756,0.077637
baseline_qknorm,1152,2.2646,2.7693,0.07666
baseline_qknorm,1153,2.2666,2.8041,0.071289
baseline_qknorm,1154,2.2686,2.7671,0.081543
baseline_qknorm,1155,2.2705,2.7861,0.085449
baseline_qknorm,1156,2.2725,2.7663,0.084473
baseline_qknorm,1157,2.2745,2.7542,0.085938
baseline_qknorm,1158,2.2764,2.8001,0.083984
baseline_qknorm,1159,2.2784,2.7701,0.081543
baseline_qknorm,1160,2.2804,2.8272,0.079102
baseline_qknorm,1161,2.2823,2.7794,0.071777
baseline_qknorm,1162,2.2843,2.7824,0.069824
baseline_qknorm,1163,2.2863,2.7687,0.066895
baseline_qknorm,1164,2.2882,2.7833,0.074219
baseline_qknorm,1165,2.2902,2.7915,0.080078
baseline_qknorm,1166,2.2922,2.7788,0.08252
baseline_qknorm,1167,2.2941,2.8032,0.08252
baseline_qknorm,1168,2.2961,2.7968,0.086426
baseline_qknorm,1169,2.2981,2.8083,0.089355
baseline_qknorm,1170,2.3,2.7616,0.077148
baseline_qknorm,1171,2.302,2.7908,0.073242
baseline_qknorm,1172,2.304,2.8244,0.074219
baseline_qknorm,1173,2.3059,2.7997,0.078125
baseline_qknorm,1174,2.3079,2.7826,0.075195
baseline_qknorm,1175,2.3099,2.8359,0.074219
baseline_qknorm,1176,2.3118,2.8138,0.076172
baseline_qknorm,1177,2.3138,2.785,0.075195
baseline_qknorm,1178,2.3158,2.7822,0.075195
baseline_qknorm,1179,2.3177,2.7417,0.07959
baseline_qknorm,1180,2.3197,2.7774,0.07959
baseline_qknorm,1181,2.3217,2.7528,0.075684
baseline_qknorm,1182,2.3236,2.7827,0.077148
baseline_qknorm,1183,2.3256,2.7604,0.071289
baseline_qknorm,1184,2.3276,2.8161,0.068359
baseline_qknorm,1185,2.3295,2.7507,0.065918
baseline_qknorm,1186,2.3315,2.7839,0.069824
baseline_qknorm,1187,2.3335,2.8256,0.068359
baseline_qknorm,1188,2.3354,2.7712,0.067383
baseline_qknorm,1189,2.3374,2.8067,0.071777
baseline_qknorm,1190,2.3393,2.7675,0.075195
baseline_qknorm,1191,2.3413,2.7855,0.077637
baseline_qknorm,1192,2.3433,2.8445,0.077148
baseline_qknorm,1193,2.3452,2.7731,0.078125
baseline_qknorm,1194,2.3472,2.7408,0.071289
baseline_qknorm,1195,2.3492,2.7941,0.070312
baseline_qknorm,1196,2.3511,2.7581,0.074707
baseline_qknorm,1197,2.3531,2.7301,0.076172
baseline_qknorm,1198,2.3551,2.8082,0.088379
baseline_qknorm,1199,2.357,2.7953,0.078613
baseline_qknorm,1200,2.359,2.8011,0.07373
baseline_qknorm,1201,2.361,2.7578,0.074707
baseline_qknorm,1202,2.3629,2.7754,0.069336
baseline_qknorm,1203,2.3649,2.8144,0.070312
baseline_qknorm,1204,2.3669,2.764,0.074219
baseline_qknorm,1205,2.3688,2.7712,0.073242
baseline_qknorm,1206,2.3708,2.8414,0.075684
baseline_qknorm,1207,2.3728,2.7807,0.080078
baseline_qknorm,1208,2.3747,2.7999,0.077637
baseline_qknorm,1209,2.3767,2.7912,0.078125
baseline_qknorm,1210,2.3787,2.7561,0.078613
baseline_qknorm,1211,2.3806,2.7746,0.07373
baseline_qknorm,1212,2.3826,2.7937,0.07373
baseline_qknorm,1213,2.3846,2.7666,0.074219
baseline_qknorm,1214,2.3865,2.8122,0.070801
baseline_qknorm,1215,2.3885,2.7921,0.077148
baseline_qknorm,1216,2.3905,2.7408,0.07959
baseline_qknorm,1217,2.3924,2.773,0.080078
baseline_qknorm,1218,2.3944,2.7782,0.079102
baseline_qknorm,1219,2.3964,2.7514,0.075195
baseline_qknorm,1220,2.3983,2.7888,0.070801
baseline_qknorm,1221,2.4003,2.7705,0.072754
baseline_qknorm,1222,2.4023,2.7907,0.070801
baseline_qknorm,1223,2.4042,2.7993,0.070312
baseline_qknorm,1224,2.4062,2.7583,0.077148
baseline_qknorm,1225,2.4082,2.7503,0.07373
baseline_qknorm,1226,2.4101,2.7936,0.074219
baseline_qknorm,1227,2.4121,2.7501,0.073242
baseline_qknorm,1228,2.4141,2.7619,0.077148
baseline_qknorm,1229,2.416,2.7877,0.078613
baseline_qknorm,1230,2.418,2.7759,0.075684
baseline_qknorm,1231,2.4199,2.8177,0.074707
baseline_qknorm,1232,2.4219,2.7786,0.072266
baseline_qknorm,1233,2.4239,2.8129,0.071289
baseline_qknorm,1234,2.4258,2.751,0.075195
baseline_qknorm,1235,2.4278,2.793,0.075684
baseline_qknorm,1236,2.4298,2.7584,0.077148
baseline_qknorm,1237,2.4317,2.7789,0.068359
baseline_qknorm,1238,2.4337,2.7374,0.069824
baseline_qknorm,1239,2.4357,2.8302,0.076172
baseline_qknorm,1240,2.4376,2.8253,0.098633
baseline_qknorm,1241,2.4396,2.7914,0.067383
baseline_qknorm,1242,2.4416,2.7578,0.069824
baseline_qknorm,1243,2.4435,2.7246,0.071289
baseline_qknorm,1244,2.4455,2.7642,0.069336
baseline_qknorm,1245,2.4475,2.7467,0.071777
baseline_qknorm,1246,2.4494,2.7678,0.077637
baseline_qknorm,1247,2.4514,2.7924,0.080078
baseline_qknorm,1248,2.4534,2.7432,0.081055
baseline_qknorm,1249,2.4553,2.7371,0.078613
baseline_qknorm,1250,2.4573,2.7642,0.077637
baseline_qknorm,1251,2.4593,2.7221,0.080566
baseline_qknorm,1252,2.4612,2.7568,0.081055
baseline_qknorm,1253,2.4632,2.7717,0.07666
baseline_qknorm,1254,2.4652,2.7773,0.077637
baseline_qknorm,1255,2.4671,2.7871,0.075195
baseline_qknorm,1256,2.4691,2.7687,0.071777
baseline_qknorm,1257,2.4711,2.7735,0.068848
baseline_qknorm,1258,2.473,2.7568,0.071777
baseline_qknorm,1259,2.475,2.7451,0.068848
baseline_qknorm,1260,2.477,2.7391,0.068359
baseline_qknorm,1261,2.4789,2.7394,0.073242
baseline_qknorm,1262,2.4809,2.8033,0.073242
baseline_qknorm,1263,2.4829,2.755,0.072754
baseline_qknorm,1264,2.4848,2.7682,0.078125
baseline_qknorm,1265,2.4868,2.7913,0.077148
baseline_qknorm,1266,2.4888,2.7391,0.07959
baseline_qknorm,1267,2.4907,2.7433,0.084473
baseline_qknorm,1268,2.4927,2.7382,0.082031
baseline_qknorm,1269,2.4947,2.8001,0.079102
baseline_qknorm,1270,2.4966,2.7651,0.074707
baseline_qknorm,1271,2.4986,2.7128,0.071777
baseline_qknorm,1272,2.5005,2.7921,0.074219
baseline_qknorm,1273,2.5025,2.7426,0.065918
baseline_qknorm,1274,2.5045,2.7595,0.066406
baseline_qknorm,1275,2.5064,2.7508,0.073242
baseline_qknorm,1276,2.5084,2.7661,0.07373
baseline_qknorm,1277,2.5104,2.755,0.073242
baseline_qknorm,1278,2.5123,2.7581,0.07666
baseline_qknorm,1279,2.5143,2.7645,0.076172
baseline_qknorm,1280,2.5163,2.7797,0.07373
baseline_qknorm,1281,2.5182,2.7743,0.06543
baseline_qknorm,1282,2.5202,2.7327,0.063477
baseline_qknorm,1283,2.5222,2.8212,0.072754
baseline_qknorm,1284,2.5241,2.7532,0.066406
baseline_qknorm,1285,2.5261,2.7232,0.064941
baseline_qknorm,1286,2.5281,2.8021,0.067383
baseline_qknorm,1287,2.53,2.8079,0.070801
baseline_qknorm,1288,2.532,2.7476,0.069824
baseline_qknorm,1289,2.534,2.7504,0.064941
baseline_qknorm,1290,2.5359,2.7765,0.062988
baseline_qknorm,1291,2.5379,2.7465,0.063965
baseline_qknorm,1292,2.5399,2.7471,0.061035
baseline_qknorm,1293,2.5418,2.7801,0.0625
baseline_qknorm,1294,2.5438,2.7639,0.063965
baseline_qknorm,1295,2.5458,2.7134,0.061768
baseline_qknorm,1296,2.5477,2.7306,0.064941
baseline_qknorm,1297,2.5497,2.7382,0.068359
baseline_qknorm,1298,2.5517,2.712,0.063477
baseline_qknorm,1299,2.5536,2.732,0.065918
baseline_qknorm,1300,2.5556,2.6806,0.070312
baseline_qknorm,1301,2.5576,2.7584,0.071289
baseline_qknorm,1302,2.5595,2.7721,0.070801
baseline_qknorm,1303,2.5615,2.7936,0.072754
baseline_qknorm,1304,2.5635,2.7609,0.072754
baseline_qknorm,1305,2.5654,2.7637,0.079102
baseline_qknorm,1306,2.5674,2.7078,0.078613
baseline_qknorm,1307,2.5694,2.761,0.074219
baseline_qknorm,1308,2.5713,2.7307,0.072266
baseline_qknorm,1309,2.5733,2.7476,0.07666
baseline_qknorm,1310,2.5753,2.7495,0.067871
baseline_qknorm,1311,2.5772,2.735,0.068359
baseline_qknorm,1312,2.5792,2.7417,0.064453
baseline_qknorm,1313,2.5811,2.7648,0.06543
baseline_qknorm,1314,2.5831,2.7617,0.060059
baseline_qknorm,1315,2.5851,2.7324,0.062988
baseline_qknorm,1316,2.587,2.7425,0.068848
baseline_qknorm,1317,2.589,2.7253,0.071289
baseline_qknorm,1318,2.591,2.738,0.07666
baseline_qknorm,1319,2.5929,2.756,0.07666
baseline_qknorm,1320,2.5949,2.7648,0.074219
baseline_qknorm,1321,2.5969,2.7886,0.070801
baseline_qknorm,1322,2.5988,2.7699,0.072266
baseline_qknorm,1323,2.6008,2.7926,0.068848
baseline_qknorm,1324,2.6028,2.7416,0.066895
baseline_qknorm,1325,2.6047,2.7324,0.064941
baseline_qknorm,1326,2.6067,2.7499,0.066895
baseline_qknorm,1327,2.6087,2.7453,0.064453
baseline_qknorm,1328,2.6106,2.7418,0.061523
baseline_qknorm,1329,2.6126,2.7322,0.065918
baseline_qknorm,1330,2.6146,2.7849,0.071289
baseline_qknorm,1331,2.6165,2.7706,0.078613
baseline_qknorm,1332,2.6185,2.7619,0.077148
baseline_qknorm,1333,2.6205,2.7535,0.078125
baseline_qknorm,1334,2.6224,2.7573,0.064941
baseline_qknorm,1335,2.6244,2.7317,0.06543
baseline_qknorm,1336,2.6264,2.7507,0.069824
baseline_qknorm,1337,2.6283,2.8009,0.075195
baseline_qknorm,1338,2.6303,2.761,0.066895
baseline_qknorm,1339,2.6323,2.725,0.067871
baseline_qknorm,1340,2.6342,2.7354,0.064941
baseline_qknorm,1341,2.6362,2.7184,0.06543
baseline_qknorm,1342,2.6382,2.7566,0.066895
baseline_qknorm,1343,2.6401,2.7361,0.070312
baseline_qknorm,1344,2.6421,2.748,0.071777
baseline_qknorm,1345,2.6441,2.7294,0.073242
baseline_qknorm,1346,2.646,2.7689,0.07959
baseline_qknorm,1347,2.648,2.731,0.077148
baseline_qknorm,1348,2.65,2.7483,0.075195
baseline_qknorm,1349,2.6519,2.7652,0.068359
baseline_qknorm,1350,2.6539,2.7158,0.068359
baseline_qknorm,1351,2.6558,2.738,0.064453
baseline_qknorm,1352,2.6578,2.7766,0.099121
baseline_qknorm,1353,2.6598,2.7189,0.072266
baseline_qknorm,1354,2.6617,2.7234,0.070801
baseline_qknorm,1355,2.6637,2.7445,0.071289
baseline_qknorm,1356,2.6657,2.732,0.074219
baseline_qknorm,1357,2.6676,2.7311,0.07373
baseline_qknorm,1358,2.6696,2.7572,0.072754
baseline_qknorm,1359,2.6716,2.7487,0.074707
baseline_qknorm,1360,2.6735,2.7346,0.070801
baseline_qknorm,1361,2.6755,2.7313,0.07666
baseline_qknorm,1362,2.6775,2.7416,0.075684
baseline_qknorm,1363,2.6794,2.7512,0.074707
baseline_qknorm,1364,2.6814,2.766,0.073242
baseline_qknorm,1365,2.6834,2.7529,0.071289
baseline_qknorm,1366,2.6853,2.748,0.070801
baseline_qknorm,1367,2.6873,2.7158,0.067383
baseline_qknorm,1368,2.6893,2.7628,0.063477
baseline_qknorm,1369,2.6912,2.7436,0.063477
baseline_qknorm,1370,2.6932,2.73,0.0625
baseline_qknorm,1371,2.6952,2.707,0.067383
baseline_qknorm,1372,2.6971,2.7527,0.064453
baseline_qknorm,1373,2.6991,2.7319,0.063477
baseline_qknorm,1374,2.7011,2.7335,0.067383
baseline_qknorm,1375,2.703,2.7641,0.073242
baseline_qknorm,1376,2.705,2.7189,0.067383
baseline_qknorm,1377,2.707,2.7193,0.063965
baseline_qknorm,1378,2.7089,2.7258,0.067871
baseline_qknorm,1379,2.7109,2.7599,0.071289
baseline_qknorm,1380,2.7129,2.7098,0.065918
baseline_qknorm,1381,2.7148,2.7566,0.070312
baseline_qknorm,1382,2.7168,2.7377,0.069824
baseline_qknorm,1383,2.7188,2.7288,0.067383
baseline_qknorm,1384,2.7207,2.7412,0.068848
baseline_qknorm,1385,2.7227,2.7687,0.062988
baseline_qknorm,1386,2.7247,2.7595,0.061768
baseline_qknorm,1387,2.7266,2.7636,0.062012
baseline_qknorm,1388,2.7286,2.7865,0.063965
baseline_qknorm,1389,2.7306,2.7278,0.063965
baseline_qknorm,1390,2.7325,2.7651,0.063477
baseline_qknorm,1391,2.7345,2.7267,0.062256
baseline_qknorm,1392,2.7364,2.7611,0.064941
baseline_qknorm,1393,2.7384,2.7471,0.066895
baseline_qknorm,1394,2.7404,2.7431,0.069336
baseline_qknorm,1395,2.7423,2.7561,0.069336
baseline_qknorm,1396,2.7443,2.7374,0.066406
baseline_qknorm,1397,2.7463,2.7327,0.067383
baseline_qknorm,1398,2.7482,2.7318,0.066406
baseline_qknorm,1399,2.7502,2.7031,0.063477
baseline_qknorm,1400,2.7522,2.701,0.06543
baseline_qknorm,1401,2.7541,2.7237,0.068848
baseline_qknorm,1402,2.7561,2.7328,0.06543
baseline_qknorm,1403,2.7581,2.7491,0.063965
baseline_qknorm,1404,2.76,2.7258,0.068359
baseline_qknorm,1405,2.762,2.7296,0.068359
baseline_qknorm,1406,2.764,2.7196,0.066406
baseline_qknorm,1407,2.7659,2.7291,0.062988
baseline_qknorm,1408,2.7679,2.774,0.063965
baseline_qknorm,1409,2.7699,2.7478,0.0625
baseline_qknorm,1410,2.7718,2.7566,0.064941
baseline_qknorm,1411,2.7738,2.7808,0.077637
baseline_qknorm,1412,2.7758,2.7533,0.068848
baseline_qknorm,1413,2.7777,2.7058,0.069336
baseline_qknorm,1414,2.7797,2.7125,0.075684
baseline_qknorm,1415,2.7817,2.7106,0.071289
baseline_qknorm,1416,2.7836,2.7785,0.070312
baseline_qknorm,1417,2.7856,2.7038,0.066895
baseline_qknorm,1418,2.7876,2.7228,0.06543
baseline_qknorm,1419,2.7895,2.7361,0.060059
baseline_qknorm,1420,2.7915,2.7413,0.057373
baseline_qknorm,1421,2.7935,2.7279,0.061279
baseline_qknorm,1422,2.7954,2.6851,0.083008
baseline_qknorm,1423,2.7974,2.7325,0.067383
baseline_qknorm,1424,2.7994,2.7091,0.06543
baseline_qknorm,1425,2.8013,2.7161,0.070801
baseline_qknorm,1426,2.8033,2.809,0.067383
baseline_qknorm,1427,2.8053,2.7157,0.066895
baseline_qknorm,1428,2.8072,2.7543,0.074219
baseline_qknorm,1429,2.8092,2.7257,0.065918
baseline_qknorm,1430,2.8112,2.6989,0.063477
baseline_qknorm,1431,2.8131,2.7427,0.063477
baseline_qknorm,1432,2.8151,2.7763,0.065918
baseline_qknorm,1433,2.817,2.7195,0.066895
baseline_qknorm,1434,2.819,2.7039,0.070312
baseline_qknorm,1435,2.821,2.7264,0.068848
baseline_qknorm,1436,2.8229,2.7118,0.072754
baseline_qknorm,1437,2.8249,2.818,0.068359
baseline_qknorm,1438,2.8269,2.7506,0.065918
baseline_qknorm,1439,2.8288,2.7075,0.062988
baseline_qknorm,1440,2.8308,2.7531,0.056885
baseline_qknorm,1441,2.8328,2.7194,0.054932
baseline_qknorm,1442,2.8347,2.7209,0.057861
baseline_qknorm,1443,2.8367,2.6971,0.062256
baseline_qknorm,1444,2.8387,2.704,0.064941
baseline_qknorm,1445,2.8406,2.7357,0.066406
baseline_qknorm,1446,2.8426,2.7408,0.071289
baseline_qknorm,1447,2.8446,2.727,0.071289
baseline_qknorm,1448,2.8465,2.705,0.066406
baseline_qknorm,1449,2.8485,2.7309,0.065918
baseline_qknorm,1450,2.8505,2.7281,0.067383
baseline_qknorm,1451,2.8524,2.7255,0.064453
baseline_qknorm,1452,2.8544,2.6986,0.061035
baseline_qknorm,1453,2.8564,2.6979,0.060059
baseline_qknorm,1454,2.8583,2.7325,0.060303
baseline_qknorm,1455,2.8603,2.6947,0.060547
baseline_qknorm,1456,2.8623,2.7206,0.062256
baseline_qknorm,1457,2.8642,2.6983,0.067871
baseline_qknorm,1458,2.8662,2.7336,0.069336
baseline_qknorm,1459,2.8682,2.7105,0.067871
baseline_qknorm,1460,2.8701,2.7092,0.062256
baseline_qknorm,1461,2.8721,2.7076,0.062256
baseline_qknorm,1462,2.8741,2.7325,0.064941
baseline_qknorm,1463,2.876,2.7471,0.063965
baseline_qknorm,1464,2.878,2.7145,0.064941
baseline_qknorm,1465,2.88,2.7227,0.063965
baseline_qknorm,1466,2.8819,2.7377,0.064453
baseline_qknorm,1467,2.8839,2.7608,0.066406
baseline_qknorm,1468,2.8859,2.7293,0.063965
baseline_qknorm,1469,2.8878,2.6909,0.062256
baseline_qknorm,1470,2.8898,2.7163,0.057617
baseline_qknorm,1471,2.8918,2.7264,0.061035
baseline_qknorm,1472,2.8937,2.7332,0.064453
baseline_qknorm,1473,2.8957,2.7399,0.06543
baseline_qknorm,1474,2.8976,2.7305,0.061523
baseline_qknorm,1475,2.8996,2.7303,0.062988
baseline_qknorm,1476,2.9016,2.7145,0.060059
baseline_qknorm,1477,2.9035,2.7548,0.062988
baseline_qknorm,1478,2.9055,2.7795,0.060303
baseline_qknorm,1479,2.9075,2.6886,0.061768
baseline_qknorm,1480,2.9094,2.7128,0.065918
baseline_qknorm,1481,2.9114,2.7348,0.067383
baseline_qknorm,1482,2.9134,2.6965,0.070801
baseline_qknorm,1483,2.9153,2.7532,0.064941
baseline_qknorm,1484,2.9173,2.7056,0.064453
baseline_qknorm,1485,2.9193,2.7335,0.063965
baseline_qknorm,1486,2.9212,2.6933,0.061768
baseline_qknorm,1487,2.9232,2.7003,0.058594
baseline_qknorm,1488,2.9252,2.6854,0.056885
baseline_qknorm,1489,2.9271,2.6758,0.058838
baseline_qknorm,1490,2.9291,2.705,0.062256
baseline_qknorm,1491,2.9311,2.7121,0.060547
baseline_qknorm,1492,2.933,2.7326,0.061768
baseline_qknorm,1493,2.935,2.6997,0.067383
baseline_qknorm,1494,2.937,2.7038,0.065918
baseline_qknorm,1495,2.9389,2.7313,0.064453
baseline_qknorm,1496,2.9409,2.6787,0.06543
baseline_qknorm,1497,2.9429,2.7659,0.064941
baseline_qknorm,1498,2.9448,2.7876,0.064941
baseline_qknorm,1499,2.9468,2.7263,0.061035
baseline_qknorm,1500,2.9488,2.7357,0.0625
baseline_qknorm,1501,2.9507,2.7204,0.0625
baseline_qknorm,1502,2.9527,2.718,0.064941
baseline_qknorm,1503,2.9547,2.7577,0.05957
baseline_qknorm,1504,2.9566,2.7531,0.061279
baseline_qknorm,1505,2.9586,2.7205,0.063477
baseline_qknorm,1506,2.9606,2.7353,0.064941
baseline_qknorm,1507,2.9625,2.7353,0.060791
baseline_qknorm,1508,2.9645,2.7344,0.05835
baseline_qknorm,1509,2.9665,2.7015,0.058838
baseline_qknorm,1510,2.9684,2.7035,0.059082
baseline_qknorm,1511,2.9704,2.7495,0.061768
baseline_qknorm,1512,2.9724,2.7421,0.061279
baseline_qknorm,1513,2.9743,2.7301,0.060791
baseline_qknorm,1514,2.9763,2.7921,0.059082
baseline_qknorm,1515,2.9782,2.7371,0.061768
baseline_qknorm,1516,2.9802,2.7476,0.072266
baseline_qknorm,1517,2.9822,2.682,0.064941
baseline_qknorm,1518,2.9841,2.69,0.064941
baseline_qknorm,1519,2.9861,2.7282,0.066895
baseline_qknorm,1520,2.9881,2.7023,0.06543
baseline_qknorm,1521,2.99,2.6945,0.067871
baseline_qknorm,1522,2.992,2.6932,0.066895
baseline_qknorm,1523,2.994,2.7214,0.061768
baseline_qknorm,1524,2.9959,2.6773,0.058838
baseline_qknorm,1525,2.9979,2.7054,0.060059
baseline_qknorm,1526,2.9999,2.6892,0.06543
baseline_qknorm,1527,3.0018,2.7053,0.06543
baseline_qknorm,1528,3.0038,2.7316,0.064941
baseline_qknorm,1529,3.0058,2.7098,0.062256
baseline_qknorm,1530,3.0077,2.7108,0.062256
baseline_qknorm,1531,3.0097,2.702,0.062256
baseline_qknorm,1532,3.0117,2.7488,0.062012
baseline_qknorm,1533,3.0136,2.7324,0.069336
baseline_qknorm,1534,3.0156,2.7224,0.0625
baseline_qknorm,1535,3.0176,2.7499,0.060547
baseline_qknorm,1536,3.0195,2.7304,0.061523
baseline_qknorm,1537,3.0215,2.7093,0.061768
baseline_qknorm,1538,3.0235,2.7241,0.065918
baseline_qknorm,1539,3.0254,2.6909,0.062988
baseline_qknorm,1540,3.0274,2.7267,0.061523
baseline_qknorm,1541,3.0294,2.7463,0.062988
baseline_qknorm,1542,3.0313,2.682,0.067871
baseline_qknorm,1543,3.0333,2.7107,0.068359
baseline_qknorm,1544,3.0353,2.6769,0.069824
baseline_qknorm,1545,3.0372,2.7122,0.070801
baseline_qknorm,1546,3.0392,2.7172,0.068848
baseline_qknorm,1547,3.0412,2.7025,0.063477
baseline_qknorm,1548,3.0431,2.6765,0.062012
baseline_qknorm,1549,3.0451,2.7405,0.064941
baseline_qknorm,1550,3.0471,2.6881,0.06543
baseline_qknorm,1551,3.049,2.7353,0.057617
baseline_qknorm,1552,3.051,2.6596,0.058105
baseline_qknorm,1553,3.0529,2.7305,0.057129
baseline_qknorm,1554,3.0549,2.6968,0.05835
baseline_qknorm,1555,3.0569,2.7376,0.056396
baseline_qknorm,1556,3.0588,2.7133,0.057861
baseline_qknorm,1557,3.0608,2.6977,0.057861
baseline_qknorm,1558,3.0628,2.6957,0.054443
baseline_qknorm,1559,3.0647,2.676,0.058105
baseline_qknorm,1560,3.0667,2.7067,0.060303
baseline_qknorm,1561,3.0687,2.678,0.062988
baseline_qknorm,1562,3.0706,2.6903,0.059814
baseline_qknorm,1563,3.0726,2.7253,0.058594
baseline_qknorm,1564,3.0746,2.7261,0.05957
baseline_qknorm,1565,3.0765,2.6816,0.060303
baseline_qknorm,1566,3.0785,2.713,0.060303
baseline_qknorm,1567,3.0805,2.7156,0.062988
baseline_qknorm,1568,3.0824,2.739,0.0625
baseline_qknorm,1569,3.0844,2.676,0.060303
baseline_qknorm,1570,3.0864,2.6982,0.060059
baseline_qknorm,1571,3.0883,2.6751,0.060791
baseline_qknorm,1572,3.0903,2.7325,0.060303
baseline_qknorm,1573,3.0923,2.7021,0.089844
baseline_qknorm,1574,3.0942,2.6826,0.05957
baseline_qknorm,1575,3.0962,2.7442,0.054688
baseline_qknorm,1576,3.0982,2.6831,0.055664
baseline_qknorm,1577,3.1001,2.6986,0.054443
baseline_qknorm,1578,3.1021,2.7664,0.055176
baseline_qknorm,1579,3.1041,2.7078,0.062012
baseline_qknorm,1580,3.106,2.6838,0.059326
baseline_qknorm,1581,3.108,2.6934,0.058838
baseline_qknorm,1582,3.11,2.7143,0.057617
baseline_qknorm,1583,3.1119,2.7306,0.059814
baseline_qknorm,1584,3.1139,2.709,0.064453
baseline_qknorm,1585,3.1159,2.6932,0.063477
baseline_qknorm,1586,3.1178,2.7067,0.062988
baseline_qknorm,1587,3.1198,2.7243,0.063965
baseline_qknorm,1588,3.1218,2.7414,0.064453
baseline_qknorm,1589,3.1237,2.6993,0.064941
baseline_qknorm,1590,3.1257,2.6914,0.063477
baseline_qknorm,1591,3.1277,2.6987,0.061523
baseline_qknorm,1592,3.1296,2.717,0.057617
baseline_qknorm,1593,3.1316,2.6943,0.055908
baseline_qknorm,1594,3.1335,2.6914,0.057861
baseline_qknorm,1595,3.1355,2.692,0.058105
baseline_qknorm,1596,3.1375,2.6966,0.054688
baseline_qknorm,1597,3.1394,2.6947,0.056396
baseline_qknorm,1598,3.1414,2.6973,0.056885
baseline_qknorm,1599,3.1434,2.7067,0.057129
baseline_qknorm,1600,3.1453,2.6703,0.058838
baseline_qknorm,1601,3.1473,2.6967,0.057129
baseline_qknorm,1602,3.1493,2.6986,0.056396
baseline_qknorm,1603,3.1512,2.7346,0.054932
baseline_qknorm,1604,3.1532,2.6976,0.054199
baseline_qknorm,1605,3.1552,2.6902,0.057129
baseline_qknorm,1606,3.1571,2.6908,0.05957
baseline_qknorm,1607,3.1591,2.6791,0.060791
baseline_qknorm,1608,3.1611,2.6938,0.058838
baseline_qknorm,1609,3.163,2.764,0.061523
baseline_qknorm,1610,3.165,2.6899,0.059326
baseline_qknorm,1611,3.167,2.7048,0.055908
baseline_qknorm,1612,3.1689,2.6887,0.056641
baseline_qknorm,1613,3.1709,2.7005,0.060303
baseline_qknorm,1614,3.1729,2.7406,0.061768
baseline_qknorm,1615,3.1748,2.6953,0.063477
baseline_qknorm,1616,3.1768,2.736,0.066406
baseline_qknorm,1617,3.1788,2.6708,0.060791
baseline_qknorm,1618,3.1807,2.6926,0.060791
baseline_qknorm,1619,3.1827,2.7203,0.062012
baseline_qknorm,1620,3.1847,2.6739,0.0625
baseline_qknorm,1621,3.1866,2.6808,0.069824
baseline_qknorm,1622,3.1886,2.6929,0.1416
baseline_qknorm,1623,3.1906,2.7177,0.054932
baseline_qknorm,1624,3.1925,2.7211,0.055908
baseline_qknorm,1625,3.1945,2.6953,0.058594
baseline_qknorm,1626,3.1965,2.6809,0.053955
baseline_qknorm,1627,3.1984,2.6818,0.053467
baseline_qknorm,1628,3.2004,2.7095,0.054932
baseline_qknorm,1629,3.2024,2.6926,0.056885
baseline_qknorm,1630,3.2043,2.6821,0.057861
baseline_qknorm,1631,3.2063,2.707,0.057129
baseline_qknorm,1632,3.2083,2.7282,0.05835
baseline_qknorm,1633,3.2102,2.6868,0.054688
baseline_qknorm,1634,3.2122,2.7088,0.052734
baseline_qknorm,1635,3.2141,2.6785,0.056396
baseline_qknorm,1636,3.2161,2.6801,0.058594
baseline_qknorm,1637,3.2181,2.6897,0.064941
baseline_qknorm,1638,3.22,2.6829,0.060791
baseline_qknorm,1639,3.222,2.6735,0.054932
baseline_qknorm,1640,3.224,2.7116,0.053711
baseline_qknorm,1641,3.2259,2.6897,0.056641
baseline_qknorm,1642,3.2279,2.6951,0.056885
baseline_qknorm,1643,3.2299,2.702,0.060059
baseline_qknorm,1644,3.2318,2.6888,0.056885
baseline_qknorm,1645,3.2338,2.6925,0.059326
baseline_qknorm,1646,3.2358,2.6971,0.060547
baseline_qknorm,1647,3.2377,2.6951,0.056152
baseline_qknorm,1648,3.2397,2.6559,0.057617
baseline_qknorm,1649,3.2417,2.6082,0.05835
baseline_qknorm,1650,3.2436,2.7148,0.054688
baseline_qknorm,1651,3.2456,2.7016,0.05542
baseline_qknorm,1652,3.2476,2.6662,0.054199
baseline_qknorm,1653,3.2495,2.689,0.056885
baseline_qknorm,1654,3.2515,2.7007,0.053955
baseline_qknorm,1655,3.2535,2.6935,0.056396
baseline_qknorm,1656,3.2554,2.7322,0.056885
baseline_qknorm,1657,3.2574,2.685,0.054199
baseline_qknorm,1658,3.2594,2.6757,0.053711
baseline_qknorm,1659,3.2613,2.6992,0.053955
baseline_qknorm,1660,3.2633,2.6903,0.053955
baseline_qknorm,1661,3.2653,2.6977,0.056641
baseline_qknorm,1662,3.2672,2.6988,0.062256
baseline_qknorm,1663,3.2692,2.671,0.057617
baseline_qknorm,1664,3.2712,2.7141,0.057373
baseline_qknorm,1665,3.2731,2.6997,0.058105
baseline_qknorm,1666,3.2751,2.6884,0.055176
baseline_qknorm,1667,3.2771,2.6792,0.055664
baseline_qknorm,1668,3.279,2.687,0.052734
baseline_qknorm,1669,3.281,2.75,0.053955
baseline_qknorm,1670,3.283,2.6765,0.06543
baseline_qknorm,1671,3.2849,2.6992,0.054443
baseline_qknorm,1672,3.2869,2.6847,0.056885
baseline_qknorm,1673,3.2889,2.6981,0.055908
baseline_qknorm,1674,3.2908,2.6596,0.05249
baseline_qknorm,1675,3.2928,2.6597,0.056641
baseline_qknorm,1676,3.2947,2.7011,0.057861
baseline_qknorm,1677,3.2967,2.6773,0.055664
baseline_qknorm,1678,3.2987,2.6899,0.054199
baseline_qknorm,1679,3.3006,2.6616,0.054443
baseline_qknorm,1680,3.3026,2.6775,0.054443
baseline_qknorm,1681,3.3046,2.6673,0.05542
baseline_qknorm,1682,3.3065,2.7018,0.055908
baseline_qknorm,1683,3.3085,2.6748,0.05542
baseline_qknorm,1684,3.3105,2.7089,0.05542
baseline_qknorm,1685,3.3124,2.661,0.049072
baseline_qknorm,1686,3.3144,2.6889,0.051025
baseline_qknorm,1687,3.3164,2.7014,0.053467
baseline_qknorm,1688,3.3183,2.6958,0.052734
baseline_qknorm,1689,3.3203,2.6926,0.053711
baseline_qknorm,1690,3.3223,2.6653,0.05542
baseline_qknorm,1691,3.3242,2.6983,0.055664
baseline_qknorm,1692,3.3262,2.6569,0.054199
baseline_qknorm,1693,3.3282,2.6931,0.057129
baseline_qknorm,1694,3.3301,2.6805,0.054443
baseline_qknorm,1695,3.3321,2.6657,0.053223
baseline_qknorm,1696,3.3341,2.7032,0.055908
baseline_qknorm,1697,3.336,2.681,0.053955
baseline_qknorm,1698,3.338,2.6959,0.05249
baseline_qknorm,1699,3.34,2.6521,0.056396
baseline_qknorm,1700,3.3419,2.6861,0.058838
baseline_qknorm,1701,3.3439,2.6467,0.057373
baseline_qknorm,1702,3.3459,2.7054,0.057861
baseline_qknorm,1703,3.3478,2.6818,0.057861
baseline_qknorm,1704,3.3498,2.6578,0.056885
baseline_qknorm,1705,3.3518,2.683,0.055664
baseline_qknorm,1706,3.3537,2.6925,0.054932
baseline_qknorm,1707,3.3557,2.6716,0.054932
baseline_qknorm,1708,3.3577,2.7137,0.053223
baseline_qknorm,1709,3.3596,2.7014,0.052246
baseline_qknorm,1710,3.3616,2.6689,0.053955
baseline_qknorm,1711,3.3636,2.7044,0.05835
baseline_qknorm,1712,3.3655,2.7035,0.059326
baseline_qknorm,1713,3.3675,2.6649,0.056885
baseline_qknorm,1714,3.3694,2.7038,0.063965
baseline_qknorm,1715,3.3714,2.6919,0.057373
baseline_qknorm,1716,3.3734,2.6905,0.054199
baseline_qknorm,1717,3.3753,2.6324,0.05542
baseline_qknorm,1718,3.3773,2.6823,0.056396
baseline_qknorm,1719,3.3793,2.734,0.060303
baseline_qknorm,1720,3.3812,2.6726,0.058838
baseline_qknorm,1721,3.3832,2.6956,0.056641
baseline_qknorm,1722,3.3852,2.675,0.05542
baseline_qknorm,1723,3.3871,2.6737,0.054932
baseline_qknorm,1724,3.3891,2.6534,0.055664
baseline_qknorm,1725,3.3911,2.7179,0.054688
baseline_qknorm,1726,3.393,2.65,0.055664
baseline_qknorm,1727,3.395,2.6828,0.053467
baseline_qknorm,1728,3.397,2.6655,0.052979
baseline_qknorm,1729,3.3989,2.682,0.05542
baseline_qknorm,1730,3.4009,2.6814,0.054688
baseline_qknorm,1731,3.4029,2.7168,0.058105
baseline_qknorm,1732,3.4048,2.6212,0.056396
baseline_qknorm,1733,3.4068,2.6691,0.054688
baseline_qknorm,1734,3.4088,2.6817,0.052734
baseline_qknorm,1735,3.4107,2.6789,0.056152
baseline_qknorm,1736,3.4127,2.6845,0.058838
baseline_qknorm,1737,3.4147,2.6483,0.054688
baseline_qknorm,1738,3.4166,2.7137,0.052734
baseline_qknorm,1739,3.4186,2.7002,0.05127
baseline_qknorm,1740,3.4206,2.6554,0.07373
baseline_qknorm,1741,3.4225,2.6793,0.05542
baseline_qknorm,1742,3.4245,2.6468,0.056396
baseline_qknorm,1743,3.4265,2.676,0.055908
baseline_qknorm,1744,3.4284,2.6787,0.055664
baseline_qknorm,1745,3.4304,2.6847,0.053711
baseline_qknorm,1746,3.4324,2.6944,0.069824
baseline_qknorm,1747,3.4343,2.676,0.050293
baseline_qknorm,1748,3.4363,2.6576,0.049561
baseline_qknorm,1749,3.4383,2.7007,0.051514
baseline_qknorm,1750,3.4402,2.6815,0.05542
baseline_qknorm,1751,3.4422,2.6585,0.05249
baseline_qknorm,1752,3.4442,2.6644,0.052002
baseline_qknorm,1753,3.4461,2.6978,0.053955
baseline_qknorm,1754,3.4481,2.6345,0.052246
baseline_qknorm,1755,3.45,2.6561,0.05249
baseline_qknorm,1756,3.452,2.6811,0.052979
baseline_qknorm,1757,3.454,2.6639,0.051514
baseline_qknorm,1758,3.4559,2.5722,0.058594
baseline_qknorm,1759,3.4579,2.6897,0.053467
baseline_qknorm,1760,3.4599,2.6649,0.050781
baseline_qknorm,1761,3.4618,2.6446,0.051758
baseline_qknorm,1762,3.4638,2.6813,0.052734
baseline_qknorm,1763,3.4658,2.6619,0.053467
baseline_qknorm,1764,3.4677,2.6583,0.05542
baseline_qknorm,1765,3.4697,2.682,0.054199
baseline_qknorm,1766,3.4717,2.6727,0.054199
baseline_qknorm,1767,3.4736,2.6441,0.053223
baseline_qknorm,1768,3.4756,2.7242,0.05835
baseline_qknorm,1769,3.4776,2.706,0.054199
baseline_qknorm,1770,3.4795,2.6266,0.053467
baseline_qknorm,1771,3.4815,2.6947,0.053955
baseline_qknorm,1772,3.4835,2.6639,0.061523
baseline_qknorm,1773,3.4854,2.6982,0.055664
baseline_qknorm,1774,3.4874,2.6825,0.054688
baseline_qknorm,1775,3.4894,2.6642,0.053955
baseline_qknorm,1776,3.4913,2.6472,0.052246
baseline_qknorm,1777,3.4933,2.6903,0.056396
baseline_qknorm,1778,3.4953,2.6785,0.054932
baseline_qknorm,1779,3.4972,2.6838,0.054443
baseline_qknorm,1780,3.4992,2.6574,0.057617
baseline_qknorm,1781,3.5012,2.6328,0.053467
baseline_qknorm,1782,3.5031,2.6742,0.052979
baseline_qknorm,1783,3.5051,2.7017,0.055176
baseline_qknorm,1784,3.5071,2.6806,0.053223
baseline_qknorm,1785,3.509,2.7026,0.054932
baseline_qknorm,1786,3.511,2.6874,0.09082
baseline_qknorm,1787,3.513,2.6621,0.056885
baseline_qknorm,1788,3.5149,2.683,0.053467
baseline_qknorm,1789,3.5169,2.6658,0.053223
baseline_qknorm,1790,3.5189,2.6256,0.051025
baseline_qknorm,1791,3.5208,2.6863,0.049805
baseline_qknorm,1792,3.5228,2.705,0.053467
baseline_qknorm,1793,3.5248,2.6801,0.054199
baseline_qknorm,1794,3.5267,2.6567,0.050781
baseline_qknorm,1795,3.5287,2.6489,0.051514
baseline_qknorm,1796,3.5306,2.6506,0.052002
baseline_qknorm,1797,3.5326,2.6533,0.062988
baseline_qknorm,1798,3.5346,2.6849,0.052002
baseline_qknorm,1799,3.5365,2.6654,0.051025
baseline_qknorm,1800,3.5385,2.7078,0.050781
baseline_qknorm,1801,3.5405,2.6476,0.049805
baseline_qknorm,1802,3.5424,2.6916,0.050537
baseline_qknorm,1803,3.5444,2.6862,0.052246
baseline_qknorm,1804,3.5464,2.6699,0.052002
baseline_qknorm,1805,3.5483,2.6472,0.050293
baseline_qknorm,1806,3.5503,2.6581,0.052002
baseline_qknorm,1807,3.5523,2.6737,0.051514
baseline_qknorm,1808,3.5542,2.6402,0.053955
baseline_qknorm,1809,3.5562,2.6464,0.055908
baseline_qknorm,1810,3.5582,2.6358,0.05542
baseline_qknorm,1811,3.5601,2.6567,0.05249
baseline_qknorm,1812,3.5621,2.6661,0.052979
baseline_qknorm,1813,3.5641,2.6667,0.051758
baseline_qknorm,1814,3.566,2.6543,0.052734
baseline_qknorm,1815,3.568,2.6461,0.054932
baseline_qknorm,1816,3.57,2.6529,0.054443
baseline_qknorm,1817,3.5719,2.6473,0.053955
baseline_qknorm,1818,3.5739,2.6918,0.052246
baseline_qknorm,1819,3.5759,2.6886,0.052246
baseline_qknorm,1820,3.5778,2.6311,0.05835
baseline_qknorm,1821,3.5798,2.6572,0.050049
baseline_qknorm,1822,3.5818,2.6644,0.048828
baseline_qknorm,1823,3.5837,2.6441,0.052002
baseline_qknorm,1824,3.5857,2.6434,0.050781
baseline_qknorm,1825,3.5877,2.6537,0.049805
baseline_qknorm,1826,3.5896,2.6503,0.052734
baseline_qknorm,1827,3.5916,2.6465,0.055176
baseline_qknorm,1828,3.5936,2.6829,0.050537
baseline_qknorm,1829,3.5955,2.6742,0.048828
baseline_qknorm,1830,3.5975,2.6563,0.050781
baseline_qknorm,1831,3.5995,2.6667,0.053955
baseline_qknorm,1832,3.6014,2.6304,0.052979
baseline_qknorm,1833,3.6034,2.6468,0.049316
baseline_qknorm,1834,3.6054,2.6575,0.050781
baseline_qknorm,1835,3.6073,2.716,0.054443
baseline_qknorm,1836,3.6093,2.6991,0.052734
baseline_qknorm,1837,3.6112,2.6595,0.049072
baseline_qknorm,1838,3.6132,2.6627,0.050781
baseline_qknorm,1839,3.6152,2.6873,0.053711
baseline_qknorm,1840,3.6171,2.6479,0.051758
baseline_qknorm,1841,3.6191,2.669,0.055908
baseline_qknorm,1842,3.6211,2.6254,0.055908
baseline_qknorm,1843,3.623,2.6327,0.053223
baseline_qknorm,1844,3.625,2.6694,0.055664
baseline_qknorm,1845,3.627,2.6651,0.054932
baseline_qknorm,1846,3.6289,2.6665,0.051025
baseline_qknorm,1847,3.6309,2.6789,0.047852
baseline_qknorm,1848,3.6329,2.6273,0.052002
baseline_qknorm,1849,3.6348,2.6683,0.050781
baseline_qknorm,1850,3.6368,2.6497,0.054932
baseline_qknorm,1851,3.6388,2.6734,0.050781
baseline_qknorm,1852,3.6407,2.666,0.049072
baseline_qknorm,1853,3.6427,2.7099,0.049072
baseline_qknorm,1854,3.6447,2.6707,0.051025
baseline_qknorm,1855,3.6466,2.6564,0.052002
baseline_qknorm,1856,3.6486,2.6235,0.053711
baseline_qknorm,1857,3.6506,2.6679,0.051514
baseline_qknorm,1858,3.6525,2.661,0.053467
baseline_qknorm,1859,3.6545,2.6297,0.051758
baseline_qknorm,1860,3.6565,2.6937,0.052979
baseline_qknorm,1861,3.6584,2.6548,0.049072
baseline_qknorm,1862,3.6604,2.6492,0.050781
baseline_qknorm,1863,3.6624,2.67,0.053711
baseline_qknorm,1864,3.6643,2.6427,0.051514
baseline_qknorm,1865,3.6663,2.6731,0.050049
baseline_qknorm,1866,3.6683,2.6655,0.048584
baseline_qknorm,1867,3.6702,2.6345,0.052002
baseline_qknorm,1868,3.6722,2.6587,0.051514
baseline_qknorm,1869,3.6742,2.67,0.05249
baseline_qknorm,1870,3.6761,2.6629,0.051514
baseline_qknorm,1871,3.6781,2.6427,0.049316
baseline_qknorm,1872,3.6801,2.6241,0.047119
baseline_qknorm,1873,3.682,2.6054,0.050293
baseline_qknorm,1874,3.684,2.6232,0.047852
baseline_qknorm,1875,3.686,2.6483,0.050293
baseline_qknorm,1876,3.6879,2.6556,0.050537
baseline_qknorm,1877,3.6899,2.661,0.050049
baseline_qknorm,1878,3.6918,2.686,0.052734
baseline_qknorm,1879,3.6938,2.6518,0.054199
baseline_qknorm,1880,3.6958,2.6602,0.051025
baseline_qknorm,1881,3.6977,2.6616,0.050781
baseline_qknorm,1882,3.6997,2.6573,0.05249
baseline_qknorm,1883,3.7017,2.6394,0.049805
baseline_qknorm,1884,3.7036,2.6435,0.051025
baseline_qknorm,1885,3.7056,2.6539,0.048096
baseline_qknorm,1886,3.7076,2.6306,0.048584
baseline_qknorm,1887,3.7095,2.6356,0.049561
baseline_qknorm,1888,3.7115,2.6371,0.050781
baseline_qknorm,1889,3.7135,2.6393,0.049805
baseline_qknorm,1890,3.7154,2.684,0.050781
baseline_qknorm,1891,3.7174,2.6109,0.052002
baseline_qknorm,1892,3.7194,2.668,0.05249
baseline_qknorm,1893,3.7213,2.6783,0.052246
baseline_qknorm,1894,3.7233,2.6475,0.050781
baseline_qknorm,1895,3.7253,2.676,0.049805
baseline_qknorm,1896,3.7272,2.639,0.050293
baseline_qknorm,1897,3.7292,2.6557,0.05127
baseline_qknorm,1898,3.7312,2.6676,0.052246
baseline_qknorm,1899,3.7331,2.6575,0.052734
baseline_qknorm,1900,3.7351,2.7136,0.051514
baseline_qknorm,1901,3.7371,2.6364,0.051025
baseline_qknorm,1902,3.739,2.6353,0.060791
baseline_qknorm,1903,3.741,2.6392,0.052246
baseline_qknorm,1904,3.743,2.6931,0.050537
baseline_qknorm,1905,3.7449,2.657,0.049316
baseline_qknorm,1906,3.7469,2.6396,0.049072
baseline_qknorm,1907,3.7489,2.6591,0.04834
baseline_qknorm,1908,3.7508,2.6494,0.048096
baseline_qknorm,1909,3.7528,2.6275,0.048828
baseline_qknorm,1910,3.7548,2.6278,0.050537
baseline_qknorm,1911,3.7567,2.6472,0.053467
baseline_qknorm,1912,3.7587,2.6806,0.052246
baseline_qknorm,1913,3.7607,2.649,0.049072
baseline_qknorm,1914,3.7626,2.6251,0.04834
baseline_qknorm,1915,3.7646,2.621,0.048584
baseline_qknorm,1916,3.7665,2.6688,0.050293
baseline_qknorm,1917,3.7685,2.6253,0.050537
baseline_qknorm,1918,3.7705,2.6657,0.049561
baseline_qknorm,1919,3.7724,2.6634,0.051025
baseline_qknorm,1920,3.7744,2.678,0.054688
baseline_qknorm,1921,3.7764,2.6524,0.050293
baseline_qknorm,1922,3.7783,2.6446,0.051025
baseline_qknorm,1923,3.7803,2.657,0.051025
baseline_qknorm,1924,3.7823,2.6791,0.049072
baseline_qknorm,1925,3.7842,2.6158,0.047852
baseline_qknorm,1926,3.7862,2.6357,0.047852
baseline_qknorm,1927,3.7882,2.6546,0.050049
baseline_qknorm,1928,3.7901,2.6564,0.050537
baseline_qknorm,1929,3.7921,2.6393,0.049072
baseline_qknorm,1930,3.7941,2.6434,0.049561
baseline_qknorm,1931,3.796,2.6614,0.048828
baseline_qknorm,1932,3.798,2.6991,0.051514
baseline_qknorm,1933,3.8,2.6552,0.050049
baseline_qknorm,1934,3.8019,2.6269,0.049561
baseline_qknorm,1935,3.8039,2.627,0.04834
baseline_qknorm,1936,3.8059,2.6524,0.05127
baseline_qknorm,1937,3.8078,2.6878,0.050293
baseline_qknorm,1938,3.8098,2.6398,0.050781
baseline_qknorm,1939,3.8118,2.6165,0.051514
baseline_qknorm,1940,3.8137,2.689,0.047119
baseline_qknorm,1941,3.8157,2.658,0.04834
baseline_qknorm,1942,3.8177,2.685,0.050293
baseline_qknorm,1943,3.8196,2.6952,0.050537
baseline_qknorm,1944,3.8216,2.6648,0.056641
baseline_qknorm,1945,3.8236,2.6583,0.049561
baseline_qknorm,1946,3.8255,2.6335,0.049561
baseline_qknorm,1947,3.8275,2.6374,0.049072
baseline_qknorm,1948,3.8295,2.6375,0.049805
baseline_qknorm,1949,3.8314,2.6547,0.050293
baseline_qknorm,1950,3.8334,2.6399,0.048096
baseline_qknorm,1951,3.8354,2.6936,0.048828
baseline_qknorm,1952,3.8373,2.6331,0.048828
baseline_qknorm,1953,3.8393,2.6229,0.049072
baseline_qknorm,1954,3.8413,2.6596,0.047852
baseline_qknorm,1955,3.8432,2.6414,0.04834
baseline_qknorm,1956,3.8452,2.6468,0.048584
baseline_qknorm,1957,3.8471,2.6535,0.049805
baseline_qknorm,1958,3.8491,2.6619,0.05249
baseline_qknorm,1959,3.8511,2.6359,0.053711
baseline_qknorm,1960,3.853,2.6605,0.060303
baseline_qknorm,1961,3.855,2.6523,0.05127
baseline_qknorm,1962,3.857,2.6269,0.04834
baseline_qknorm,1963,3.8589,2.6317,0.049561
baseline_qknorm,1964,3.8609,2.6513,0.048096
baseline_qknorm,1965,3.8629,2.6321,0.049805
baseline_qknorm,1966,3.8648,2.6241,0.049561
baseline_qknorm,1967,3.8668,2.6382,0.049316
baseline_qknorm,1968,3.8688,2.6081,0.052979
baseline_qknorm,1969,3.8707,2.6107,0.050537
baseline_qknorm,1970,3.8727,2.629,0.048828
baseline_qknorm,1971,3.8747,2.6347,0.048584
baseline_qknorm,1972,3.8766,2.6628,0.053467
baseline_qknorm,1973,3.8786,2.64,0.10107
baseline_qknorm,1974,3.8806,2.6349,0.050537
baseline_qknorm,1975,3.8825,2.6417,0.051758
baseline_qknorm,1976,3.8845,2.6427,0.049805
baseline_qknorm,1977,3.8865,2.6416,0.04834
baseline_qknorm,1978,3.8884,2.6165,0.047607
baseline_qknorm,1979,3.8904,2.6532,0.051025
baseline_qknorm,1980,3.8924,2.6319,0.050293
baseline_qknorm,1981,3.8943,2.6534,0.049072
baseline_qknorm,1982,3.8963,2.6676,0.050293
baseline_qknorm,1983,3.8983,2.6647,0.049805
baseline_qknorm,1984,3.9002,2.6872,0.052002
baseline_qknorm,1985,3.9022,2.6309,0.049316
baseline_qknorm,1986,3.9042,2.6313,0.049805
baseline_qknorm,1987,3.9061,2.6116,0.048096
baseline_qknorm,1988,3.9081,2.659,0.047119
baseline_qknorm,1989,3.9101,2.6314,0.046631
baseline_qknorm,1990,3.912,2.6784,0.049072
baseline_qknorm,1991,3.914,2.6389,0.050049
baseline_qknorm,1992,3.916,2.656,0.051025
baseline_qknorm,1993,3.9179,2.6406,0.049805
baseline_qknorm,1994,3.9199,2.6765,0.048096
baseline_qknorm,1995,3.9219,2.6177,0.048096
baseline_qknorm,1996,3.9238,2.6491,0.047363
baseline_qknorm,1997,3.9258,2.6686,0.047852
baseline_qknorm,1998,3.9277,2.638,0.047852
baseline_qknorm,1999,3.9297,2.6685,0.047119
baseline_qknorm,2000,3.9317,2.634,0.048828
baseline_qknorm,2001,3.9336,2.6534,0.04834
baseline_qknorm,2002,3.9356,2.6408,0.051025
baseline_qknorm,2003,3.9376,2.6376,0.050049
baseline_qknorm,2004,3.9395,2.6365,0.061768
baseline_qknorm,2005,3.9415,2.6051,0.055664
baseline_qknorm,2006,3.9435,2.6524,0.052002
baseline_qknorm,2007,3.9454,2.6235,0.049316
baseline_qknorm,2008,3.9474,2.6341,0.047363
baseline_qknorm,2009,3.9494,2.6317,0.047607
baseline_qknorm,2010,3.9513,2.6181,0.04834
baseline_qknorm,2011,3.9533,2.6233,0.047607
baseline_qknorm,2012,3.9553,2.6544,0.048828
baseline_qknorm,2013,3.9572,2.6426,0.048584
baseline_qknorm,2014,3.9592,2.6101,0.052979
baseline_qknorm,2015,3.9612,2.6271,0.050049
baseline_qknorm,2016,3.9631,2.6726,0.049805
baseline_qknorm,2017,3.9651,2.6321,0.053223
baseline_qknorm,2018,3.9671,2.6458,0.049561
baseline_qknorm,2019,3.969,2.6415,0.04834
baseline_qknorm,2020,3.971,2.6679,0.050781
baseline_qknorm,2021,3.973,2.7143,0.050049
baseline_qknorm,2022,3.9749,2.681,0.050537
baseline_qknorm,2023,3.9769,2.6066,0.053223
baseline_qknorm,2024,3.9789,2.6392,0.049561
baseline_qknorm,2025,3.9808,2.6729,0.049561
baseline_qknorm,2026,3.9828,2.6282,0.052002
baseline_qknorm,2027,3.9848,2.6347,0.052246
baseline_qknorm,2028,3.9867,2.5916,0.049316
baseline_qknorm,2029,3.9887,2.624,0.04834
baseline_qknorm,2030,3.9907,2.7061,0.051758
baseline_qknorm,2031,3.9926,2.6377,0.048828
baseline_qknorm,2032,3.9946,2.6315,0.050049
baseline_qknorm,2033,3.9966,2.6946,0.05127
baseline_qknorm,2034,3.9985,2.6295,0.047607
baseline_qknorm,2035,4.0005,2.6563,0.049316
baseline_qknorm,2036,4.0025,2.6299,0.049805
baseline_qknorm,2037,4.0044,2.6223,0.049805
baseline_qknorm,2038,4.0064,2.6354,0.04834
baseline_qknorm,2039,4.0083,2.6507,0.050293
baseline_qknorm,2040,4.0103,2.6704,0.046387
baseline_qknorm,2041,4.0123,2.6763,0.049561
baseline_qknorm,2042,4.0142,2.653,0.049805
baseline_qknorm,2043,4.0162,2.6515,0.050781
baseline_qknorm,2044,4.0182,2.6534,0.050049
baseline_qknorm,2045,4.0201,2.6486,0.048096
baseline_qknorm,2046,4.0221,2.6322,0.047363
baseline_qknorm,2047,4.0241,2.6014,0.04834
baseline_qknorm,2048,4.026,2.6729,0.048828
baseline_qknorm,2049,4.028,2.6055,0.04834
baseline_qknorm,2050,4.03,2.6458,0.047363
baseline_qknorm,2051,4.0319,2.641,0.04834
baseline_qknorm,2052,4.0339,2.6181,0.050293
baseline_qknorm,2053,4.0359,2.6133,0.046875
baseline_qknorm,2054,4.0378,2.6199,0.048828
baseline_qknorm,2055,4.0398,2.6196,0.047852
baseline_qknorm,2056,4.0418,2.6459,0.047119
baseline_qknorm,2057,4.0437,2.6446,0.049072
baseline_qknorm,2058,4.0457,2.6329,0.046387
baseline_qknorm,2059,4.0477,2.6352,0.047852
baseline_qknorm,2060,4.0496,2.6237,0.049561
baseline_qknorm,2061,4.0516,2.6292,0.046387
baseline_qknorm,2062,4.0536,2.6246,0.045654
baseline_qknorm,2063,4.0555,2.6103,0.046387
baseline_qknorm,2064,4.0575,2.6568,0.046143
baseline_qknorm,2065,4.0595,2.611,0.048828
baseline_qknorm,2066,4.0614,2.6285,0.047119
baseline_qknorm,2067,4.0634,2.6389,0.051758
baseline_qknorm,2068,4.0654,2.6306,0.047119
baseline_qknorm,2069,4.0673,2.6289,0.048096
baseline_qknorm,2070,4.0693,2.6585,0.045898
baseline_qknorm,2071,4.0713,2.6202,0.049072
baseline_qknorm,2072,4.0732,2.6054,0.048828
baseline_qknorm,2073,4.0752,2.6413,0.04834
baseline_qknorm,2074,4.0772,2.6299,0.04834
baseline_qknorm,2075,4.0791,2.6254,0.047363
baseline_qknorm,2076,4.0811,2.6161,0.045166
baseline_qknorm,2077,4.083,2.709,0.052979
baseline_qknorm,2078,4.085,2.6355,0.047607
baseline_qknorm,2079,4.087,2.6034,0.048828
baseline_qknorm,2080,4.0889,2.6537,0.066406
baseline_qknorm,2081,4.0909,2.6545,0.052734
baseline_qknorm,2082,4.0929,2.6239,0.05127
baseline_qknorm,2083,4.0948,2.6788,0.048828
baseline_qknorm,2084,4.0968,2.6188,0.047119
baseline_qknorm,2085,4.0988,2.6338,0.050781
baseline_qknorm,2086,4.1007,2.6497,0.047607
baseline_qknorm,2087,4.1027,2.6034,0.046387
baseline_qknorm,2088,4.1047,2.636,0.047363
baseline_qknorm,2089,4.1066,2.6312,0.048096
baseline_qknorm,2090,4.1086,2.6476,0.046387
baseline_qknorm,2091,4.1106,2.6083,0.047363
baseline_qknorm,2092,4.1125,2.6305,0.050293
baseline_qknorm,2093,4.1145,2.6354,0.048096
baseline_qknorm,2094,4.1165,2.6236,0.047363
baseline_qknorm,2095,4.1184,2.6552,0.047363
baseline_qknorm,2096,4.1204,2.655,0.047607
baseline_qknorm,2097,4.1224,2.6205,0.047607
baseline_qknorm,2098,4.1243,2.6429,0.046387
baseline_qknorm,2099,4.1263,2.6549,0.046875
baseline_qknorm,2100,4.1283,2.6403,0.047119
baseline_qknorm,2101,4.1302,2.62,0.046631
baseline_qknorm,2102,4.1322,2.6239,0.046631
baseline_qknorm,2103,4.1342,2.6412,0.047852
baseline_qknorm,2104,4.1361,2.6242,0.047119
baseline_qknorm,2105,4.1381,2.6188,0.046143
baseline_qknorm,2106,4.1401,2.6392,0.046631
baseline_qknorm,2107,4.142,2.6452,0.048096
baseline_qknorm,2108,4.144,2.6308,0.048828
baseline_qknorm,2109,4.146,2.6066,0.047607
baseline_qknorm,2110,4.1479,2.6524,0.047363
baseline_qknorm,2111,4.1499,2.6068,0.047607
baseline_qknorm,2112,4.1519,2.6398,0.04834
baseline_qknorm,2113,4.1538,2.6599,0.047363
baseline_qknorm,2114,4.1558,2.6242,0.048096
baseline_qknorm,2115,4.1578,2.6242,0.047363
baseline_qknorm,2116,4.1597,2.6357,0.046875
baseline_qknorm,2117,4.1617,2.6397,0.049072
baseline_qknorm,2118,4.1636,2.6077,0.04541
baseline_qknorm,2119,4.1656,2.633,0.050781
baseline_qknorm,2120,4.1676,2.6157,0.048584
baseline_qknorm,2121,4.1695,2.6225,0.048584
baseline_qknorm,2122,4.1715,2.6617,0.048828
baseline_qknorm,2123,4.1735,2.6242,0.047119
baseline_qknorm,2124,4.1754,2.6318,0.045898
baseline_qknorm,2125,4.1774,2.6278,0.047607
baseline_qknorm,2126,4.1794,2.6474,0.047363
baseline_qknorm,2127,4.1813,2.627,0.049072
baseline_qknorm,2128,4.1833,2.6286,0.048828
baseline_qknorm,2129,4.1853,2.6161,0.047607
baseline_qknorm,2130,4.1872,2.6325,0.047852
baseline_qknorm,2131,4.1892,2.5902,0.049316
baseline_qknorm,2132,4.1912,2.6418,0.048828
baseline_qknorm,2133,4.1931,2.6368,0.049561
baseline_qknorm,2134,4.1951,2.6467,0.051025
baseline_qknorm,2135,4.1971,2.6268,0.049561
baseline_qknorm,2136,4.199,2.6343,0.050049
baseline_qknorm,2137,4.201,2.6123,0.047607
baseline_qknorm,2138,4.203,2.631,0.049561
baseline_qknorm,2139,4.2049,2.6021,0.05127
baseline_qknorm,2140,4.2069,2.6452,0.047363
baseline_qknorm,2141,4.2089,2.6284,0.047852
baseline_qknorm,2142,4.2108,2.6301,0.047852
baseline_qknorm,2143,4.2128,2.6434,0.049072
baseline_qknorm,2144,4.2148,2.6364,0.050537
baseline_qknorm,2145,4.2167,2.6233,0.049316
baseline_qknorm,2146,4.2187,2.6107,0.047607
baseline_qknorm,2147,4.2207,2.6277,0.047119
baseline_qknorm,2148,4.2226,2.6134,0.047119
baseline_qknorm,2149,4.2246,2.5861,0.046875
baseline_qknorm,2150,4.2266,2.6014,0.046875
baseline_qknorm,2151,4.2285,2.6485,0.047363
baseline_qknorm,2152,4.2305,2.6018,0.047607
baseline_qknorm,2153,4.2325,2.6254,0.049561
baseline_qknorm,2154,4.2344,2.6024,0.047607
baseline_qknorm,2155,4.2364,2.5836,0.047852
baseline_qknorm,2156,4.2384,2.6066,0.04834
baseline_qknorm,2157,4.2403,2.6581,0.048828
baseline_qknorm,2158,4.2423,2.6076,0.047363
baseline_qknorm,2159,4.2442,2.6245,0.049561
baseline_qknorm,2160,4.2462,2.6046,0.048584
baseline_qknorm,2161,4.2482,2.6299,0.047119
baseline_qknorm,2162,4.2501,2.6104,0.047607
baseline_qknorm,2163,4.2521,2.603,0.047852
baseline_qknorm,2164,4.2541,2.6525,0.052002
baseline_qknorm,2165,4.256,2.6421,0.050049
baseline_qknorm,2166,4.258,2.6321,0.048096
baseline_qknorm,2167,4.26,2.6397,0.048584
baseline_qknorm,2168,4.2619,2.665,0.047363
baseline_qknorm,2169,4.2639,2.6176,0.04834
baseline_qknorm,2170,4.2659,2.6507,0.049072
baseline_qknorm,2171,4.2678,2.6217,0.048828
baseline_qknorm,2172,4.2698,2.6315,0.048096
baseline_qknorm,2173,4.2718,2.6316,0.047119
baseline_qknorm,2174,4.2737,2.6206,0.049561
baseline_qknorm,2175,4.2757,2.6154,0.060303
baseline_qknorm,2176,4.2777,2.6046,0.050049
baseline_qknorm,2177,4.2796,2.649,0.049805
baseline_qknorm,2178,4.2816,2.5848,0.048584
baseline_qknorm,2179,4.2836,2.6504,0.047363
baseline_qknorm,2180,4.2855,2.6306,0.047607
baseline_qknorm,2181,4.2875,2.6388,0.04541
baseline_qknorm,2182,4.2895,2.6029,0.048584
baseline_qknorm,2183,4.2914,2.6239,0.050049
baseline_qknorm,2184,4.2934,2.6222,0.047363
baseline_qknorm,2185,4.2954,2.6165,0.047607
baseline_qknorm,2186,4.2973,2.6119,0.047363
baseline_qknorm,2187,4.2993,2.574,0.047363
baseline_qknorm,2188,4.3013,2.5949,0.048096
baseline_qknorm,2189,4.3032,2.6295,0.051758
baseline_qknorm,2190,4.3052,2.6059,0.046631
baseline_qknorm,2191,4.3072,2.6019,0.046631
baseline_qknorm,2192,4.3091,2.653,0.046631
baseline_qknorm,2193,4.3111,2.6297,0.048584
baseline_qknorm,2194,4.3131,2.605,0.048096
baseline_qknorm,2195,4.315,2.6356,0.046387
baseline_qknorm,2196,4.317,2.6507,0.046875
baseline_qknorm,2197,4.319,2.6353,0.047607
baseline_qknorm,2198,4.3209,2.6184,0.047363
baseline_qknorm,2199,4.3229,2.6329,0.048828
baseline_qknorm,2200,4.3248,2.6511,0.049316
baseline_qknorm,2201,4.3268,2.6263,0.046631
baseline_qknorm,2202,4.3288,2.6412,0.046875
baseline_qknorm,2203,4.3307,2.5977,0.047119
baseline_qknorm,2204,4.3327,2.5912,0.047607
baseline_qknorm,2205,4.3347,2.642,0.046631
baseline_qknorm,2206,4.3366,2.6102,0.048584
baseline_qknorm,2207,4.3386,2.6432,0.047119
baseline_qknorm,2208,4.3406,2.6127,0.048096
baseline_qknorm,2209,4.3425,2.6229,0.046875
baseline_qknorm,2210,4.3445,2.5977,0.047119
baseline_qknorm,2211,4.3465,2.6264,0.047607
baseline_qknorm,2212,4.3484,2.6072,0.045898
baseline_qknorm,2213,4.3504,2.6205,0.047852
baseline_qknorm,2214,4.3524,2.6294,0.047852
baseline_qknorm,2215,4.3543,2.5909,0.046875
baseline_qknorm,2216,4.3563,2.619,0.045898
baseline_qknorm,2217,4.3583,2.6192,0.04834
baseline_qknorm,2218,4.3602,2.6205,0.047363
baseline_qknorm,2219,4.3622,2.6145,0.047119
baseline_qknorm,2220,4.3642,2.5974,0.047363
baseline_qknorm,2221,4.3661,2.5977,0.046631
baseline_qknorm,2222,4.3681,2.6376,0.046631
baseline_qknorm,2223,4.3701,2.6305,0.059082
baseline_qknorm,2224,4.372,2.6385,0.047607
baseline_qknorm,2225,4.374,2.617,0.048828
baseline_qknorm,2226,4.376,2.582,0.045654
baseline_qknorm,2227,4.3779,2.6211,0.046631
baseline_qknorm,2228,4.3799,2.6082,0.046875
baseline_qknorm,2229,4.3819,2.6027,0.048096
baseline_qknorm,2230,4.3838,2.609,0.046631
baseline_qknorm,2231,4.3858,2.625,0.047363
baseline_qknorm,2232,4.3878,2.6384,0.047607
baseline_qknorm,2233,4.3897,2.6153,0.049072
baseline_qknorm,2234,4.3917,2.6056,0.048584
baseline_qknorm,2235,4.3937,2.6261,0.047852
baseline_qknorm,2236,4.3956,2.6173,0.047119
baseline_qknorm,2237,4.3976,2.5966,0.046875
baseline_qknorm,2238,4.3995,2.6146,0.047119
baseline_qknorm,2239,4.4015,2.5966,0.046631
baseline_qknorm,2240,4.4035,2.5893,0.047119
baseline_qknorm,2241,4.4054,2.5915,0.046143
baseline_qknorm,2242,4.4074,2.6107,0.046631
baseline_qknorm,2243,4.4094,2.5871,0.045166
baseline_qknorm,2244,4.4113,2.6281,0.046387
baseline_qknorm,2245,4.4133,2.6171,0.047119
baseline_qknorm,2246,4.4153,2.5883,0.050781
baseline_qknorm,2247,4.4172,2.6117,0.047119
baseline_qknorm,2248,4.4192,2.6074,0.04834
baseline_qknorm,2249,4.4212,2.5779,0.048584
baseline_qknorm,2250,4.4231,2.5935,0.047119
baseline_qknorm,2251,4.4251,2.6008,0.046875
baseline_qknorm,2252,4.4271,2.6108,0.047607
baseline_qknorm,2253,4.429,2.6152,0.047363
baseline_qknorm,2254,4.431,2.6021,0.046143
baseline_qknorm,2255,4.433,2.6521,0.049561
baseline_qknorm,2256,4.4349,2.5855,0.047363
baseline_qknorm,2257,4.4369,2.6439,0.046631
baseline_qknorm,2258,4.4389,2.6319,0.048584
baseline_qknorm,2259,4.4408,2.6266,0.047119
baseline_qknorm,2260,4.4428,2.5781,0.049316
baseline_qknorm,2261,4.4448,2.6034,0.049561
baseline_qknorm,2262,4.4467,2.5879,0.048584
baseline_qknorm,2263,4.4487,2.5959,0.04834
baseline_qknorm,2264,4.4507,2.6159,0.046387
baseline_qknorm,2265,4.4526,2.6267,0.047607
baseline_qknorm,2266,4.4546,2.6241,0.047363
baseline_qknorm,2267,4.4566,2.6246,0.048828
baseline_qknorm,2268,4.4585,2.6002,0.047852
baseline_qknorm,2269,4.4605,2.6351,0.049561
baseline_qknorm,2270,4.4625,2.6166,0.045898
baseline_qknorm,2271,4.4644,2.6139,0.045898
baseline_qknorm,2272,4.4664,2.5878,0.047852
baseline_qknorm,2273,4.4684,2.6251,0.046143
baseline_qknorm,2274,4.4703,2.6043,0.047852
baseline_qknorm,2275,4.4723,2.6222,0.046875
baseline_qknorm,2276,4.4743,2.6004,0.047852
baseline_qknorm,2277,4.4762,2.5688,0.047363
baseline_qknorm,2278,4.4782,2.6256,0.046631
baseline_qknorm,2279,4.4801,2.6388,0.047119
baseline_qknorm,2280,4.4821,2.5839,0.045898
baseline_qknorm,2281,4.4841,2.5643,0.046875
baseline_qknorm,2282,4.486,2.5955,0.048096
baseline_qknorm,2283,4.488,2.5918,0.046875
baseline_qknorm,2284,4.49,2.621,0.04834
baseline_qknorm,2285,4.4919,2.5824,0.046143
baseline_qknorm,2286,4.4939,2.5994,0.046631
baseline_qknorm,2287,4.4959,2.5675,0.046387
baseline_qknorm,2288,4.4978,2.6003,0.046631
baseline_qknorm,2289,4.4998,2.599,0.046631
baseline_qknorm,2290,4.5018,2.6072,0.046875
baseline_qknorm,2291,4.5037,2.6128,0.047852
baseline_qknorm,2292,4.5057,2.617,0.049561
baseline_qknorm,2293,4.5077,2.6514,0.048096
baseline_qknorm,2294,4.5096,2.6122,0.047363
baseline_qknorm,2295,4.5116,2.6155,0.047607
baseline_qknorm,2296,4.5136,2.6028,0.047363
baseline_qknorm,2297,4.5155,2.6506,0.05249
baseline_qknorm,2298,4.5175,2.6313,0.046875
baseline_qknorm,2299,4.5195,2.5679,0.046631
baseline_qknorm,2300,4.5214,2.6274,0.048828
baseline_qknorm,2301,4.5234,2.6169,0.050781
baseline_qknorm,2302,4.5254,2.5965,0.046387
baseline_qknorm,2303,4.5273,2.5865,0.047852
baseline_qknorm,2304,4.5293,2.5985,0.046387
baseline_qknorm,2305,4.5313,2.6077,0.047363
baseline_qknorm,2306,4.5332,2.621,0.050049
baseline_qknorm,2307,4.5352,2.5936,0.047119
baseline_qknorm,2308,4.5372,2.6245,0.047607
baseline_qknorm,2309,4.5391,2.6171,0.046387
baseline_qknorm,2310,4.5411,2.6024,0.047119
baseline_qknorm,2311,4.5431,2.6171,0.045898
baseline_qknorm,2312,4.545,2.6325,0.047363
baseline_qknorm,2313,4.547,2.6144,0.046387
baseline_qknorm,2314,4.549,2.6329,0.046387
baseline_qknorm,2315,4.5509,2.6102,0.052246
baseline_qknorm,2316,4.5529,2.5797,0.046875
baseline_qknorm,2317,4.5549,2.607,0.051514
baseline_qknorm,2318,4.5568,2.5987,0.047119
baseline_qknorm,2319,4.5588,2.6392,0.048584
baseline_qknorm,2320,4.5607,2.6208,0.047607
baseline_qknorm,2321,4.5627,2.6117,0.047607
baseline_qknorm,2322,4.5647,2.5918,0.049805
baseline_qknorm,2323,4.5666,2.6514,0.048828
baseline_qknorm,2324,4.5686,2.624,0.046875
baseline_qknorm,2325,4.5706,2.6139,0.045166
baseline_qknorm,2326,4.5725,2.6035,0.048828
baseline_qknorm,2327,4.5745,2.6137,0.047852
baseline_qknorm,2328,4.5765,2.6275,0.048828
baseline_qknorm,2329,4.5784,2.6099,0.047363
baseline_qknorm,2330,4.5804,2.5902,0.047852
baseline_qknorm,2331,4.5824,2.644,0.046631
baseline_qknorm,2332,4.5843,2.6241,0.046875
baseline_qknorm,2333,4.5863,2.6174,0.046875
baseline_qknorm,2334,4.5883,2.567,0.046631
baseline_qknorm,2335,4.5902,2.549,0.049561
baseline_qknorm,2336,4.5922,2.6013,0.047363
baseline_qknorm,2337,4.5942,2.6067,0.048096
baseline_qknorm,2338,4.5961,2.5796,0.048096
baseline_qknorm,2339,4.5981,2.6145,0.047852
baseline_qknorm,2340,4.6001,2.5773,0.047363
baseline_qknorm,2341,4.602,2.6184,0.046875
baseline_qknorm,2342,4.604,2.5891,0.04541
baseline_qknorm,2343,4.606,2.618,0.046875
baseline_qknorm,2344,4.6079,2.6076,0.04541
baseline_qknorm,2345,4.6099,2.5749,0.046631
baseline_qknorm,2346,4.6119,2.588,0.046387
baseline_qknorm,2347,4.6138,2.6102,0.047607
baseline_qknorm,2348,4.6158,2.5738,0.048828
baseline_qknorm,2349,4.6178,2.5835,0.048096
baseline_qknorm,2350,4.6197,2.5968,0.046875
baseline_qknorm,2351,4.6217,2.6312,0.047363
baseline_qknorm,2352,4.6237,2.5753,0.046387
baseline_qknorm,2353,4.6256,2.5978,0.045898
baseline_qknorm,2354,4.6276,2.6219,0.047852
baseline_qknorm,2355,4.6296,2.6199,0.046631
baseline_qknorm,2356,4.6315,2.5987,0.046875
baseline_qknorm,2357,4.6335,2.619,0.045654
baseline_qknorm,2358,4.6355,2.6164,0.046631
baseline_qknorm,2359,4.6374,2.5877,0.046143
baseline_qknorm,2360,4.6394,2.6578,0.045898
baseline_qknorm,2361,4.6413,2.6376,0.046631
baseline_qknorm,2362,4.6433,2.6011,0.046143
baseline_qknorm,2363,4.6453,2.6366,0.047607
baseline_qknorm,2364,4.6472,2.6854,0.048584
baseline_qknorm,2365,4.6492,2.6085,0.047852
baseline_qknorm,2366,4.6512,2.5872,0.046387
baseline_qknorm,2367,4.6531,2.571,0.045654
baseline_qknorm,2368,4.6551,2.6126,0.045898
baseline_qknorm,2369,4.6571,2.5953,0.046631
baseline_qknorm,2370,4.659,2.6529,0.046875
baseline_qknorm,2371,4.661,2.6145,0.048096
baseline_qknorm,2372,4.663,2.6399,0.048584
baseline_qknorm,2373,4.6649,2.6002,0.046875
baseline_qknorm,2374,4.6669,2.6157,0.045898
baseline_qknorm,2375,4.6689,2.6189,0.047363
baseline_qknorm,2376,4.6708,2.608,0.046387
baseline_qknorm,2377,4.6728,2.6016,0.097656
baseline_qknorm,2378,4.6748,2.6051,0.048096
baseline_qknorm,2379,4.6767,2.5991,0.046631
baseline_qknorm,2380,4.6787,2.588,0.047119
baseline_qknorm,2381,4.6807,2.624,0.047852
baseline_qknorm,2382,4.6826,2.5955,0.046143
baseline_qknorm,2383,4.6846,2.6226,0.047852
baseline_qknorm,2384,4.6866,2.6782,0.057373
baseline_qknorm,2385,4.6885,2.5984,0.046875
baseline_qknorm,2386,4.6905,2.6161,0.04834
baseline_qknorm,2387,4.6925,2.6065,0.046143
baseline_qknorm,2388,4.6944,2.6159,0.046387
baseline_qknorm,2389,4.6964,2.5784,0.052002
baseline_qknorm,2390,4.6984,2.6237,0.046631
baseline_qknorm,2391,4.7003,2.6097,0.046631
baseline_qknorm,2392,4.7023,2.5953,0.046143
baseline_qknorm,2393,4.7043,2.6145,0.046875
baseline_qknorm,2394,4.7062,2.6022,0.045898
baseline_qknorm,2395,4.7082,2.587,0.044922
baseline_qknorm,2396,4.7102,2.5989,0.049316
baseline_qknorm,2397,4.7121,2.617,0.046875
baseline_qknorm,2398,4.7141,2.6808,0.049316
baseline_qknorm,2399,4.7161,2.6227,0.047119
baseline_qknorm,2400,4.718,2.5809,0.047363
baseline_qknorm,2401,4.72,2.65,0.047607
baseline_qknorm,2402,4.7219,2.6018,0.047363
baseline_qknorm,2403,4.7239,2.6244,0.046631
baseline_qknorm,2404,4.7259,2.5944,0.047119
baseline_qknorm,2405,4.7278,2.6198,0.047363
baseline_qknorm,2406,4.7298,2.5722,0.047119
baseline_qknorm,2407,4.7318,2.588,0.045898
baseline_qknorm,2408,4.7337,2.6219,0.047852
baseline_qknorm,2409,4.7357,2.6433,0.046143
baseline_qknorm,2410,4.7377,2.6249,0.047363
baseline_qknorm,2411,4.7396,2.6365,0.047363
baseline_qknorm,2412,4.7416,2.6053,0.046631
baseline_qknorm,2413,4.7436,2.6246,0.046631
baseline_qknorm,2414,4.7455,2.6071,0.046143
baseline_qknorm,2415,4.7475,2.5719,0.047363
baseline_qknorm,2416,4.7495,2.634,0.049072
baseline_qknorm,2417,4.7514,2.6295,0.049072
baseline_qknorm,2418,4.7534,2.5896,0.045654
baseline_qknorm,2419,4.7554,2.5908,0.049561
baseline_qknorm,2420,4.7573,2.6233,0.047607
baseline_qknorm,2421,4.7593,2.6012,0.046631
baseline_qknorm,2422,4.7613,2.5693,0.045898
baseline_qknorm,2423,4.7632,2.6112,0.046875
baseline_qknorm,2424,4.7652,2.587,0.046875
baseline_qknorm,2425,4.7672,2.5889,0.046387
baseline_qknorm,2426,4.7691,2.6017,0.048584
baseline_qknorm,2427,4.7711,2.5729,0.046387
baseline_qknorm,2428,4.7731,2.6062,0.046875
baseline_qknorm,2429,4.775,2.5929,0.046387
baseline_qknorm,2430,4.777,2.6029,0.045654
baseline_qknorm,2431,4.779,2.597,0.046631
baseline_qknorm,2432,4.7809,2.6488,0.046631
baseline_qknorm,2433,4.7829,2.5969,0.047607
baseline_qknorm,2434,4.7849,2.5916,0.045898
baseline_qknorm,2435,4.7868,2.5939,0.049072
baseline_qknorm,2436,4.7888,2.6317,0.051514
baseline_qknorm,2437,4.7908,2.5747,0.045898
baseline_qknorm,2438,4.7927,2.5942,0.047119
baseline_qknorm,2439,4.7947,2.5823,0.048584
baseline_qknorm,2440,4.7966,2.5932,0.048584
baseline_qknorm,2441,4.7986,2.6034,0.046875
baseline_qknorm,2442,4.8006,2.6102,0.046387
baseline_qknorm,2443,4.8025,2.5788,0.047363
baseline_qknorm,2444,4.8045,2.5823,0.046875
baseline_qknorm,2445,4.8065,2.5639,0.046875
baseline_qknorm,2446,4.8084,2.6051,0.04541
baseline_qknorm,2447,4.8104,2.6215,0.048584
baseline_qknorm,2448,4.8124,2.6164,0.04834
baseline_qknorm,2449,4.8143,2.6004,0.049316
baseline_qknorm,2450,4.8163,2.5885,0.04541
baseline_qknorm,2451,4.8183,2.5948,0.046875
baseline_qknorm,2452,4.8202,2.628,0.049561
baseline_qknorm,2453,4.8222,2.5804,0.047119
baseline_qknorm,2454,4.8242,2.6163,0.046875
baseline_qknorm,2455,4.8261,2.6034,0.047607
baseline_qknorm,2456,4.8281,2.6004,0.046631
baseline_qknorm,2457,4.8301,2.5972,0.046387
baseline_qknorm,2458,4.832,2.6149,0.047119
baseline_qknorm,2459,4.834,2.5919,0.047363
baseline_qknorm,2460,4.836,2.585,0.047852
baseline_qknorm,2461,4.8379,2.5916,0.068359
baseline_qknorm,2462,4.8399,2.6091,0.047119
baseline_qknorm,2463,4.8419,2.6098,0.046631
baseline_qknorm,2464,4.8438,2.6092,0.046143
baseline_qknorm,2465,4.8458,2.6226,0.047607
baseline_qknorm,2466,4.8478,2.5755,0.046143
baseline_qknorm,2467,4.8497,2.613,0.046875
baseline_qknorm,2468,4.8517,2.5846,0.047119
baseline_qknorm,2469,4.8537,2.5813,0.046875
baseline_qknorm,2470,4.8556,2.6007,0.046875
baseline_qknorm,2471,4.8576,2.6325,0.048828
baseline_qknorm,2472,4.8596,2.659,0.047119
baseline_qknorm,2473,4.8615,2.6511,0.057861
baseline_qknorm,2474,4.8635,2.6038,0.050049
baseline_qknorm,2475,4.8655,2.5862,0.045654
baseline_qknorm,2476,4.8674,2.6067,0.047607
baseline_qknorm,2477,4.8694,2.5932,0.046631
baseline_qknorm,2478,4.8714,2.5813,0.046875
baseline_qknorm,2479,4.8733,2.5746,0.048584
baseline_qknorm,2480,4.8753,2.5757,0.047119
baseline_qknorm,2481,4.8772,2.5752,0.047852
baseline_qknorm,2482,4.8792,2.5903,0.046387
baseline_qknorm,2483,4.8812,2.5996,0.046631
baseline_qknorm,2484,4.8831,2.6247,0.04541
baseline_qknorm,2485,4.8851,2.5837,0.046387
baseline_qknorm,2486,4.8871,2.6045,0.04541
baseline_qknorm,2487,4.889,2.581,0.047363
baseline_qknorm,2488,4.891,2.6927,0.047363
baseline_qknorm,2489,4.893,2.6042,0.046631
baseline_qknorm,2490,4.8949,2.6051,0.046387
baseline_qknorm,2491,4.8969,2.671,0.048096
baseline_qknorm,2492,4.8989,2.6328,0.046631
baseline_qknorm,2493,4.9008,2.5908,0.046143
baseline_qknorm,2494,4.9028,2.5859,0.045898
baseline_qknorm,2495,4.9048,2.5813,0.046631
baseline_qknorm,2496,4.9067,2.5854,0.046875
baseline_qknorm,2497,4.9087,2.5975,0.046143
baseline_qknorm,2498,4.9107,2.6171,0.046631
baseline_qknorm,2499,4.9126,2.6013,0.047119
baseline_qknorm,2500,4.9146,2.6137,0.047607
baseline_qknorm,2501,4.9166,2.6122,0.046875
baseline_qknorm,2502,4.9185,2.5708,0.047852
baseline_qknorm,2503,4.9205,2.6075,0.048828
baseline_qknorm,2504,4.9225,2.6014,0.048828
baseline_qknorm,2505,4.9244,2.5656,0.04834
baseline_qknorm,2506,4.9264,2.5788,0.047363
baseline_qknorm,2507,4.9284,2.5935,0.046143
baseline_qknorm,2508,4.9303,2.5834,0.047852
baseline_qknorm,2509,4.9323,2.6062,0.046631
baseline_qknorm,2510,4.9343,2.5949,0.047119
baseline_qknorm,2511,4.9362,2.6233,0.047119
baseline_qknorm,2512,4.9382,2.5845,0.046143
baseline_qknorm,2513,4.9402,2.6271,0.045654
baseline_qknorm,2514,4.9421,2.6179,0.046631
baseline_qknorm,2515,4.9441,2.58,0.047119
baseline_qknorm,2516,4.9461,2.555,0.046387
baseline_qknorm,2517,4.948,2.5701,0.048096
baseline_qknorm,2518,4.95,2.6483,0.047607
baseline_qknorm,2519,4.952,2.5924,0.047363
baseline_qknorm,2520,4.9539,2.6188,0.048096
baseline_qknorm,2521,4.9559,2.5729,0.046387
baseline_qknorm,2522,4.9578,2.5908,0.046631
baseline_qknorm,2523,4.9598,2.5901,0.047363
baseline_qknorm,2524,4.9618,2.624,0.046387
baseline_qknorm,2525,4.9637,2.5904,0.045898
baseline_qknorm,2526,4.9657,2.5467,0.045898
baseline_qknorm,2527,4.9677,2.5865,0.046143
baseline_qknorm,2528,4.9696,2.5961,0.047607
baseline_qknorm,2529,4.9716,2.553,0.046143
baseline_qknorm,2530,4.9736,2.5922,0.047363
baseline_qknorm,2531,4.9755,2.6266,0.046875
baseline_qknorm,2532,4.9775,2.6265,0.046143
baseline_qknorm,2533,4.9795,2.5789,0.04541
baseline_qknorm,2534,4.9814,2.5797,0.047119
baseline_qknorm,2535,4.9834,2.5709,0.04541
baseline_qknorm,2536,4.9854,2.6,0.048096
baseline_qknorm,2537,4.9873,2.5894,0.048828
baseline_qknorm,2538,4.9893,2.5683,0.046143
baseline_qknorm,2539,4.9913,2.6054,0.047852
baseline_qknorm,2540,4.9932,2.6035,0.046387
baseline_qknorm,2541,4.9952,2.6003,0.045654
baseline_qknorm,2542,4.9972,2.6099,0.047363
baseline_qknorm,2543,4.9991,2.6106,0.045898
baseline_qknorm,2544,5.0011,2.6031,0.048584
baseline_qknorm,2545,5.0031,2.6112,0.048096
baseline_qknorm,2546,5.005,2.5993,0.047119
baseline_qknorm,2547,5.007,2.5827,0.046387
baseline_qknorm,2548,5.009,2.5658,0.045654
baseline_qknorm,2549,5.0109,2.5847,0.047852
baseline_qknorm,2550,5.0129,2.5979,0.047607
baseline_qknorm,2551,5.0149,2.6211,0.047119
baseline_qknorm,2552,5.0168,2.5908,0.046143
baseline_qknorm,2553,5.0188,2.6248,0.04541
baseline_qknorm,2554,5.0208,2.5557,0.047607
baseline_qknorm,2555,5.0227,2.5745,0.047852
baseline_qknorm,2556,5.0247,2.5886,0.045898
baseline_qknorm,2557,5.0267,2.5991,0.046387
baseline_qknorm,2558,5.0286,2.5834,0.047607
baseline_qknorm,2559,5.0306,2.5809,0.047363
baseline_qknorm,2560,5.0326,2.5785,0.047119
baseline_qknorm,2561,5.0345,2.5792,0.045898
baseline_qknorm,2562,5.0365,2.5809,0.047363
baseline_qknorm,2563,5.0384,2.6315,0.046875
baseline_qknorm,2564,5.0404,2.5959,0.046875
baseline_qknorm,2565,5.0424,2.5734,0.045166
baseline_qknorm,2566,5.0443,2.6162,0.046631
baseline_qknorm,2567,5.0463,2.5668,0.046875
baseline_qknorm,2568,5.0483,2.5871,0.049561
baseline_qknorm,2569,5.0502,2.5908,0.046631
baseline_qknorm,2570,5.0522,2.5953,0.047363
baseline_qknorm,2571,5.0542,2.6145,0.046631
baseline_qknorm,2572,5.0561,2.5843,0.046387
baseline_qknorm,2573,5.0581,2.6146,0.046387
baseline_qknorm,2574,5.0601,2.593,0.052979
baseline_qknorm,2575,5.062,2.6152,0.047363
baseline_qknorm,2576,5.064,2.5972,0.049072
baseline_qknorm,2577,5.066,2.6121,0.051758
baseline_qknorm,2578,5.0679,2.6022,0.046875
baseline_qknorm,2579,5.0699,2.5678,0.047607
baseline_qknorm,2580,5.0719,2.5974,0.045654
baseline_qknorm,2581,5.0738,2.5701,0.047363
baseline_qknorm,2582,5.0758,2.6032,0.047363
baseline_qknorm,2583,5.0778,2.5811,0.046387
baseline_qknorm,2584,5.0797,2.6193,0.046875
baseline_qknorm,2585,5.0817,2.5985,0.048096
baseline_qknorm,2586,5.0837,2.5727,0.046143
baseline_qknorm,2587,5.0856,2.5953,0.046631
baseline_qknorm,2588,5.0876,2.588,0.046387
baseline_qknorm,2589,5.0896,2.6054,0.045166
baseline_qknorm,2590,5.0915,2.5811,0.046387
baseline_qknorm,2591,5.0935,2.6222,0.046387
baseline_qknorm,2592,5.0955,2.5924,0.046387
baseline_qknorm,2593,5.0974,2.608,0.04834
baseline_qknorm,2594,5.0994,2.6062,0.044922
baseline_qknorm,2595,5.1014,2.608,0.047607
baseline_qknorm,2596,5.1033,2.5954,0.046631
baseline_qknorm,2597,5.1053,2.6004,0.046143
baseline_qknorm,2598,5.1073,2.586,0.04541
baseline_qknorm,2599,5.1092,2.6071,0.046875
baseline_qknorm,2600,5.1112,2.5797,0.045898
baseline_qknorm,2601,5.1131,2.619,0.047119
baseline_qknorm,2602,5.1151,2.5968,0.045898
baseline_qknorm,2603,5.1171,2.6101,0.046143
baseline_qknorm,2604,5.119,2.5838,0.046875
baseline_qknorm,2605,5.121,2.5869,0.045898
baseline_qknorm,2606,5.123,2.5821,0.046143
baseline_qknorm,2607,5.1249,2.6322,0.046387
baseline_qknorm,2608,5.1269,2.5744,0.046387
baseline_qknorm,2609,5.1289,2.5793,0.046387
baseline_qknorm,2610,5.1308,2.6013,0.046387
baseline_qknorm,2611,5.1328,2.5643,0.049561
baseline_qknorm,2612,5.1348,2.6201,0.046875
baseline_qknorm,2613,5.1367,2.5664,0.044922
baseline_qknorm,2614,5.1387,2.5844,0.04541
baseline_qknorm,2615,5.1407,2.571,0.046143
baseline_qknorm,2616,5.1426,2.5853,0.046631
baseline_qknorm,2617,5.1446,2.5809,0.044922
baseline_qknorm,2618,5.1466,2.6542,0.050049
baseline_qknorm,2619,5.1485,2.5782,0.046631
baseline_qknorm,2620,5.1505,2.5883,0.046143
baseline_qknorm,2621,5.1525,2.5639,0.045898
baseline_qknorm,2622,5.1544,2.5754,0.045898
baseline_qknorm,2623,5.1564,2.6041,0.047363
baseline_qknorm,2624,5.1584,2.5675,0.046875
baseline_qknorm,2625,5.1603,2.5542,0.045166
baseline_qknorm,2626,5.1623,2.5907,0.045166
baseline_qknorm,2627,5.1643,2.6097,0.046631
baseline_qknorm,2628,5.1662,2.5835,0.045166
baseline_qknorm,2629,5.1682,2.5992,0.046387
baseline_qknorm,2630,5.1702,2.5857,0.046875
baseline_qknorm,2631,5.1721,2.5898,0.047852
baseline_qknorm,2632,5.1741,2.5642,0.047119
baseline_qknorm,2633,5.1761,2.6205,0.047607
baseline_qknorm,2634,5.178,2.5723,0.045898
baseline_qknorm,2635,5.18,2.6585,0.046387
baseline_qknorm,2636,5.182,2.5768,0.046631
baseline_qknorm,2637,5.1839,2.6387,0.046631
baseline_qknorm,2638,5.1859,2.5612,0.04541
baseline_qknorm,2639,5.1879,2.5961,0.047852
baseline_qknorm,2640,5.1898,2.5931,0.046387
baseline_qknorm,2641,5.1918,2.6145,0.045898
baseline_qknorm,2642,5.1937,2.5827,0.046387
baseline_qknorm,2643,5.1957,2.5876,0.045898
baseline_qknorm,2644,5.1977,2.6189,0.045654
baseline_qknorm,2645,5.1996,2.636,0.047363
baseline_qknorm,2646,5.2016,2.5793,0.046387
baseline_qknorm,2647,5.2036,2.6384,0.047119
baseline_qknorm,2648,5.2055,2.6094,0.048828
baseline_qknorm,2649,5.2075,2.5845,0.044922
baseline_qknorm,2650,5.2095,2.622,0.046875
baseline_qknorm,2651,5.2114,2.5858,0.046875
baseline_qknorm,2652,5.2134,2.5939,0.047852
baseline_qknorm,2653,5.2154,2.5716,0.044922
baseline_qknorm,2654,5.2173,2.5861,0.046387
baseline_qknorm,2655,5.2193,2.6166,0.046631
baseline_qknorm,2656,5.2213,2.5669,0.045898
baseline_qknorm,2657,5.2232,2.5616,0.047119
baseline_qknorm,2658,5.2252,2.5278,0.046387
baseline_qknorm,2659,5.2272,2.6002,0.047363
baseline_qknorm,2660,5.2291,2.6129,0.045898
baseline_qknorm,2661,5.2311,2.5938,0.047607
baseline_qknorm,2662,5.2331,2.5394,0.046143
baseline_qknorm,2663,5.235,2.5977,0.046631
baseline_qknorm,2664,5.237,2.5737,0.047119
baseline_qknorm,2665,5.239,2.5709,0.047363
baseline_qknorm,2666,5.2409,2.5834,0.045654
baseline_qknorm,2667,5.2429,2.6131,0.04541
baseline_qknorm,2668,5.2449,2.6147,0.046631
baseline_qknorm,2669,5.2468,2.5678,0.045898
baseline_qknorm,2670,5.2488,2.6008,0.046875
baseline_qknorm,2671,5.2508,2.604,0.046387
baseline_qknorm,2672,5.2527,2.6157,0.046387
baseline_qknorm,2673,5.2547,2.5925,0.048096
baseline_qknorm,2674,5.2567,2.5744,0.046143
baseline_qknorm,2675,5.2586,2.5777,0.04541
baseline_qknorm,2676,5.2606,2.5743,0.046387
baseline_qknorm,2677,5.2626,2.6295,0.051514
baseline_qknorm,2678,5.2645,2.5782,0.047607
baseline_qknorm,2679,5.2665,2.5927,0.048584
baseline_qknorm,2680,5.2685,2.6128,0.046387
baseline_qknorm,2681,5.2704,2.5693,0.046387
baseline_qknorm,2682,5.2724,2.5901,0.046631
baseline_qknorm,2683,5.2743,2.5994,0.046875
baseline_qknorm,2684,5.2763,2.5849,0.046143
baseline_qknorm,2685,5.2783,2.5928,0.047363
baseline_qknorm,2686,5.2802,2.5543,0.047607
baseline_qknorm,2687,5.2822,2.5912,0.04834
baseline_qknorm,2688,5.2842,2.5493,0.046631
baseline_qknorm,2689,5.2861,2.6055,0.046875
baseline_qknorm,2690,5.2881,2.5831,0.046387
baseline_qknorm,2691,5.2901,2.6004,0.046143
baseline_qknorm,2692,5.292,2.5965,0.046631
baseline_qknorm,2693,5.294,2.5752,0.046387
baseline_qknorm,2694,5.296,2.5986,0.049316
baseline_qknorm,2695,5.2979,2.5661,0.04834
baseline_qknorm,2696,5.2999,2.6129,0.045654
baseline_qknorm,2697,5.3019,2.5841,0.046387
baseline_qknorm,2698,5.3038,2.5767,0.046631
baseline_qknorm,2699,5.3058,2.5849,0.046143
baseline_qknorm,2700,5.3078,2.6063,0.046631
baseline_qknorm,2701,5.3097,2.609,0.046143
baseline_qknorm,2702,5.3117,2.5587,0.047363
baseline_qknorm,2703,5.3137,2.5811,0.045166
baseline_qknorm,2704,5.3156,2.618,0.048096
baseline_qknorm,2705,5.3176,2.5676,0.045898
baseline_qknorm,2706,5.3196,2.5737,0.046875
baseline_qknorm,2707,5.3215,2.5704,0.045654
baseline_qknorm,2708,5.3235,2.602,0.047119
baseline_qknorm,2709,5.3255,2.6178,0.046631
baseline_qknorm,2710,5.3274,2.5639,0.047363
baseline_qknorm,2711,5.3294,2.5879,0.046875
baseline_qknorm,2712,5.3314,2.5858,0.047363
baseline_qknorm,2713,5.3333,2.6144,0.046387
baseline_qknorm,2714,5.3353,2.5886,0.047607
baseline_qknorm,2715,5.3373,2.6069,0.074219
baseline_qknorm,2716,5.3392,2.6182,0.045898
baseline_qknorm,2717,5.3412,2.5768,0.046387
baseline_qknorm,2718,5.3432,2.5673,0.044922
baseline_qknorm,2719,5.3451,2.5799,0.046875
baseline_qknorm,2720,5.3471,2.5951,0.046631
baseline_qknorm,2721,5.3491,2.5816,0.04541
baseline_qknorm,2722,5.351,2.5881,0.046387
baseline_qknorm,2723,5.353,2.5703,0.046143
baseline_qknorm,2724,5.3549,2.6193,0.047363
baseline_qknorm,2725,5.3569,2.5841,0.046387
baseline_qknorm,2726,5.3589,2.595,0.045654
baseline_qknorm,2727,5.3608,2.5912,0.047607
baseline_qknorm,2728,5.3628,2.5818,0.046143
baseline_qknorm,2729,5.3648,2.6161,0.046631
baseline_qknorm,2730,5.3667,2.5687,0.046631
baseline_qknorm,2731,5.3687,2.5982,0.047607
baseline_qknorm,2732,5.3707,2.5653,0.061279
baseline_qknorm,2733,5.3726,2.5922,0.047119
baseline_qknorm,2734,5.3746,2.6441,0.048828
baseline_qknorm,2735,5.3766,2.599,0.046143
baseline_qknorm,2736,5.3785,2.5689,0.047607
baseline_qknorm,2737,5.3805,2.6914,0.047607
baseline_qknorm,2738,5.3825,2.5726,0.046387
baseline_qknorm,2739,5.3844,2.617,0.04834
baseline_qknorm,2740,5.3864,2.6081,0.04541
baseline_qknorm,2741,5.3884,2.632,0.046387
baseline_qknorm,2742,5.3903,2.5878,0.046631
baseline_qknorm,2743,5.3923,2.6102,0.045898
baseline_qknorm,2744,5.3943,2.6076,0.045898
baseline_qknorm,2745,5.3962,2.5873,0.046143
baseline_qknorm,2746,5.3982,2.5626,0.046143
baseline_qknorm,2747,5.4002,2.5958,0.048584
baseline_qknorm,2748,5.4021,2.5947,0.048828
baseline_qknorm,2749,5.4041,2.6338,0.047607
baseline_qknorm,2750,5.4061,2.5962,0.049072
baseline_qknorm,2751,5.408,2.5676,0.044922
baseline_qknorm,2752,5.41,2.5855,0.046631
baseline_qknorm,2753,5.412,2.6147,0.046631
baseline_qknorm,2754,5.4139,2.5816,0.044922
baseline_qknorm,2755,5.4159,2.5912,0.045654
baseline_qknorm,2756,5.4179,2.5855,0.047119
baseline_qknorm,2757,5.4198,2.5968,0.047363
baseline_qknorm,2758,5.4218,2.6157,0.047607
baseline_qknorm,2759,5.4238,2.5875,0.045654
baseline_qknorm,2760,5.4257,2.5827,0.047607
baseline_qknorm,2761,5.4277,2.5876,0.047852
baseline_qknorm,2762,5.4297,2.5585,0.045898
baseline_qknorm,2763,5.4316,2.599,0.046631
baseline_qknorm,2764,5.4336,2.5923,0.046631
baseline_qknorm,2765,5.4355,2.5889,0.047119
baseline_qknorm,2766,5.4375,2.563,0.04834
baseline_qknorm,2767,5.4395,2.5622,0.046387
baseline_qknorm,2768,5.4414,2.6118,0.046387
baseline_qknorm,2769,5.4434,2.6124,0.047363
baseline_qknorm,2770,5.4454,2.6297,0.046875
baseline_qknorm,2771,5.4473,2.5898,0.045654
baseline_qknorm,2772,5.4493,2.641,0.046143
baseline_qknorm,2773,5.4513,2.5911,0.047119
baseline_qknorm,2774,5.4532,2.5846,0.047363
baseline_qknorm,2775,5.4552,2.5928,0.049072
baseline_qknorm,2776,5.4572,2.5773,0.047119
baseline_qknorm,2777,5.4591,2.6121,0.047119
baseline_qknorm,2778,5.4611,2.5773,0.048096
baseline_qknorm,2779,5.4631,2.6187,0.047852
baseline_qknorm,2780,5.465,2.5448,0.047119
baseline_qknorm,2781,5.467,2.5973,0.047363
baseline_qknorm,2782,5.469,2.5988,0.045898
baseline_qknorm,2783,5.4709,2.5641,0.046143
baseline_qknorm,2784,5.4729,2.5869,0.045898
baseline_qknorm,2785,5.4749,2.6112,0.046875
baseline_qknorm,2786,5.4768,2.6186,0.046143
baseline_qknorm,2787,5.4788,2.5803,0.046387
baseline_qknorm,2788,5.4808,2.5942,0.044922
baseline_qknorm,2789,5.4827,2.6045,0.045898
baseline_qknorm,2790,5.4847,2.605,0.046387
baseline_qknorm,2791,5.4867,2.5887,0.046143
baseline_qknorm,2792,5.4886,2.5541,0.045898
baseline_qknorm,2793,5.4906,2.5826,0.047852
baseline_qknorm,2794,5.4926,2.61,0.047119
baseline_qknorm,2795,5.4945,2.5815,0.045166
baseline_qknorm,2796,5.4965,2.6002,0.04834
baseline_qknorm,2797,5.4985,2.5735,0.046631
baseline_qknorm,2798,5.5004,2.5644,0.046631
baseline_qknorm,2799,5.5024,2.5786,0.046875
baseline_qknorm,2800,5.5044,2.6277,0.047363
baseline_qknorm,2801,5.5063,2.6241,0.045898
baseline_qknorm,2802,5.5083,2.5887,0.046631
baseline_qknorm,2803,5.5102,2.5523,0.04541
baseline_qknorm,2804,5.5122,2.5705,0.047119
baseline_qknorm,2805,5.5142,2.6005,0.045654
baseline_qknorm,2806,5.5161,2.6189,0.046875
baseline_qknorm,2807,5.5181,2.5808,0.044678
baseline_qknorm,2808,5.5201,2.5515,0.046387
baseline_qknorm,2809,5.522,2.5771,0.050537
baseline_qknorm,2810,5.524,2.5697,0.047119
baseline_qknorm,2811,5.526,2.6075,0.047607
baseline_qknorm,2812,5.5279,2.5971,0.049805
baseline_qknorm,2813,5.5299,2.6159,0.046875
baseline_qknorm,2814,5.5319,2.5826,0.045898
baseline_qknorm,2815,5.5338,2.57,0.04541
baseline_qknorm,2816,5.5358,2.5662,0.046875
baseline_qknorm,2817,5.5378,2.5797,0.046387
baseline_qknorm,2818,5.5397,2.6016,0.046143
baseline_qknorm,2819,5.5417,2.5936,0.047363
baseline_qknorm,2820,5.5437,2.5772,0.046387
baseline_qknorm,2821,5.5456,2.5802,0.045166
baseline_qknorm,2822,5.5476,2.5473,0.045654
baseline_qknorm,2823,5.5496,2.5558,0.046143
baseline_qknorm,2824,5.5515,2.5878,0.046875
baseline_qknorm,2825,5.5535,2.5633,0.045166
baseline_qknorm,2826,5.5555,2.5982,0.046875
baseline_qknorm,2827,5.5574,2.5733,0.046143
baseline_qknorm,2828,5.5594,2.5707,0.059326
baseline_qknorm,2829,5.5614,2.5674,0.046143
baseline_qknorm,2830,5.5633,2.5843,0.046631
baseline_qknorm,2831,5.5653,2.5894,0.047119
baseline_qknorm,2832,5.5673,2.6046,0.046631
baseline_qknorm,2833,5.5692,2.5809,0.046143
baseline_qknorm,2834,5.5712,2.5797,0.045898
baseline_qknorm,2835,5.5732,2.5408,0.047363
baseline_qknorm,2836,5.5751,2.6672,0.073242
baseline_qknorm,2837,5.5771,2.6313,0.04834
baseline_qknorm,2838,5.5791,2.58,0.046387
baseline_qknorm,2839,5.581,2.5764,0.045654
baseline_qknorm,2840,5.583,2.5838,0.047119
baseline_qknorm,2841,5.585,2.5848,0.047119
baseline_qknorm,2842,5.5869,2.571,0.046631
baseline_qknorm,2843,5.5889,2.5491,0.04541
baseline_qknorm,2844,5.5908,2.5537,0.046631
baseline_qknorm,2845,5.5928,2.5678,0.046387
baseline_qknorm,2846,5.5948,2.6086,0.046143
baseline_qknorm,2847,5.5967,2.5767,0.04541
baseline_qknorm,2848,5.5987,2.5954,0.050049
baseline_qknorm,2849,5.6007,2.5722,0.046631
baseline_qknorm,2850,5.6026,2.567,0.045654
baseline_qknorm,2851,5.6046,2.62,0.047363
baseline_qknorm,2852,5.6066,2.5659,0.047852
baseline_qknorm,2853,5.6085,2.5685,0.045898
baseline_qknorm,2854,5.6105,2.5908,0.047607
baseline_qknorm,2855,5.6125,2.5986,0.046631
baseline_qknorm,2856,5.6144,2.5664,0.046143
baseline_qknorm,2857,5.6164,2.5703,0.045898
baseline_qknorm,2858,5.6184,2.6071,0.046387
baseline_qknorm,2859,5.6203,2.6316,0.046631
baseline_qknorm,2860,5.6223,2.5933,0.046631
baseline_qknorm,2861,5.6243,2.5746,0.046143
baseline_qknorm,2862,5.6262,2.5981,0.048584
baseline_qknorm,2863,5.6282,2.585,0.04541
baseline_qknorm,2864,5.6302,2.5723,0.047119
baseline_qknorm,2865,5.6321,2.58,0.046875
baseline_qknorm,2866,5.6341,2.5581,0.047119
baseline_qknorm,2867,5.6361,2.5798,0.046387
baseline_qknorm,2868,5.638,2.5593,0.045898
baseline_qknorm,2869,5.64,2.5857,0.045898
baseline_qknorm,2870,5.642,2.5834,0.045166
baseline_qknorm,2871,5.6439,2.5752,0.046631
baseline_qknorm,2872,5.6459,2.5726,0.044922
baseline_qknorm,2873,5.6479,2.566,0.056152
baseline_qknorm,2874,5.6498,2.5897,0.049072
baseline_qknorm,2875,5.6518,2.5915,0.047119
baseline_qknorm,2876,5.6538,2.6,0.047363
baseline_qknorm,2877,5.6557,2.6085,0.046387
baseline_qknorm,2878,5.6577,2.5648,0.045898
baseline_qknorm,2879,5.6597,2.5631,0.045166
baseline_qknorm,2880,5.6616,2.6146,0.047607
baseline_qknorm,2881,5.6636,2.5994,0.046875
baseline_qknorm,2882,5.6656,2.5758,0.047363
baseline_qknorm,2883,5.6675,2.6023,0.044922
baseline_qknorm,2884,5.6695,2.5785,0.04834
baseline_qknorm,2885,5.6714,2.5796,0.046143
baseline_qknorm,2886,5.6734,2.5517,0.045898
baseline_qknorm,2887,5.6754,2.5594,0.045898
baseline_qknorm,2888,5.6773,2.6124,0.048828
baseline_qknorm,2889,5.6793,2.519,0.045654
baseline_qknorm,2890,5.6813,2.6157,0.045898
baseline_qknorm,2891,5.6832,2.5782,0.045898
baseline_qknorm,2892,5.6852,2.5323,0.046387
baseline_qknorm,2893,5.6872,2.5811,0.047363
baseline_qknorm,2894,5.6891,2.5506,0.045898
baseline_qknorm,2895,5.6911,2.5857,0.046875
baseline_qknorm,2896,5.6931,2.5672,0.04834
baseline_qknorm,2897,5.695,2.6074,0.046387
baseline_qknorm,2898,5.697,2.6102,0.04834
baseline_qknorm,2899,5.699,2.6374,0.046387
baseline_qknorm,2900,5.7009,2.6206,0.045654
baseline_qknorm,2901,5.7029,2.5752,0.045898
baseline_qknorm,2902,5.7049,2.581,0.045898
baseline_qknorm,2903,5.7068,2.6094,0.046143
baseline_qknorm,2904,5.7088,2.5932,0.05957
baseline_qknorm,2905,5.7108,2.5885,0.045898
baseline_qknorm,2906,5.7127,2.5656,0.046387
baseline_qknorm,2907,5.7147,2.5708,0.046631
baseline_qknorm,2908,5.7167,2.5619,0.046631
baseline_qknorm,2909,5.7186,2.5942,0.046387
baseline_qknorm,2910,5.7206,2.5963,0.046387
baseline_qknorm,2911,5.7226,2.5802,0.048584
baseline_qknorm,2912,5.7245,2.6186,0.045654
baseline_qknorm,2913,5.7265,2.59,0.045166
baseline_qknorm,2914,5.7285,2.5988,0.044678
baseline_qknorm,2915,5.7304,2.6037,0.046631
baseline_qknorm,2916,5.7324,2.6006,0.045654
baseline_qknorm,2917,5.7344,2.5883,0.046875
baseline_qknorm,2918,5.7363,2.6059,0.047119
baseline_qknorm,2919,5.7383,2.5893,0.048096
baseline_qknorm,2920,5.7403,2.5964,0.046387
baseline_qknorm,2921,5.7422,2.5641,0.046631
baseline_qknorm,2922,5.7442,2.5906,0.047119
baseline_qknorm,2923,5.7462,2.5992,0.045654
baseline_qknorm,2924,5.7481,2.5764,0.046631
baseline_qknorm,2925,5.7501,2.598,0.04541
baseline_qknorm,2926,5.752,2.5859,0.046875
baseline_qknorm,2927,5.754,2.5993,0.045898
baseline_qknorm,2928,5.756,2.593,0.045166
baseline_qknorm,2929,5.7579,2.6058,0.04541
baseline_qknorm,2930,5.7599,2.6193,0.04834
baseline_qknorm,2931,5.7619,2.5814,0.046143
baseline_qknorm,2932,5.7638,2.6235,0.046387
baseline_qknorm,2933,5.7658,2.5739,0.05127
baseline_qknorm,2934,5.7678,2.6067,0.045654
baseline_qknorm,2935,5.7697,2.545,0.045166
baseline_qknorm,2936,5.7717,2.6151,0.048096
baseline_qknorm,2937,5.7737,2.5961,0.048828
baseline_qknorm,2938,5.7756,2.59,0.047119
baseline_qknorm,2939,5.7776,2.5724,0.047119
baseline_qknorm,2940,5.7796,2.5905,0.05249
baseline_qknorm,2941,5.7815,2.6252,0.046387
baseline_qknorm,2942,5.7835,2.5849,0.046143
baseline_qknorm,2943,5.7855,2.6078,0.047119
baseline_qknorm,2944,5.7874,2.5877,0.04541
baseline_qknorm,2945,5.7894,2.5998,0.047607
baseline_qknorm,2946,5.7914,2.6019,0.046387
baseline_qknorm,2947,5.7933,2.6065,0.045654
baseline_qknorm,2948,5.7953,2.6137,0.046387
baseline_qknorm,2949,5.7973,2.5876,0.045898
baseline_qknorm,2950,5.7992,2.5754,0.045654
baseline_qknorm,2951,5.8012,2.5586,0.047119
baseline_qknorm,2952,5.8032,2.6041,0.049561
baseline_qknorm,2953,5.8051,2.6206,0.048584
baseline_qknorm,2954,5.8071,2.6033,0.046387
baseline_qknorm,2955,5.8091,2.6235,0.049561
baseline_qknorm,2956,5.811,2.6055,0.046875
baseline_qknorm,2957,5.813,2.595,0.044922
baseline_qknorm,2958,5.815,2.5969,0.046631
baseline_qknorm,2959,5.8169,2.5969,0.04834
baseline_qknorm,2960,5.8189,2.5689,0.046387
baseline_qknorm,2961,5.8209,2.606,0.045654
baseline_qknorm,2962,5.8228,2.58,0.046631
baseline_qknorm,2963,5.8248,2.5783,0.046387
baseline_qknorm,2964,5.8267,2.5458,0.047852
baseline_qknorm,2965,5.8287,2.5776,0.046631
baseline_qknorm,2966,5.8307,2.5773,0.050049
baseline_qknorm,2967,5.8326,2.5741,0.046387
baseline_qknorm,2968,5.8346,2.5855,0.044434
baseline_qknorm,2969,5.8366,2.5948,0.046387
baseline_qknorm,2970,5.8385,2.6112,0.049316
baseline_qknorm,2971,5.8405,2.5852,0.048096
baseline_qknorm,2972,5.8425,2.5939,0.046875
baseline_qknorm,2973,5.8444,2.6267,0.04834
baseline_qknorm,2974,5.8464,2.6064,0.046143
baseline_qknorm,2975,5.8484,2.5871,0.046387
baseline_qknorm,2976,5.8503,2.5682,0.046631
baseline_qknorm,2977,5.8523,2.5956,0.046387
baseline_qknorm,2978,5.8543,2.6057,0.046143
baseline_qknorm,2979,5.8562,2.5716,0.045654
baseline_qknorm,2980,5.8582,2.5439,0.045166
baseline_qknorm,2981,5.8602,2.5583,0.046875
baseline_qknorm,2982,5.8621,2.6064,0.045898
baseline_qknorm,2983,5.8641,2.6103,0.046387
baseline_qknorm,2984,5.8661,2.5745,0.045898
baseline_qknorm,2985,5.868,2.5682,0.045898
baseline_qknorm,2986,5.87,2.5774,0.046143
baseline_qknorm,2987,5.872,2.5771,0.044922
baseline_qknorm,2988,5.8739,2.5506,0.047119
baseline_qknorm,2989,5.8759,2.5406,0.047363
baseline_qknorm,2990,5.8779,2.5746,0.046143
baseline_qknorm,2991,5.8798,2.6282,0.047607
baseline_qknorm,2992,5.8818,2.5914,0.049805
baseline_qknorm,2993,5.8838,2.5808,0.049316
baseline_qknorm,2994,5.8857,2.5848,0.047852
baseline_qknorm,2995,5.8877,2.6061,0.04834
baseline_qknorm,2996,5.8897,2.5854,0.045654
baseline_qknorm,2997,5.8916,2.5841,0.046143
baseline_qknorm,2998,5.8936,2.5609,0.045898
baseline_qknorm,2999,5.8956,2.5588,0.060303
baseline_qknorm,3000,5.8975,2.5882,0.046143
baseline_qknorm,3001,5.8995,2.5854,0.046143
baseline_qknorm,3002,5.9015,2.5883,0.050049
baseline_qknorm,3003,5.9034,2.5701,0.046387
baseline_qknorm,3004,5.9054,2.5942,0.047363
baseline_qknorm,3005,5.9073,2.6087,0.046631
baseline_qknorm,3006,5.9093,2.5444,0.046143
baseline_qknorm,3007,5.9113,2.6021,0.046875
baseline_qknorm,3008,5.9132,2.5882,0.045898
baseline_qknorm,3009,5.9152,2.6107,0.047119
baseline_qknorm,3010,5.9172,2.5664,0.045898
baseline_qknorm,3011,5.9191,2.5728,0.047363
baseline_qknorm,3012,5.9211,2.5718,0.049561
baseline_qknorm,3013,5.9231,2.5751,0.046875
baseline_qknorm,3014,5.925,2.5888,0.045898
baseline_qknorm,3015,5.927,2.5915,0.045898
baseline_qknorm,3016,5.929,2.5795,0.046143
baseline_qknorm,3017,5.9309,2.5863,0.04541
baseline_qknorm,3018,5.9329,2.5554,0.04541
baseline_qknorm,3019,5.9349,2.5702,0.046631
baseline_qknorm,3020,5.9368,2.6007,0.046875
baseline_qknorm,3021,5.9388,2.6111,0.047119
baseline_qknorm,3022,5.9408,2.6253,0.046387
baseline_qknorm,3023,5.9427,2.5683,0.046631
baseline_qknorm,3024,5.9447,2.5521,0.045166
baseline_qknorm,3025,5.9467,2.5638,0.045898
baseline_qknorm,3026,5.9486,2.5791,0.047363
baseline_qknorm,3027,5.9506,2.5781,0.046387
baseline_qknorm,3028,5.9526,2.6158,0.046143
baseline_qknorm,3029,5.9545,2.5896,0.048096
baseline_qknorm,3030,5.9565,2.6036,0.046875
baseline_qknorm,3031,5.9585,2.6292,0.049561
baseline_qknorm,3032,5.9604,2.6097,0.045654
baseline_qknorm,3033,5.9624,2.6021,0.046143
baseline_qknorm,3034,5.9644,2.5696,0.045166
baseline_qknorm,3035,5.9663,2.5761,0.045654
baseline_qknorm,3036,5.9683,2.5375,0.045898
baseline_qknorm,3037,5.9703,2.5704,0.046387
baseline_qknorm,3038,5.9722,2.5723,0.045898
baseline_qknorm,3039,5.9742,2.6045,0.045898
baseline_qknorm,3040,5.9762,2.5722,0.045654
baseline_qknorm,3041,5.9781,2.5562,0.046143
baseline_qknorm,3042,5.9801,2.575,0.046143
baseline_qknorm,3043,5.9821,2.6087,0.047119
baseline_qknorm,3044,5.984,2.547,0.047363
baseline_qknorm,3045,5.986,2.563,0.049805
baseline_qknorm,3046,5.9879,2.5961,0.046387
baseline_qknorm,3047,5.9899,2.6047,0.04834
baseline_qknorm,3048,5.9919,2.5977,0.046875
baseline_qknorm,3049,5.9938,2.597,0.047119
baseline_qknorm,3050,5.9958,2.5522,0.047119
baseline_qknorm,3051,5.9978,2.538,0.04541
baseline_qknorm,3052,5.9997,2.6026,0.045654
baseline_qknorm,3053,6.0017,2.5699,0.04541
baseline_noqk,1,0.0019658,10.714,7.25
baseline_noqk,2,0.0039317,10.712,7.0938
baseline_noqk,3,0.0058975,10.706,7.4375
baseline_noqk,4,0.0078634,10.699,7.3125
baseline_noqk,5,0.0098292,10.686,7.4688
baseline_noqk,6,0.011795,10.654,7.1562
baseline_noqk,7,0.013761,10.62,7.2812
baseline_noqk,8,0.015727,10.567,7.1875
baseline_noqk,9,0.017693,10.506,7.0312
baseline_noqk,10,0.019658,10.423,7.1562
baseline_noqk,11,0.021624,10.329,6.8125
baseline_noqk,12,0.02359,10.225,6.6562
baseline_noqk,13,0.025556,10.118,6.25
baseline_noqk,14,0.027522,9.9878,5.9688
baseline_noqk,15,0.029488,9.8522,5.5312
baseline_noqk,16,0.031453,9.7455,5.0
baseline_noqk,17,0.033419,9.5956,4.75
baseline_noqk,18,0.035385,9.4698,4.4688
baseline_noqk,19,0.037351,9.3598,4.0625
baseline_noqk,20,0.039317,9.2377,3.5156
baseline_noqk,21,0.041283,9.1247,3.25
baseline_noqk,22,0.043248,9.0144,2.8281
baseline_noqk,23,0.045214,8.9287,2.4375
baseline_noqk,24,0.04718,8.842,2.125
baseline_noqk,25,0.049146,8.7463,1.8906
baseline_noqk,26,0.051112,8.6684,1.75
baseline_noqk,27,0.053078,8.5652,1.6094
baseline_noqk,28,0.055044,8.5022,1.5234
baseline_noqk,29,0.057009,8.4224,1.9688
baseline_noqk,30,0.058975,8.3777,3.0312
baseline_noqk,31,0.060941,8.3009,2.8438
baseline_noqk,32,0.062907,8.2551,3.0469
baseline_noqk,33,0.064873,8.1954,3.4844
baseline_noqk,34,0.066839,8.1002,4.3438
baseline_noqk,35,0.068804,8.0576,3.875
baseline_noqk,36,0.07077,7.9484,3.8281
baseline_noqk,37,0.072736,7.88,3.125
baseline_noqk,38,0.074702,7.8211,4.75
baseline_noqk,39,0.076668,7.7258,2.7969
baseline_noqk,40,0.078634,7.6767,3.4531
baseline_noqk,41,0.080599,7.5981,3.3281
baseline_noqk,42,0.082565,7.531,2.7812
baseline_noqk,43,0.084531,7.5163,5.0625
baseline_noqk,44,0.086497,7.4553,3.9688
baseline_noqk,45,0.088463,7.3975,3.875
baseline_noqk,46,0.090429,7.3341,3.4062
baseline_noqk,47,0.092394,7.285,5.5625
baseline_noqk,48,0.09436,7.2413,3.0312
baseline_noqk,49,0.096326,7.1557,2.3125
baseline_noqk,50,0.098292,7.1391,2.75
baseline_noqk,51,0.10026,7.066,2.7344
baseline_noqk,52,0.10222,7.0718,3.0
baseline_noqk,53,0.10419,7.0473,2.6562
baseline_noqk,54,0.10616,7.0584,3.2969
baseline_noqk,55,0.10812,6.9403,2.0156
baseline_noqk,56,0.11009,6.9759,4.7812
baseline_noqk,57,0.11205,6.8852,2.3594
baseline_noqk,58,0.11402,6.8501,2.5625
baseline_noqk,59,0.11598,6.8377,2.0781
baseline_noqk,60,0.11795,6.7847,1.4531
baseline_noqk,61,0.11992,6.774,2.2656
baseline_noqk,62,0.12188,6.6961,1.7188
baseline_noqk,63,0.12385,6.709,1.9844
baseline_noqk,64,0.12581,6.6341,1.6406
baseline_noqk,65,0.12778,6.6377,1.7734
baseline_noqk,66,0.12975,6.5438,1.4688
baseline_noqk,67,0.13171,6.5667,1.9531
baseline_noqk,68,0.13368,6.4872,1.5625
baseline_noqk,69,0.13564,6.4264,2.25
baseline_noqk,70,0.13761,6.4135,1.6719
baseline_noqk,71,0.13957,6.3488,1.8047
baseline_noqk,72,0.14154,6.323,1.3125
baseline_noqk,73,0.14351,6.2723,1.6172
baseline_noqk,74,0.14547,6.2448,1.8906
baseline_noqk,75,0.14744,6.1908,1.3672
baseline_noqk,76,0.1494,6.1382,1.2891
baseline_noqk,77,0.15137,6.0828,1.2656
baseline_noqk,78,0.15334,6.0782,1.3438
baseline_noqk,79,0.1553,6.0441,1.2031
baseline_noqk,80,0.15727,6.0104,1.4609
baseline_noqk,81,0.15923,5.9288,1.4844
baseline_noqk,82,0.1612,5.9357,1.1562
baseline_noqk,83,0.16316,5.8857,1.1719
baseline_noqk,84,0.16513,5.8352,1.0859
baseline_noqk,85,0.1671,5.8025,1.3438
baseline_noqk,86,0.16906,5.8196,1.1328
baseline_noqk,87,0.17103,5.7618,1.0312
baseline_noqk,88,0.17299,5.7383,1.0938
baseline_noqk,89,0.17496,5.7286,1.1797
baseline_noqk,90,0.17693,5.7034,1.0391
baseline_noqk,91,0.17889,5.6903,0.97266
baseline_noqk,92,0.18086,5.6709,0.98828
baseline_noqk,93,0.18282,5.6769,0.89453
baseline_noqk,94,0.18479,5.6421,0.85547
baseline_noqk,95,0.18675,5.6172,0.99609
baseline_noqk,96,0.18872,5.5836,0.74219
baseline_noqk,97,0.19069,5.5747,0.74219
baseline_noqk,98,0.19265,5.5646,0.83594
baseline_noqk,99,0.19462,5.5624,0.81641
baseline_noqk,100,0.19658,5.5881,0.71094
baseline_noqk,101,0.19855,5.5304,0.57031
baseline_noqk,102,0.20052,5.5246,1.0391
baseline_noqk,103,0.20248,5.4956,0.81641
baseline_noqk,104,0.20445,5.5139,0.6875
baseline_noqk,105,0.20641,5.4737,0.76562
baseline_noqk,106,0.20838,5.4836,0.72266
baseline_noqk,107,0.21034,5.4073,0.84766
baseline_noqk,108,0.21231,5.4856,1.0078
baseline_noqk,109,0.21428,5.4406,1.0859
baseline_noqk,110,0.21624,5.4339,0.75391
baseline_noqk,111,0.21821,5.4007,0.71484
baseline_noqk,112,0.22017,5.4041,0.92188
baseline_noqk,113,0.22214,5.4143,0.80859
baseline_noqk,114,0.22411,5.3676,0.82812
baseline_noqk,115,0.22607,5.3935,1.0625
baseline_noqk,116,0.22804,5.3597,0.92969
baseline_noqk,117,0.23,5.3349,0.85156
baseline_noqk,118,0.23197,5.3496,0.83984
baseline_noqk,119,0.23393,5.3112,1.0156
baseline_noqk,120,0.2359,5.344,0.8125
baseline_noqk,121,0.23787,5.315,0.78906
baseline_noqk,122,0.23983,5.3034,0.99219
baseline_noqk,123,0.2418,5.2935,0.71875
baseline_noqk,124,0.24376,5.2642,0.78906
baseline_noqk,125,0.24573,5.2734,0.75
baseline_noqk,126,0.2477,5.2372,0.58594
baseline_noqk,127,0.24966,5.2615,0.70312
baseline_noqk,128,0.25163,5.2596,0.8125
baseline_noqk,129,0.25359,5.2351,0.94922
baseline_noqk,130,0.25556,5.2273,0.86719
baseline_noqk,131,0.25753,5.2104,0.90234
baseline_noqk,132,0.25949,5.2045,0.9375
baseline_noqk,133,0.26146,5.1743,1.0859
baseline_noqk,134,0.26342,5.1919,1.0625
baseline_noqk,135,0.26539,5.1579,0.78516
baseline_noqk,136,0.26735,5.1452,0.74219
baseline_noqk,137,0.26932,5.1323,0.98047
baseline_noqk,138,0.27129,5.123,0.81641
baseline_noqk,139,0.27325,5.1199,0.8125
baseline_noqk,140,0.27522,5.1119,1.0469
baseline_noqk,141,0.27718,5.1441,1.0547
baseline_noqk,142,0.27915,5.0566,0.72266
baseline_noqk,143,0.28112,5.0699,0.94141
baseline_noqk,144,0.28308,5.0469,0.78516
baseline_noqk,145,0.28505,5.0325,0.87109
baseline_noqk,146,0.28701,4.9855,0.88672
baseline_noqk,147,0.28898,4.983,0.88672
baseline_noqk,148,0.29094,4.9504,0.91406
baseline_noqk,149,0.29291,4.9655,1.0625
baseline_noqk,150,0.29488,4.9199,0.71484
baseline_noqk,151,0.29684,4.9322,0.87891
baseline_noqk,152,0.29881,4.9592,0.81641
baseline_noqk,153,0.30077,4.8979,0.80859
baseline_noqk,154,0.30274,4.886,1.0312
baseline_noqk,155,0.30471,4.8962,1.0
baseline_noqk,156,0.30667,4.8725,1.0547
baseline_noqk,157,0.30864,4.8709,0.90234
baseline_noqk,158,0.3106,4.8302,0.96094
baseline_noqk,159,0.31257,4.8004,1.0
baseline_noqk,160,0.31453,4.7847,1.2188
baseline_noqk,161,0.3165,4.8046,0.77344
baseline_noqk,162,0.31847,4.7761,1.0234
baseline_noqk,163,0.32043,4.7725,1.2578
baseline_noqk,164,0.3224,4.7192,0.97266
baseline_noqk,165,0.32436,4.708,0.90625
baseline_noqk,166,0.32633,4.6731,0.81641
baseline_noqk,167,0.3283,4.6478,0.82422
baseline_noqk,168,0.33026,4.6712,0.71094
baseline_noqk,169,0.33223,4.6151,0.81641
baseline_noqk,170,0.33419,4.6357,0.72266
baseline_noqk,171,0.33616,4.5863,0.66406
baseline_noqk,172,0.33812,4.6119,0.72266
baseline_noqk,173,0.34009,4.5706,0.90625
baseline_noqk,174,0.34206,4.5973,0.92188
baseline_noqk,175,0.34402,4.5727,0.94922
baseline_noqk,176,0.34599,4.536,0.82422
baseline_noqk,177,0.34795,4.5036,0.73438
baseline_noqk,178,0.34992,4.4969,0.67188
baseline_noqk,179,0.35189,4.4921,0.875
baseline_noqk,180,0.35385,4.4751,0.73438
baseline_noqk,181,0.35582,4.4469,0.88672
baseline_noqk,182,0.35778,4.5123,0.98047
baseline_noqk,183,0.35975,4.4233,0.78516
baseline_noqk,184,0.36171,4.4305,1.0156
baseline_noqk,185,0.36368,4.4508,1.0938
baseline_noqk,186,0.36565,4.379,0.72266
baseline_noqk,187,0.36761,4.3837,0.67969
baseline_noqk,188,0.36958,4.3796,0.73828
baseline_noqk,189,0.37154,4.3395,0.66406
baseline_noqk,190,0.37351,4.3278,0.72266
baseline_noqk,191,0.37548,4.305,0.92969
baseline_noqk,192,0.37744,4.2975,1.0234
baseline_noqk,193,0.37941,4.2898,0.89844
baseline_noqk,194,0.38137,4.2691,0.89844
baseline_noqk,195,0.38334,4.2499,0.73047
baseline_noqk,196,0.3853,4.2363,0.65625
baseline_noqk,197,0.38727,4.2511,0.79688
baseline_noqk,198,0.38924,4.2278,0.84766
baseline_noqk,199,0.3912,4.214,0.8125
baseline_noqk,200,0.39317,4.2021,0.73828
baseline_noqk,201,0.39513,4.1739,0.76172
baseline_noqk,202,0.3971,4.152,0.90234
baseline_noqk,203,0.39907,4.1638,0.77344
baseline_noqk,204,0.40103,4.1491,0.8125
baseline_noqk,205,0.403,4.1473,0.67578
baseline_noqk,206,0.40496,4.0816,0.69141
baseline_noqk,207,0.40693,4.1132,0.75391
baseline_noqk,208,0.40889,4.0762,0.76953
baseline_noqk,209,0.41086,4.1303,0.77734
baseline_noqk,210,0.41283,4.0552,0.58203
baseline_noqk,211,0.41479,4.0552,0.67188
baseline_noqk,212,0.41676,4.0572,0.76953
baseline_noqk,213,0.41872,4.0178,0.69531
baseline_noqk,214,0.42069,4.0289,0.83594
baseline_noqk,215,0.42266,4.0003,0.84375
baseline_noqk,216,0.42462,4.0032,0.67969
baseline_noqk,217,0.42659,4.0028,0.62109
baseline_noqk,218,0.42855,3.9678,0.70703
baseline_noqk,219,0.43052,3.9591,0.62109
baseline_noqk,220,0.43248,3.9348,0.66406
baseline_noqk,221,0.43445,3.9314,0.73047
baseline_noqk,222,0.43642,3.9326,0.82422
baseline_noqk,223,0.43838,3.9364,1.1719
baseline_noqk,224,0.44035,3.9635,0.80469
baseline_noqk,225,0.44231,3.9542,0.66406
baseline_noqk,226,0.44428,3.9178,0.91406
baseline_noqk,227,0.44625,3.9204,0.86328
baseline_noqk,228,0.44821,3.8831,0.71484
baseline_noqk,229,0.45018,3.9207,0.57812
baseline_noqk,230,0.45214,3.8653,0.58594
baseline_noqk,231,0.45411,3.8446,0.61719
baseline_noqk,232,0.45607,3.8667,0.65234
baseline_noqk,233,0.45804,3.9171,0.57422
baseline_noqk,234,0.46001,3.8191,0.625
baseline_noqk,235,0.46197,3.8747,0.63281
baseline_noqk,236,0.46394,3.7913,0.52734
baseline_noqk,237,0.4659,3.8314,0.66797
baseline_noqk,238,0.46787,3.8304,0.82031
baseline_noqk,239,0.46984,3.8027,0.69922
baseline_noqk,240,0.4718,3.7696,0.60938
baseline_noqk,241,0.47377,3.7566,0.82422
baseline_noqk,242,0.47573,3.8314,0.88281
baseline_noqk,243,0.4777,3.7442,0.67188
baseline_noqk,244,0.47966,3.7636,0.58203
baseline_noqk,245,0.48163,3.7886,0.62109
baseline_noqk,246,0.4836,3.7582,0.58984
baseline_noqk,247,0.48556,3.7581,0.54688
baseline_noqk,248,0.48753,3.729,0.61328
baseline_noqk,249,0.48949,3.7441,0.66797
baseline_noqk,250,0.49146,3.7378,0.61328
baseline_noqk,251,0.49343,3.6936,0.62109
baseline_noqk,252,0.49539,3.7544,0.71484
baseline_noqk,253,0.49736,3.7526,0.63672
baseline_noqk,254,0.49932,3.7228,0.58984
baseline_noqk,255,0.50129,3.7326,0.49219
baseline_noqk,256,0.50326,3.6986,0.59766
baseline_noqk,257,0.50522,3.7001,0.79297
baseline_noqk,258,0.50719,3.732,0.72266
baseline_noqk,259,0.50915,3.7054,0.58203
baseline_noqk,260,0.51112,3.6554,0.50781
baseline_noqk,261,0.51308,3.6749,0.46875
baseline_noqk,262,0.51505,3.6453,0.48047
baseline_noqk,263,0.51702,3.6657,0.51953
baseline_noqk,264,0.51898,3.6428,0.60938
baseline_noqk,265,0.52095,3.6667,0.58594
baseline_noqk,266,0.52291,3.6543,0.53906
baseline_noqk,267,0.52488,3.6375,0.56641
baseline_noqk,268,0.52685,3.6117,0.66016
baseline_noqk,269,0.52881,3.6491,0.76172
baseline_noqk,270,0.53078,3.6829,0.58984
baseline_noqk,271,0.53274,3.6227,0.47461
baseline_noqk,272,0.53471,3.6179,0.65625
baseline_noqk,273,0.53667,3.6463,0.58594
baseline_noqk,274,0.53864,3.5794,0.64453
baseline_noqk,275,0.54061,3.57,0.60156
baseline_noqk,276,0.54257,3.5945,0.53906
baseline_noqk,277,0.54454,3.583,0.625
baseline_noqk,278,0.5465,3.5969,0.61719
baseline_noqk,279,0.54847,3.602,0.53125
baseline_noqk,280,0.55044,3.5872,0.53125
baseline_noqk,281,0.5524,3.5773,0.52344
baseline_noqk,282,0.55437,3.6023,0.4707
baseline_noqk,283,0.55633,3.5483,0.39844
baseline_noqk,284,0.5583,3.576,0.49219
baseline_noqk,285,0.56026,3.5753,0.60938
baseline_noqk,286,0.56223,3.5872,0.62891
baseline_noqk,287,0.5642,3.5134,0.55078
baseline_noqk,288,0.56616,3.545,0.55078
baseline_noqk,289,0.56813,3.5417,0.61328
baseline_noqk,290,0.57009,3.5315,0.55859
baseline_noqk,291,0.57206,3.5304,0.50391
baseline_noqk,292,0.57403,3.519,0.47852
baseline_noqk,293,0.57599,3.513,0.49023
baseline_noqk,294,0.57796,3.5437,0.42383
baseline_noqk,295,0.57992,3.5234,0.41797
baseline_noqk,296,0.58189,3.5208,0.42383
baseline_noqk,297,0.58385,3.5153,0.50391
baseline_noqk,298,0.58582,3.529,0.74609
baseline_noqk,299,0.58779,3.5292,0.41992
baseline_noqk,300,0.58975,3.5144,0.37109
baseline_noqk,301,0.59172,3.5179,0.48047
baseline_noqk,302,0.59368,3.4923,0.5
baseline_noqk,303,0.59565,3.4986,0.56641
baseline_noqk,304,0.59762,3.4986,0.60156
baseline_noqk,305,0.59958,3.4936,0.64062
baseline_noqk,306,0.60155,3.4798,0.63672
baseline_noqk,307,0.60351,3.4827,0.55469
baseline_noqk,308,0.60548,3.5577,0.47852
baseline_noqk,309,0.60744,3.5856,0.48828
baseline_noqk,310,0.60941,3.4699,0.50391
baseline_noqk,311,0.61138,3.4923,0.48047
baseline_noqk,312,0.61334,3.4696,0.4707
baseline_noqk,313,0.61531,3.4457,0.47461
baseline_noqk,314,0.61727,3.4956,0.49219
baseline_noqk,315,0.61924,3.4875,0.41016
baseline_noqk,316,0.62121,3.4813,0.46289
baseline_noqk,317,0.62317,3.4177,0.49609
baseline_noqk,318,0.62514,3.4489,0.4082
baseline_noqk,319,0.6271,3.4437,0.43359
baseline_noqk,320,0.62907,3.451,0.51562
baseline_noqk,321,0.63103,3.5074,0.47656
baseline_noqk,322,0.633,3.4371,0.39258
baseline_noqk,323,0.63497,3.5268,0.47266
baseline_noqk,324,0.63693,3.4623,0.52344
baseline_noqk,325,0.6389,3.441,0.47266
baseline_noqk,326,0.64086,3.4131,0.45703
baseline_noqk,327,0.64283,3.4149,0.56641
baseline_noqk,328,0.6448,3.4273,0.76172
baseline_noqk,329,0.64676,3.4295,0.79297
baseline_noqk,330,0.64873,3.4553,0.71484
baseline_noqk,331,0.65069,3.4601,0.67969
baseline_noqk,332,0.65266,3.4085,0.57812
baseline_noqk,333,0.65462,3.4406,0.53906
baseline_noqk,334,0.65659,3.4351,0.51953
baseline_noqk,335,0.65856,3.4242,0.49023
baseline_noqk,336,0.66052,3.3982,0.39844
baseline_noqk,337,0.66249,3.4189,0.44336
baseline_noqk,338,0.66445,3.4185,0.51562
baseline_noqk,339,0.66642,3.3866,0.50781
baseline_noqk,340,0.66839,3.4397,0.51562
baseline_noqk,341,0.67035,3.3621,0.47266
baseline_noqk,342,0.67232,3.3895,0.45312
baseline_noqk,343,0.67428,3.3641,0.54688
baseline_noqk,344,0.67625,3.3761,0.66406
baseline_noqk,345,0.67821,3.4039,0.60547
baseline_noqk,346,0.68018,3.3932,0.46875
baseline_noqk,347,0.68215,3.4017,0.44336
baseline_noqk,348,0.68411,3.3817,0.46094
baseline_noqk,349,0.68608,3.4519,0.49805
baseline_noqk,350,0.68804,3.3921,0.49414
baseline_noqk,351,0.69001,3.3688,0.53125
baseline_noqk,352,0.69198,3.3791,0.48242
baseline_noqk,353,0.69394,3.3739,0.42969
baseline_noqk,354,0.69591,3.3571,0.35156
baseline_noqk,355,0.69787,3.3577,0.38672
baseline_noqk,356,0.69984,3.3627,0.48047
baseline_noqk,357,0.7018,3.3622,0.51562
baseline_noqk,358,0.70377,3.3455,0.47461
baseline_noqk,359,0.70574,3.2946,0.44531
baseline_noqk,360,0.7077,3.3415,0.41211
baseline_noqk,361,0.70967,3.3262,0.38281
baseline_noqk,362,0.71163,3.3275,0.43359
baseline_noqk,363,0.7136,3.3533,0.57422
baseline_noqk,364,0.71557,3.3588,0.5625
baseline_noqk,365,0.71753,3.3359,0.47656
baseline_noqk,366,0.7195,3.3528,0.49805
baseline_noqk,367,0.72146,3.3557,0.57812
baseline_noqk,368,0.72343,3.3483,0.55078
baseline_noqk,369,0.72539,3.332,0.46289
baseline_noqk,370,0.72736,3.326,0.47852
baseline_noqk,371,0.72933,3.3327,0.44531
baseline_noqk,372,0.73129,3.3201,0.45117
baseline_noqk,373,0.73326,3.3437,0.41797
baseline_noqk,374,0.73522,3.3296,0.37305
baseline_noqk,375,0.73719,3.3049,0.39844
baseline_noqk,376,0.73916,3.367,0.4668
baseline_noqk,377,0.74112,3.3323,0.53906
baseline_noqk,378,0.74309,3.3048,0.59766
baseline_noqk,379,0.74505,3.3144,0.60156
baseline_noqk,380,0.74702,3.3315,0.58594
baseline_noqk,381,0.74899,3.2903,0.55078
baseline_noqk,382,0.75095,3.3043,0.56641
baseline_noqk,383,0.75292,3.3177,0.49414
baseline_noqk,384,0.75488,3.3014,0.53906
baseline_noqk,385,0.75685,3.3127,0.51172
baseline_noqk,386,0.75881,3.2827,0.51172
baseline_noqk,387,0.76078,3.314,0.50391
baseline_noqk,388,0.76275,3.2693,0.48633
baseline_noqk,389,0.76471,3.3115,0.39648
baseline_noqk,390,0.76668,3.2875,0.38867
baseline_noqk,391,0.76864,3.3154,0.59375
baseline_noqk,392,0.77061,3.2855,0.67188
baseline_noqk,393,0.77258,3.3102,0.59766
baseline_noqk,394,0.77454,3.2772,0.54688
baseline_noqk,395,0.77651,3.2872,0.46484
baseline_noqk,396,0.77847,3.2786,0.45508
baseline_noqk,397,0.78044,3.2819,0.41992
baseline_noqk,398,0.7824,3.2923,0.39844
baseline_noqk,399,0.78437,3.2932,0.38281
baseline_noqk,400,0.78634,3.3194,0.36133
baseline_noqk,401,0.7883,3.275,0.41992
baseline_noqk,402,0.79027,3.2937,0.54688
baseline_noqk,403,0.79223,3.2544,0.52344
baseline_noqk,404,0.7942,3.2715,0.50391
baseline_noqk,405,0.79617,3.2608,0.57422
baseline_noqk,406,0.79813,3.254,0.55859
baseline_noqk,407,0.8001,3.2778,0.64062
baseline_noqk,408,0.80206,3.254,0.67188
baseline_noqk,409,0.80403,3.3085,0.65625
baseline_noqk,410,0.80599,3.2422,0.62109
baseline_noqk,411,0.80796,3.242,0.55469
baseline_noqk,412,0.80993,3.232,0.5
baseline_noqk,413,0.81189,3.2608,0.47266
baseline_noqk,414,0.81386,3.2427,0.45312
baseline_noqk,415,0.81582,3.2783,0.47852
baseline_noqk,416,0.81779,3.2476,0.46484
baseline_noqk,417,0.81976,3.2222,0.41602
baseline_noqk,418,0.82172,3.2527,0.37109
baseline_noqk,419,0.82369,3.2759,0.33594
baseline_noqk,420,0.82565,3.2184,0.34375
baseline_noqk,421,0.82762,3.2513,0.38867
baseline_noqk,422,0.82958,3.2293,0.4668
baseline_noqk,423,0.83155,3.2143,0.53125
baseline_noqk,424,0.83352,3.2389,0.52344
baseline_noqk,425,0.83548,3.28,0.48438
baseline_noqk,426,0.83745,3.2192,0.48047
baseline_noqk,427,0.83941,3.2659,0.39062
baseline_noqk,428,0.84138,3.2249,0.33594
baseline_noqk,429,0.84335,3.2427,0.39062
baseline_noqk,430,0.84531,3.2215,0.51953
baseline_noqk,431,0.84728,3.2673,0.70703
baseline_noqk,432,0.84924,3.2691,0.625
baseline_noqk,433,0.85121,3.2499,0.49805
baseline_noqk,434,0.85317,3.2429,0.57812
baseline_noqk,435,0.85514,3.2232,0.5625
baseline_noqk,436,0.85711,3.2082,0.52344
baseline_noqk,437,0.85907,3.2315,0.45508
baseline_noqk,438,0.86104,3.2087,0.38477
baseline_noqk,439,0.863,3.2249,0.3418
baseline_noqk,440,0.86497,3.2246,0.37695
baseline_noqk,441,0.86694,3.235,0.44531
baseline_noqk,442,0.8689,3.2468,0.37695
baseline_noqk,443,0.87087,3.2422,0.39453
baseline_noqk,444,0.87283,3.2336,0.57812
baseline_noqk,445,0.8748,3.2315,0.66016
baseline_noqk,446,0.87676,3.295,0.59375
baseline_noqk,447,0.87873,3.1978,0.55078
baseline_noqk,448,0.8807,3.2342,0.54688
baseline_noqk,449,0.88266,3.2402,0.49023
baseline_noqk,450,0.88463,3.2807,0.45703
baseline_noqk,451,0.88659,3.2159,0.42383
baseline_noqk,452,0.88856,3.2075,0.38672
baseline_noqk,453,0.89053,3.2062,0.36914
baseline_noqk,454,0.89249,3.2468,0.35352
baseline_noqk,455,0.89446,3.2354,0.43555
baseline_noqk,456,0.89642,3.2119,0.59766
baseline_noqk,457,0.89839,3.2074,0.55078
baseline_noqk,458,0.90035,3.2155,0.5
baseline_noqk,459,0.90232,3.2234,0.5
baseline_noqk,460,0.90429,3.2283,0.5
baseline_noqk,461,0.90625,3.2182,0.4043
baseline_noqk,462,0.90822,3.1777,0.35742
baseline_noqk,463,0.91018,3.1801,0.38867
baseline_noqk,464,0.91215,3.1961,0.45117
baseline_noqk,465,0.91412,3.2172,0.59766
baseline_noqk,466,0.91608,3.2409,0.67188
baseline_noqk,467,0.91805,3.2087,0.68359
baseline_noqk,468,0.92001,3.2396,0.59375
baseline_noqk,469,0.92198,3.2176,0.48828
baseline_noqk,470,0.92394,3.2048,0.43164
baseline_noqk,471,0.92591,3.1764,0.39648
baseline_noqk,472,0.92788,3.1656,0.43945
baseline_noqk,473,0.92984,3.1687,0.49414
baseline_noqk,474,0.93181,3.2142,0.52344
baseline_noqk,475,0.93377,3.1991,0.46094
baseline_noqk,476,0.93574,3.2014,0.40234
baseline_noqk,477,0.93771,3.1963,0.42969
baseline_noqk,478,0.93967,3.1918,0.4375
baseline_noqk,479,0.94164,3.19,0.42383
baseline_noqk,480,0.9436,3.1562,0.52734
baseline_noqk,481,0.94557,3.1663,0.54688
baseline_noqk,482,0.94753,3.2038,0.54297
baseline_noqk,483,0.9495,3.1688,0.60156
baseline_noqk,484,0.95147,3.1455,0.53516
baseline_noqk,485,0.95343,3.1583,0.52344
baseline_noqk,486,0.9554,3.2102,0.47656
baseline_noqk,487,0.95736,3.1547,0.42969
baseline_noqk,488,0.95933,3.1732,0.4082
baseline_noqk,489,0.9613,3.1737,0.57031
baseline_noqk,490,0.96326,3.1607,0.6875
baseline_noqk,491,0.96523,3.156,0.53516
baseline_noqk,492,0.96719,3.1769,0.49414
baseline_noqk,493,0.96916,3.1509,0.50391
baseline_noqk,494,0.97112,3.1651,0.48438
baseline_noqk,495,0.97309,3.1515,0.51172
baseline_noqk,496,0.97506,3.1469,0.49805
baseline_noqk,497,0.97702,3.1692,0.50781
baseline_noqk,498,0.97899,3.1884,0.46875
baseline_noqk,499,0.98095,3.1485,0.42578
baseline_noqk,500,0.98292,3.1452,0.44531
baseline_noqk,501,0.98489,3.176,0.47266
baseline_noqk,502,0.98685,3.1984,0.44141
baseline_noqk,503,0.98882,3.1758,0.40625
baseline_noqk,504,0.99078,3.1644,0.43945
baseline_noqk,505,0.99275,3.1895,0.4668
baseline_noqk,506,0.99472,3.1091,0.56641
baseline_noqk,507,0.99668,3.1629,0.57031
baseline_noqk,508,0.99865,3.1534,0.57812
baseline_noqk,509,1.0006,3.1636,0.78516
baseline_noqk,510,1.0026,3.1705,0.75391
baseline_noqk,511,1.0045,3.1734,0.66406
baseline_noqk,512,1.0065,3.1383,0.69141
baseline_noqk,513,1.0085,3.0951,0.62109
baseline_noqk,514,1.0104,3.1748,0.65234
baseline_noqk,515,1.0124,3.1721,0.67578
baseline_noqk,516,1.0144,3.1536,0.67578
baseline_noqk,517,1.0163,3.1537,0.60938
baseline_noqk,518,1.0183,3.1249,0.51172
baseline_noqk,519,1.0203,3.1232,0.46289
baseline_noqk,520,1.0222,3.1344,0.44531
baseline_noqk,521,1.0242,3.1212,0.44727
baseline_noqk,522,1.0262,3.1513,0.43945
baseline_noqk,523,1.0281,3.116,0.5
baseline_noqk,524,1.0301,3.1322,0.60938
baseline_noqk,525,1.0321,3.1416,0.60156
baseline_noqk,526,1.034,3.1598,0.5625
baseline_noqk,527,1.036,3.0774,0.65625
baseline_noqk,528,1.038,3.1285,0.57422
baseline_noqk,529,1.0399,3.1265,0.51562
baseline_noqk,530,1.0419,3.1382,0.43945
baseline_noqk,531,1.0439,3.1393,0.39453
baseline_noqk,532,1.0458,3.0824,0.45312
baseline_noqk,533,1.0478,3.1392,0.49219
baseline_noqk,534,1.0498,3.0811,0.52344
baseline_noqk,535,1.0517,3.1075,0.46289
baseline_noqk,536,1.0537,3.1211,0.51172
baseline_noqk,537,1.0557,3.2004,0.51562
baseline_noqk,538,1.0576,3.0866,0.46094
baseline_noqk,539,1.0596,3.1369,0.44531
baseline_noqk,540,1.0616,3.136,0.40234
baseline_noqk,541,1.0635,3.1188,0.44727
baseline_noqk,542,1.0655,3.154,0.46094
baseline_noqk,543,1.0675,3.0904,0.46875
baseline_noqk,544,1.0694,3.0988,0.45898
baseline_noqk,545,1.0714,3.1123,0.52344
baseline_noqk,546,1.0733,3.135,0.54297
baseline_noqk,547,1.0753,3.1426,0.60938
baseline_noqk,548,1.0773,3.1128,0.67969
baseline_noqk,549,1.0792,3.0968,0.74219
baseline_noqk,550,1.0812,3.1446,0.71875
baseline_noqk,551,1.0832,3.1199,0.57812
baseline_noqk,552,1.0851,3.0953,0.50781
baseline_noqk,553,1.0871,3.1051,0.48242
baseline_noqk,554,1.0891,3.0992,0.51172
baseline_noqk,555,1.091,3.1061,0.64062
baseline_noqk,556,1.093,3.1394,0.64062
baseline_noqk,557,1.095,3.1032,0.57812
baseline_noqk,558,1.0969,3.136,0.54297
baseline_noqk,559,1.0989,3.1016,0.55859
baseline_noqk,560,1.1009,3.1054,0.54297
baseline_noqk,561,1.1028,3.1121,0.53516
baseline_noqk,562,1.1048,3.1124,0.58203
baseline_noqk,563,1.1068,3.0881,0.79297
baseline_noqk,564,1.1087,3.0798,0.69922
baseline_noqk,565,1.1107,3.0918,0.59766
baseline_noqk,566,1.1127,3.1215,0.59766
baseline_noqk,567,1.1146,3.1066,0.53906
baseline_noqk,568,1.1166,3.1019,0.55469
baseline_noqk,569,1.1186,3.1141,0.52344
baseline_noqk,570,1.1205,3.0794,0.54297
baseline_noqk,571,1.1225,3.0581,0.53906
baseline_noqk,572,1.1245,3.0635,0.66797
baseline_noqk,573,1.1264,3.1281,0.6875
baseline_noqk,574,1.1284,3.0957,0.60547
baseline_noqk,575,1.1304,3.1234,0.55859
baseline_noqk,576,1.1323,3.1037,0.64844
baseline_noqk,577,1.1343,3.0882,0.65625
baseline_noqk,578,1.1363,3.0996,0.66797
baseline_noqk,579,1.1382,3.0768,0.75
baseline_noqk,580,1.1402,3.0697,0.61328
baseline_noqk,581,1.1422,3.0583,0.55469
baseline_noqk,582,1.1441,3.0765,0.53906
baseline_noqk,583,1.1461,3.0776,0.47461
baseline_noqk,584,1.1481,3.0752,0.48242
baseline_noqk,585,1.15,3.0675,0.51562
baseline_noqk,586,1.152,3.0628,0.47656
baseline_noqk,587,1.1539,3.0729,0.58203
baseline_noqk,588,1.1559,3.0723,0.53906
baseline_noqk,589,1.1579,3.08,0.61328
baseline_noqk,590,1.1598,3.0942,0.60156
baseline_noqk,591,1.1618,3.0938,0.63672
baseline_noqk,592,1.1638,3.1261,0.625
baseline_noqk,593,1.1657,3.0996,0.5625
baseline_noqk,594,1.1677,3.1066,0.5625
baseline_noqk,595,1.1697,3.0743,0.50781
baseline_noqk,596,1.1716,3.0721,0.46289
baseline_noqk,597,1.1736,3.0344,0.4668
baseline_noqk,598,1.1756,3.0604,0.48828
baseline_noqk,599,1.1775,3.0917,0.51562
baseline_noqk,600,1.1795,3.0844,0.67188
baseline_noqk,601,1.1815,3.0884,0.72266
baseline_noqk,602,1.1834,3.0597,0.71875
baseline_noqk,603,1.1854,3.0554,0.70312
baseline_noqk,604,1.1874,3.0845,0.6875
baseline_noqk,605,1.1893,3.0619,0.72656
baseline_noqk,606,1.1913,3.0547,0.71094
baseline_noqk,607,1.1933,3.0593,0.72656
baseline_noqk,608,1.1952,3.084,0.61328
baseline_noqk,609,1.1972,3.05,0.64453
baseline_noqk,610,1.1992,3.0541,0.70703
baseline_noqk,611,1.2011,3.0743,0.64062
baseline_noqk,612,1.2031,3.0707,0.71484
baseline_noqk,613,1.2051,3.0581,0.62891
baseline_noqk,614,1.207,3.1066,0.55078
baseline_noqk,615,1.209,3.0829,0.62109
baseline_noqk,616,1.211,3.0605,0.63281
baseline_noqk,617,1.2129,3.0607,0.51953
baseline_noqk,618,1.2149,3.0749,0.60938
baseline_noqk,619,1.2169,3.0438,0.51953
baseline_noqk,620,1.2188,3.0271,0.4668
baseline_noqk,621,1.2208,3.083,0.47266
baseline_noqk,622,1.2228,3.0582,0.49219
baseline_noqk,623,1.2247,3.0752,0.5
baseline_noqk,624,1.2267,3.0585,0.49609
baseline_noqk,625,1.2287,3.0629,0.53906
baseline_noqk,626,1.2306,3.031,0.48828
baseline_noqk,627,1.2326,3.0466,0.59766
baseline_noqk,628,1.2345,3.05,0.69922
baseline_noqk,629,1.2365,3.0495,0.88672
baseline_noqk,630,1.2385,3.0206,0.80469
baseline_noqk,631,1.2404,3.0238,0.65625
baseline_noqk,632,1.2424,3.0571,0.71875
baseline_noqk,633,1.2444,3.0197,0.64844
baseline_noqk,634,1.2463,3.0242,0.67188
baseline_noqk,635,1.2483,3.0526,0.84375
baseline_noqk,636,1.2503,3.0363,0.70312
baseline_noqk,637,1.2522,3.04,0.56641
baseline_noqk,638,1.2542,3.0664,0.57031
baseline_noqk,639,1.2562,3.0408,0.51562
baseline_noqk,640,1.2581,3.0861,0.52344
baseline_noqk,641,1.2601,3.0409,0.51953
baseline_noqk,642,1.2621,3.0224,0.55859
baseline_noqk,643,1.264,3.0536,0.52344
baseline_noqk,644,1.266,3.0302,0.625
baseline_noqk,645,1.268,3.0647,0.53125
baseline_noqk,646,1.2699,3.0931,0.64844
baseline_noqk,647,1.2719,3.0458,0.65625
baseline_noqk,648,1.2739,3.0711,0.79688
baseline_noqk,649,1.2758,3.0516,0.75
baseline_noqk,650,1.2778,3.0472,0.66406
baseline_noqk,651,1.2798,3.0459,0.73047
baseline_noqk,652,1.2817,3.0564,0.72266
baseline_noqk,653,1.2837,3.0359,0.66797
baseline_noqk,654,1.2857,3.0478,0.63281
baseline_noqk,655,1.2876,3.047,0.59766
baseline_noqk,656,1.2896,3.0346,0.57031
baseline_noqk,657,1.2916,3.0409,0.54688
baseline_noqk,658,1.2935,3.0118,0.5
baseline_noqk,659,1.2955,3.0075,0.58984
baseline_noqk,660,1.2975,3.0338,0.61328
baseline_noqk,661,1.2994,3.0299,0.62891
baseline_noqk,662,1.3014,3.0263,0.54688
baseline_noqk,663,1.3034,3.019,0.63672
baseline_noqk,664,1.3053,3.0274,0.51562
baseline_noqk,665,1.3073,3.0365,0.58594
baseline_noqk,666,1.3092,3.0663,0.52344
baseline_noqk,667,1.3112,3.0134,0.58594
baseline_noqk,668,1.3132,3.0409,0.68359
baseline_noqk,669,1.3151,3.0394,0.82812
baseline_noqk,670,1.3171,3.0407,0.79297
baseline_noqk,671,1.3191,3.0323,0.6875
baseline_noqk,672,1.321,3.0271,0.58594
baseline_noqk,673,1.323,3.0591,0.55859
baseline_noqk,674,1.325,3.0098,0.60547
baseline_noqk,675,1.3269,3.0335,0.74219
baseline_noqk,676,1.3289,3.0705,0.85938
baseline_noqk,677,1.3309,3.0297,0.78516
baseline_noqk,678,1.3328,3.0487,0.71094
baseline_noqk,679,1.3348,3.0227,0.60938
baseline_noqk,680,1.3368,3.0282,0.57812
baseline_noqk,681,1.3387,3.0013,0.6875
baseline_noqk,682,1.3407,3.0421,0.77344
baseline_noqk,683,1.3427,3.0207,0.78516
baseline_noqk,684,1.3446,3.0309,0.66016
baseline_noqk,685,1.3466,2.9983,0.62109
baseline_noqk,686,1.3486,3.0441,0.67188
baseline_noqk,687,1.3505,3.0178,0.62109
baseline_noqk,688,1.3525,3.0117,0.62109
baseline_noqk,689,1.3545,3.014,0.60938
baseline_noqk,690,1.3564,3.0172,0.55469
baseline_noqk,691,1.3584,3.0184,0.5625
baseline_noqk,692,1.3604,3.0154,0.51562
baseline_noqk,693,1.3623,3.0296,0.44922
baseline_noqk,694,1.3643,2.9913,0.55469
baseline_noqk,695,1.3663,3.0208,0.54297
baseline_noqk,696,1.3682,3.0102,0.625
baseline_noqk,697,1.3702,3.0038,0.53516
baseline_noqk,698,1.3722,3.014,0.62109
baseline_noqk,699,1.3741,3.0329,0.60156
baseline_noqk,700,1.3761,2.9875,0.73047
baseline_noqk,701,1.3781,3.0249,0.77344
baseline_noqk,702,1.38,3.0222,0.89062
baseline_noqk,703,1.382,2.9957,0.78516
baseline_noqk,704,1.384,3.0126,0.70312
baseline_noqk,705,1.3859,3.0401,0.70312
baseline_noqk,706,1.3879,3.0423,0.62109
baseline_noqk,707,1.3898,2.998,0.57031
baseline_noqk,708,1.3918,2.9871,0.51562
baseline_noqk,709,1.3938,3.0497,0.57422
baseline_noqk,710,1.3957,3.0,0.58203
baseline_noqk,711,1.3977,2.9858,0.52734
baseline_noqk,712,1.3997,2.9894,0.55469
baseline_noqk,713,1.4016,3.0513,0.5625
baseline_noqk,714,1.4036,3.0286,0.67969
baseline_noqk,715,1.4056,3.0104,0.63672
baseline_noqk,716,1.4075,2.9465,0.67578
baseline_noqk,717,1.4095,3.0076,0.65625
baseline_noqk,718,1.4115,2.9831,0.6875
baseline_noqk,719,1.4134,3.0038,0.62109
baseline_noqk,720,1.4154,3.01,0.66016
baseline_noqk,721,1.4174,2.985,0.63672
baseline_noqk,722,1.4193,3.0402,0.80078
baseline_noqk,723,1.4213,3.0209,0.80469
baseline_noqk,724,1.4233,3.0083,0.75391
baseline_noqk,725,1.4252,3.0433,0.88672
baseline_noqk,726,1.4272,2.9414,0.91016
baseline_noqk,727,1.4292,3.0164,1.0
baseline_noqk,728,1.4311,2.9679,0.78125
baseline_noqk,729,1.4331,3.0164,0.67969
baseline_noqk,730,1.4351,3.0632,0.69922
baseline_noqk,731,1.437,3.0243,0.64453
baseline_noqk,732,1.439,2.9771,0.66016
baseline_noqk,733,1.441,2.9687,0.72266
baseline_noqk,734,1.4429,3.0231,0.73047
baseline_noqk,735,1.4449,2.9951,0.73047
baseline_noqk,736,1.4469,2.9861,0.78125
baseline_noqk,737,1.4488,3.0247,0.69531
baseline_noqk,738,1.4508,3.0183,0.67969
baseline_noqk,739,1.4528,3.0116,0.60547
baseline_noqk,740,1.4547,2.9817,0.58203
baseline_noqk,741,1.4567,3.0277,0.63281
baseline_noqk,742,1.4587,2.9936,0.68359
baseline_noqk,743,1.4606,3.0192,0.75391
baseline_noqk,744,1.4626,2.9874,0.51953
baseline_noqk,745,1.4646,2.9815,0.58984
baseline_noqk,746,1.4665,3.0056,0.54688
baseline_noqk,747,1.4685,2.9947,0.65625
baseline_noqk,748,1.4704,2.9582,0.59375
baseline_noqk,749,1.4724,2.999,0.80859
baseline_noqk,750,1.4744,2.9973,0.63672
baseline_noqk,751,1.4763,2.9931,0.61719
baseline_noqk,752,1.4783,2.9664,0.59766
baseline_noqk,753,1.4803,2.9644,0.62109
baseline_noqk,754,1.4822,3.0266,0.65625
baseline_noqk,755,1.4842,3.0085,0.63672
baseline_noqk,756,1.4862,2.973,0.67188
baseline_noqk,757,1.4881,3.0197,0.69922
baseline_noqk,758,1.4901,2.9668,0.69531
baseline_noqk,759,1.4921,2.9802,0.79297
baseline_noqk,760,1.494,2.9718,0.73047
baseline_noqk,761,1.496,2.9817,0.82422
baseline_noqk,762,1.498,2.9778,0.8125
baseline_noqk,763,1.4999,2.9769,0.84766
baseline_noqk,764,1.5019,2.9734,0.83594
baseline_noqk,765,1.5039,2.9977,0.77734
baseline_noqk,766,1.5058,2.9804,0.70703
baseline_noqk,767,1.5078,2.9739,0.63281
baseline_noqk,768,1.5098,3.0128,0.69141
baseline_noqk,769,1.5117,2.9807,0.67188
baseline_noqk,770,1.5137,2.9927,0.64844
baseline_noqk,771,1.5157,3.0057,0.52344
baseline_noqk,772,1.5176,2.9516,0.60547
baseline_noqk,773,1.5196,2.9376,0.50391
baseline_noqk,774,1.5216,2.993,0.71875
baseline_noqk,775,1.5235,2.9646,0.60938
baseline_noqk,776,1.5255,2.962,0.82422
baseline_noqk,777,1.5275,2.9713,0.80078
baseline_noqk,778,1.5294,2.9495,0.81641
baseline_noqk,779,1.5314,2.9893,0.80078
baseline_noqk,780,1.5334,2.9856,0.73828
baseline_noqk,781,1.5353,2.966,0.68359
baseline_noqk,782,1.5373,2.9357,0.56641
baseline_noqk,783,1.5393,2.9722,0.71094
baseline_noqk,784,1.5412,2.971,0.79688
baseline_noqk,785,1.5432,2.9845,0.82031
baseline_noqk,786,1.5452,2.9988,0.76562
baseline_noqk,787,1.5471,2.9819,0.66016
baseline_noqk,788,1.5491,2.9707,0.61719
baseline_noqk,789,1.551,2.9846,0.67188
baseline_noqk,790,1.553,2.9747,0.75
baseline_noqk,791,1.555,2.9733,0.73047
baseline_noqk,792,1.5569,2.9333,0.71094
baseline_noqk,793,1.5589,2.9671,0.63281
baseline_noqk,794,1.5609,2.9716,0.71875
baseline_noqk,795,1.5628,2.9729,0.75781
baseline_noqk,796,1.5648,2.9804,0.71094
baseline_noqk,797,1.5668,2.9568,0.73047
baseline_noqk,798,1.5687,2.9694,0.69531
baseline_noqk,799,1.5707,2.9723,0.8125
baseline_noqk,800,1.5727,3.0226,0.80078
baseline_noqk,801,1.5746,2.9691,0.79297
baseline_noqk,802,1.5766,2.9772,0.90625
baseline_noqk,803,1.5786,2.9887,0.82031
baseline_noqk,804,1.5805,2.9353,0.75781
baseline_noqk,805,1.5825,2.9685,0.66016
baseline_noqk,806,1.5845,2.961,0.66797
baseline_noqk,807,1.5864,3.0009,0.6875
baseline_noqk,808,1.5884,2.9524,0.80469
baseline_noqk,809,1.5904,2.956,0.80859
baseline_noqk,810,1.5923,2.9806,0.62891
baseline_noqk,811,1.5943,2.9459,0.78906
baseline_noqk,812,1.5963,2.9637,0.6875
baseline_noqk,813,1.5982,2.92,0.91406
baseline_noqk,814,1.6002,2.9771,0.71875
baseline_noqk,815,1.6022,2.9426,0.67188
baseline_noqk,816,1.6041,2.966,0.60938
baseline_noqk,817,1.6061,2.9611,0.64844
baseline_noqk,818,1.6081,2.9553,0.58984
baseline_noqk,819,1.61,3.0085,0.62109
baseline_noqk,820,1.612,3.0213,0.60547
baseline_noqk,821,1.614,2.9056,0.6875
baseline_noqk,822,1.6159,2.9226,0.69531
baseline_noqk,823,1.6179,2.9871,0.68359
baseline_noqk,824,1.6199,2.9426,0.68359
baseline_noqk,825,1.6218,2.9533,0.74609
baseline_noqk,826,1.6238,2.966,0.6875
baseline_noqk,827,1.6257,2.9729,0.78516
baseline_noqk,828,1.6277,2.9369,0.69531
baseline_noqk,829,1.6297,2.9812,0.70703
baseline_noqk,830,1.6316,2.9437,0.71875
baseline_noqk,831,1.6336,2.9737,0.68359
baseline_noqk,832,1.6356,2.967,0.73047
baseline_noqk,833,1.6375,2.9487,0.66406
baseline_noqk,834,1.6395,2.9102,0.74219
baseline_noqk,835,1.6415,2.9529,0.74219
baseline_noqk,836,1.6434,2.9664,0.88672
baseline_noqk,837,1.6454,2.9158,0.94141
baseline_noqk,838,1.6474,2.955,1.0625
baseline_noqk,839,1.6493,2.9319,0.94531
baseline_noqk,840,1.6513,2.9245,0.97656
baseline_noqk,841,1.6533,2.9447,0.95312
baseline_noqk,842,1.6552,2.9624,0.85547
baseline_noqk,843,1.6572,2.9459,0.78906
baseline_noqk,844,1.6592,2.91,0.67188
baseline_noqk,845,1.6611,2.9624,0.75781
baseline_noqk,846,1.6631,2.9432,0.65234
baseline_noqk,847,1.6651,2.9668,0.73438
baseline_noqk,848,1.667,2.9705,0.72266
baseline_noqk,849,1.669,2.9518,0.78516
baseline_noqk,850,1.671,2.9918,0.77734
baseline_noqk,851,1.6729,2.942,0.82812
baseline_noqk,852,1.6749,2.9573,0.91797
baseline_noqk,853,1.6769,3.0162,0.87891
baseline_noqk,854,1.6788,2.9129,0.86719
baseline_noqk,855,1.6808,2.9245,0.74219
baseline_noqk,856,1.6828,2.9204,1.0156
baseline_noqk,857,1.6847,2.9076,0.70703
baseline_noqk,858,1.6867,2.9334,0.6875
baseline_noqk,859,1.6887,2.9444,0.62109
baseline_noqk,860,1.6906,2.9469,0.68359
baseline_noqk,861,1.6926,2.9234,0.75391
baseline_noqk,862,1.6946,2.9514,0.76172
baseline_noqk,863,1.6965,2.9405,0.90625
baseline_noqk,864,1.6985,2.9222,0.90234
baseline_noqk,865,1.7005,2.9619,0.82422
baseline_noqk,866,1.7024,2.9452,0.76172
baseline_noqk,867,1.7044,2.9771,0.70312
baseline_noqk,868,1.7063,2.9371,0.73438
baseline_noqk,869,1.7083,2.9344,0.72656
baseline_noqk,870,1.7103,2.9164,0.76562
baseline_noqk,871,1.7122,2.9461,0.69141
baseline_noqk,872,1.7142,2.9465,0.76562
baseline_noqk,873,1.7162,2.9005,0.64062
baseline_noqk,874,1.7181,2.964,0.72266
baseline_noqk,875,1.7201,2.9201,0.67578
baseline_noqk,876,1.7221,2.9317,0.77344
baseline_noqk,877,1.724,2.8878,0.76953
baseline_noqk,878,1.726,2.9376,0.78516
baseline_noqk,879,1.728,2.9379,0.73047
baseline_noqk,880,1.7299,2.9344,0.73438
baseline_noqk,881,1.7319,2.9402,0.73047
baseline_noqk,882,1.7339,2.9281,0.77734
baseline_noqk,883,1.7358,2.9695,0.75391
baseline_noqk,884,1.7378,2.9227,0.75781
baseline_noqk,885,1.7398,2.9177,0.70312
baseline_noqk,886,1.7417,2.934,0.76953
baseline_noqk,887,1.7437,2.916,0.67578
baseline_noqk,888,1.7457,2.9187,0.71875
baseline_noqk,889,1.7476,2.9102,0.62891
baseline_noqk,890,1.7496,2.9254,0.74609
baseline_noqk,891,1.7516,2.9098,0.85938
baseline_noqk,892,1.7535,2.9484,0.99219
baseline_noqk,893,1.7555,2.9192,0.80078
baseline_noqk,894,1.7575,2.9103,0.89453
baseline_noqk,895,1.7594,2.9582,0.90234
baseline_noqk,896,1.7614,2.9211,0.92969
baseline_noqk,897,1.7634,2.9247,0.77734
baseline_noqk,898,1.7653,2.9545,0.79297
baseline_noqk,899,1.7673,2.9559,0.71094
baseline_noqk,900,1.7693,2.9208,0.87109
baseline_noqk,901,1.7712,2.9464,0.66016
baseline_noqk,902,1.7732,2.911,0.70312
baseline_noqk,903,1.7752,2.947,0.63672
baseline_noqk,904,1.7771,2.9159,0.87891
baseline_noqk,905,1.7791,2.8952,0.66797
baseline_noqk,906,1.7811,2.9436,0.75781
baseline_noqk,907,1.783,2.9075,0.77734
baseline_noqk,908,1.785,2.9313,0.90234
baseline_noqk,909,1.7869,2.9259,1.0312
baseline_noqk,910,1.7889,2.9363,0.86719
baseline_noqk,911,1.7909,2.9095,0.96094
baseline_noqk,912,1.7928,2.965,0.8125
baseline_noqk,913,1.7948,2.9094,0.86328
baseline_noqk,914,1.7968,2.8864,0.79297
baseline_noqk,915,1.7987,2.9154,0.85938
baseline_noqk,916,1.8007,2.921,0.8125
baseline_noqk,917,1.8027,2.9194,0.98828
baseline_noqk,918,1.8046,2.9081,0.85547
baseline_noqk,919,1.8066,2.9341,0.80078
baseline_noqk,920,1.8086,2.9287,0.76562
baseline_noqk,921,1.8105,2.9755,0.72266
baseline_noqk,922,1.8125,2.9177,0.6875
baseline_noqk,923,1.8145,2.8737,0.57422
baseline_noqk,924,1.8164,2.9302,0.66406
baseline_noqk,925,1.8184,2.9393,0.71484
baseline_noqk,926,1.8204,2.8958,0.87109
baseline_noqk,927,1.8223,2.9102,0.69141
baseline_noqk,928,1.8243,2.9087,0.77344
baseline_noqk,929,1.8263,2.9166,0.67578
baseline_noqk,930,1.8282,2.8868,0.91406
baseline_noqk,931,1.8302,2.9609,0.83984
baseline_noqk,932,1.8322,2.91,1.0391
baseline_noqk,933,1.8341,2.9016,0.82812
baseline_noqk,934,1.8361,2.874,0.77344
baseline_noqk,935,1.8381,2.8957,0.85547
baseline_noqk,936,1.84,2.9404,0.75391
baseline_noqk,937,1.842,2.9256,0.72656
baseline_noqk,938,1.844,2.9239,0.76953
baseline_noqk,939,1.8459,2.9176,0.83203
baseline_noqk,940,1.8479,2.8885,0.85547
baseline_noqk,941,1.8499,2.9033,0.84375
baseline_noqk,942,1.8518,2.9046,0.79297
baseline_noqk,943,1.8538,2.9168,0.83203
baseline_noqk,944,1.8558,2.9276,0.75
baseline_noqk,945,1.8577,2.914,0.64844
baseline_noqk,946,1.8597,2.8724,0.81641
baseline_noqk,947,1.8617,2.9174,0.64062
baseline_noqk,948,1.8636,3.0248,0.9375
baseline_noqk,949,1.8656,2.9416,0.64844
baseline_noqk,950,1.8675,2.871,0.78516
baseline_noqk,951,1.8695,2.9333,0.66406
baseline_noqk,952,1.8715,2.895,0.70312
baseline_noqk,953,1.8734,2.9295,0.6875
baseline_noqk,954,1.8754,2.8972,0.84766
baseline_noqk,955,1.8774,2.9142,0.95703
baseline_noqk,956,1.8793,2.8888,0.89453
baseline_noqk,957,1.8813,2.898,0.94141
baseline_noqk,958,1.8833,2.9335,0.64453
baseline_noqk,959,1.8852,2.8821,0.70703
baseline_noqk,960,1.8872,2.8977,0.61328
baseline_noqk,961,1.8892,2.9105,0.71094
baseline_noqk,962,1.8911,2.9945,0.88281
baseline_noqk,963,1.8931,2.8956,0.77734
baseline_noqk,964,1.8951,2.8518,0.80078
baseline_noqk,965,1.897,2.9338,0.875
baseline_noqk,966,1.899,2.9039,0.75781
baseline_noqk,967,1.901,2.8826,0.85547
baseline_noqk,968,1.9029,2.9205,0.77344
baseline_noqk,969,1.9049,2.9132,0.72656
baseline_noqk,970,1.9069,2.8682,0.84375
baseline_noqk,971,1.9088,2.8767,0.69531
baseline_noqk,972,1.9108,2.865,0.95312
baseline_noqk,973,1.9128,2.8743,0.76562
baseline_noqk,974,1.9147,2.8649,0.69141
baseline_noqk,975,1.9167,2.8996,0.70312
baseline_noqk,976,1.9187,2.8754,0.71094
baseline_noqk,977,1.9206,2.9059,0.76953
baseline_noqk,978,1.9226,2.9079,0.79297
baseline_noqk,979,1.9246,2.9962,1.0
baseline_noqk,980,1.9265,2.9218,0.68359
baseline_noqk,981,1.9285,2.9289,0.67969
baseline_noqk,982,1.9305,2.8738,0.72266
baseline_noqk,983,1.9324,2.8914,0.67969
baseline_noqk,984,1.9344,2.9367,0.62109
baseline_noqk,985,1.9364,2.8969,0.70312
baseline_noqk,986,1.9383,2.9033,0.58203
baseline_noqk,987,1.9403,2.8834,0.59766
baseline_noqk,988,1.9422,2.8478,0.59375
baseline_noqk,989,1.9442,2.8551,0.63281
baseline_noqk,990,1.9462,2.8987,0.60938
baseline_noqk,991,1.9481,2.9067,0.66406
baseline_noqk,992,1.9501,2.8699,0.75391
baseline_noqk,993,1.9521,2.8598,0.8125
baseline_noqk,994,1.954,2.8903,0.85938
baseline_noqk,995,1.956,2.8988,1.1094
baseline_noqk,996,1.958,2.8746,0.79688
baseline_noqk,997,1.9599,2.9053,0.83984
baseline_noqk,998,1.9619,2.9237,0.95312
baseline_noqk,999,1.9639,2.8708,1.0469
baseline_noqk,1000,1.9658,2.8544,0.97266
baseline_noqk,1001,1.9678,2.887,0.83594
baseline_noqk,1002,1.9698,2.8739,1.0
baseline_noqk,1003,1.9717,2.9186,0.88281
baseline_noqk,1004,1.9737,2.8865,0.85938
baseline_noqk,1005,1.9757,2.8669,0.98047
baseline_noqk,1006,1.9776,2.9044,0.76953
baseline_noqk,1007,1.9796,2.8982,0.71094
baseline_noqk,1008,1.9816,2.8713,0.68359
baseline_noqk,1009,1.9835,2.8929,0.73047
baseline_noqk,1010,1.9855,2.8891,0.69141
baseline_noqk,1011,1.9875,2.8716,0.71875
baseline_noqk,1012,1.9894,2.8787,0.92188
baseline_noqk,1013,1.9914,2.9751,0.89062
baseline_noqk,1014,1.9934,2.9074,0.82422
baseline_noqk,1015,1.9953,2.8679,0.85156
baseline_noqk,1016,1.9973,2.9273,0.85156
baseline_noqk,1017,1.9993,2.8639,0.85938
baseline_noqk,1018,2.0012,2.8739,0.78906
baseline_noqk,1019,2.0032,2.8817,0.72266
baseline_noqk,1020,2.0052,2.8539,0.91406
baseline_noqk,1021,2.0071,2.9231,0.72656
baseline_noqk,1022,2.0091,2.847,0.80469
baseline_noqk,1023,2.0111,2.8706,0.80859
baseline_noqk,1024,2.013,2.8822,0.98047
baseline_noqk,1025,2.015,2.8878,0.88672
baseline_noqk,1026,2.017,2.886,0.90234
baseline_noqk,1027,2.0189,2.8495,0.71484
baseline_noqk,1028,2.0209,2.871,0.75781
baseline_noqk,1029,2.0228,2.8763,0.67578
baseline_noqk,1030,2.0248,2.8824,0.83203
baseline_noqk,1031,2.0268,2.8707,0.66797
baseline_noqk,1032,2.0287,2.8597,1.125
baseline_noqk,1033,2.0307,2.8866,0.67188
baseline_noqk,1034,2.0327,2.8674,0.96484
baseline_noqk,1035,2.0346,2.9004,0.69531
baseline_noqk,1036,2.0366,2.8944,0.81641
baseline_noqk,1037,2.0386,2.8383,0.73828
baseline_noqk,1038,2.0405,2.8822,0.76562
baseline_noqk,1039,2.0425,2.9002,0.70312
baseline_noqk,1040,2.0445,2.9662,0.65625
baseline_noqk,1041,2.0464,2.8937,0.69922
baseline_noqk,1042,2.0484,2.9009,0.67578
baseline_noqk,1043,2.0504,2.8802,0.77344
baseline_noqk,1044,2.0523,2.884,0.76562
baseline_noqk,1045,2.0543,2.88,0.8125
baseline_noqk,1046,2.0563,2.8647,1.0547
baseline_noqk,1047,2.0582,2.8872,1.0312
baseline_noqk,1048,2.0602,2.8756,0.93359
baseline_noqk,1049,2.0622,2.8989,0.93359
baseline_noqk,1050,2.0641,2.8409,0.8125
baseline_noqk,1051,2.0661,2.856,0.91797
baseline_noqk,1052,2.0681,2.9194,0.82031
baseline_noqk,1053,2.07,2.9072,0.85156
baseline_noqk,1054,2.072,2.8918,0.72266
baseline_noqk,1055,2.074,2.8555,0.70703
baseline_noqk,1056,2.0759,2.9067,0.61719
baseline_noqk,1057,2.0779,2.8429,0.73828
baseline_noqk,1058,2.0799,2.8837,0.72266
baseline_noqk,1059,2.0818,2.859,0.75391
baseline_noqk,1060,2.0838,2.8973,0.73828
baseline_noqk,1061,2.0858,2.8474,0.70312
baseline_noqk,1062,2.0877,2.8962,0.75391
baseline_noqk,1063,2.0897,2.8455,0.74609
baseline_noqk,1064,2.0917,2.8688,0.83594
baseline_noqk,1065,2.0936,2.8056,0.70312
baseline_noqk,1066,2.0956,2.8807,0.79297
baseline_noqk,1067,2.0976,2.8439,0.69531
baseline_noqk,1068,2.0995,2.82,0.70312
baseline_noqk,1069,2.1015,2.8693,0.77734
baseline_noqk,1070,2.1034,2.8483,1.2578
baseline_noqk,1071,2.1054,2.8601,0.92578
baseline_noqk,1072,2.1074,2.8368,1.3438
baseline_noqk,1073,2.1093,2.8742,0.86719
baseline_noqk,1074,2.1113,2.8432,0.94922
baseline_noqk,1075,2.1133,2.8529,0.79688
baseline_noqk,1076,2.1152,2.8848,0.71094
baseline_noqk,1077,2.1172,2.8735,0.83984
baseline_noqk,1078,2.1192,2.8742,0.72266
baseline_noqk,1079,2.1211,2.8836,0.6875
baseline_noqk,1080,2.1231,2.8527,0.66016
baseline_noqk,1081,2.1251,2.8571,0.64453
baseline_noqk,1082,2.127,2.8602,0.72656
baseline_noqk,1083,2.129,2.804,0.78906
baseline_noqk,1084,2.131,2.8393,0.69922
baseline_noqk,1085,2.1329,2.8462,0.76953
baseline_noqk,1086,2.1349,2.8561,0.67188
baseline_noqk,1087,2.1369,2.875,0.75
baseline_noqk,1088,2.1388,2.8647,0.64453
baseline_noqk,1089,2.1408,2.8534,0.69922
baseline_noqk,1090,2.1428,2.8554,0.63281
baseline_noqk,1091,2.1447,2.865,0.66016
baseline_noqk,1092,2.1467,2.8623,0.69141
baseline_noqk,1093,2.1487,2.8547,0.74219
baseline_noqk,1094,2.1506,2.8625,0.76562
baseline_noqk,1095,2.1526,2.8396,0.91406
baseline_noqk,1096,2.1546,2.8561,0.875
baseline_noqk,1097,2.1565,2.8797,0.89062
baseline_noqk,1098,2.1585,2.859,0.99219
baseline_noqk,1099,2.1605,2.8886,0.95703
baseline_noqk,1100,2.1624,2.8474,0.98047
baseline_noqk,1101,2.1644,2.8597,0.84375
baseline_noqk,1102,2.1664,2.8521,0.65625
baseline_noqk,1103,2.1683,2.8782,0.71094
baseline_noqk,1104,2.1703,2.8395,0.57031
baseline_noqk,1105,2.1723,2.8582,0.8125
baseline_noqk,1106,2.1742,2.8447,0.59766
baseline_noqk,1107,2.1762,2.8396,0.76953
baseline_noqk,1108,2.1782,2.8656,0.61719
baseline_noqk,1109,2.1801,2.8497,0.58984
baseline_noqk,1110,2.1821,2.8797,0.64844
baseline_noqk,1111,2.184,2.8231,0.65625
baseline_noqk,1112,2.186,2.8841,0.64062
baseline_noqk,1113,2.188,2.8543,0.73438
baseline_noqk,1114,2.1899,2.831,0.64062
baseline_noqk,1115,2.1919,2.8924,0.98047
baseline_noqk,1116,2.1939,2.8602,0.67578
baseline_noqk,1117,2.1958,2.858,0.71875
baseline_noqk,1118,2.1978,2.9131,0.75
baseline_noqk,1119,2.1998,2.8204,0.76172
baseline_noqk,1120,2.2017,2.8579,0.76562
baseline_noqk,1121,2.2037,2.8676,0.88672
baseline_noqk,1122,2.2057,2.8569,0.875
baseline_noqk,1123,2.2076,2.866,0.79688
baseline_noqk,1124,2.2096,2.8767,0.86328
baseline_noqk,1125,2.2116,2.8129,0.83984
baseline_noqk,1126,2.2135,2.8353,0.84766
baseline_noqk,1127,2.2155,2.8386,0.82031
baseline_noqk,1128,2.2175,2.8787,0.86328
baseline_noqk,1129,2.2194,2.8544,0.78125
baseline_noqk,1130,2.2214,2.8335,1.0391
baseline_noqk,1131,2.2234,2.9266,0.75391
baseline_noqk,1132,2.2253,2.8107,0.75391
baseline_noqk,1133,2.2273,2.8621,0.70312
baseline_noqk,1134,2.2293,2.924,0.80469
baseline_noqk,1135,2.2312,2.8743,0.66016
baseline_noqk,1136,2.2332,2.8124,0.62891
baseline_noqk,1137,2.2352,2.8177,0.69922
baseline_noqk,1138,2.2371,2.8766,0.69141
baseline_noqk,1139,2.2391,2.8485,0.80469
baseline_noqk,1140,2.2411,2.8523,0.86328
baseline_noqk,1141,2.243,2.8458,0.94531
baseline_noqk,1142,2.245,2.8601,0.91797
baseline_noqk,1143,2.247,2.8384,0.89453
baseline_noqk,1144,2.2489,2.8323,0.91016
baseline_noqk,1145,2.2509,2.8074,0.88281
baseline_noqk,1146,2.2529,2.8244,0.77734
baseline_noqk,1147,2.2548,2.8277,0.72266
baseline_noqk,1148,2.2568,2.8564,0.71875
baseline_noqk,1149,2.2588,2.8478,0.72656
baseline_noqk,1150,2.2607,2.8522,0.88672
baseline_noqk,1151,2.2627,2.8583,1.0078
baseline_noqk,1152,2.2646,2.837,0.74609
baseline_noqk,1153,2.2666,2.8662,0.70312
baseline_noqk,1154,2.2686,2.8325,0.64453
baseline_noqk,1155,2.2705,2.8406,0.75
baseline_noqk,1156,2.2725,2.8544,0.65625
baseline_noqk,1157,2.2745,2.8185,0.76562
baseline_noqk,1158,2.2764,2.8067,0.625
baseline_noqk,1159,2.2784,2.8725,0.70703
baseline_noqk,1160,2.2804,2.8535,0.87891
baseline_noqk,1161,2.2823,2.8392,0.69922
baseline_noqk,1162,2.2843,2.8241,0.6875
baseline_noqk,1163,2.2863,2.8321,0.75
baseline_noqk,1164,2.2882,2.8508,1.1094
baseline_noqk,1165,2.2902,2.8224,1.0312
baseline_noqk,1166,2.2922,2.841,1.1016
baseline_noqk,1167,2.2941,2.8175,0.87109
baseline_noqk,1168,2.2961,2.8477,0.87891
baseline_noqk,1169,2.2981,2.8632,0.75
baseline_noqk,1170,2.3,2.8781,0.83594
baseline_noqk,1171,2.302,2.8428,0.77734
baseline_noqk,1172,2.304,2.8325,0.72266
baseline_noqk,1173,2.3059,2.8319,0.69531
baseline_noqk,1174,2.3079,2.8341,0.85547
baseline_noqk,1175,2.3099,2.8438,0.81641
baseline_noqk,1176,2.3118,2.8495,0.82812
baseline_noqk,1177,2.3138,2.8595,0.76562
baseline_noqk,1178,2.3158,2.8581,0.80469
baseline_noqk,1179,2.3177,2.8379,0.75391
baseline_noqk,1180,2.3197,2.8236,0.73828
baseline_noqk,1181,2.3217,2.8281,0.72656
baseline_noqk,1182,2.3236,2.822,0.86328
baseline_noqk,1183,2.3256,2.852,0.91016
baseline_noqk,1184,2.3276,2.8462,0.73438
baseline_noqk,1185,2.3295,2.8299,0.77734
baseline_noqk,1186,2.3315,2.8058,0.71484
baseline_noqk,1187,2.3335,2.7681,0.76953
baseline_noqk,1188,2.3354,2.8369,0.72266
baseline_noqk,1189,2.3374,2.8111,0.67578
baseline_noqk,1190,2.3393,2.824,0.65234
baseline_noqk,1191,2.3413,2.8272,0.625
baseline_noqk,1192,2.3433,2.8802,0.66016
baseline_noqk,1193,2.3452,2.8145,0.79297
baseline_noqk,1194,2.3472,2.833,0.61719
baseline_noqk,1195,2.3492,2.8121,0.82422
baseline_noqk,1196,2.3511,2.8406,0.69141
baseline_noqk,1197,2.3531,2.8171,0.68359
baseline_noqk,1198,2.3551,2.8171,0.73828
baseline_noqk,1199,2.357,2.8227,0.76562
baseline_noqk,1200,2.359,2.7943,1.0
baseline_noqk,1201,2.361,2.82,0.82812
baseline_noqk,1202,2.3629,2.8006,0.87109
baseline_noqk,1203,2.3649,2.8235,0.875
baseline_noqk,1204,2.3669,2.8123,0.75
baseline_noqk,1205,2.3688,2.8128,0.80078
baseline_noqk,1206,2.3708,2.8195,0.64453
baseline_noqk,1207,2.3728,2.8238,0.77344
baseline_noqk,1208,2.3747,2.8015,0.67188
baseline_noqk,1209,2.3767,2.8427,0.68359
baseline_noqk,1210,2.3787,2.84,0.6875
baseline_noqk,1211,2.3806,2.8273,0.66016
baseline_noqk,1212,2.3826,2.8397,0.71484
baseline_noqk,1213,2.3846,2.813,0.69922
baseline_noqk,1214,2.3865,2.8352,0.92969
baseline_noqk,1215,2.3885,2.8228,0.74609
baseline_noqk,1216,2.3905,2.8093,0.88281
baseline_noqk,1217,2.3924,2.8457,0.69922
baseline_noqk,1218,2.3944,2.8115,0.70703
baseline_noqk,1219,2.3964,2.8225,0.66406
baseline_noqk,1220,2.3983,2.8247,0.69141
baseline_noqk,1221,2.4003,2.8255,0.74219
baseline_noqk,1222,2.4023,2.812,0.66406
baseline_noqk,1223,2.4042,2.8515,0.71094
baseline_noqk,1224,2.4062,2.8447,0.64453
baseline_noqk,1225,2.4082,2.8384,0.66016
baseline_noqk,1226,2.4101,2.8503,0.63281
baseline_noqk,1227,2.4121,2.8302,0.625
baseline_noqk,1228,2.4141,2.8443,0.78516
baseline_noqk,1229,2.416,2.8281,0.71094
baseline_noqk,1230,2.418,2.7988,0.69141
baseline_noqk,1231,2.4199,2.8488,0.78906
baseline_noqk,1232,2.4219,2.7993,0.66406
baseline_noqk,1233,2.4239,2.8021,0.73047
baseline_noqk,1234,2.4258,2.8298,0.62109
baseline_noqk,1235,2.4278,2.7933,0.66797
baseline_noqk,1236,2.4298,2.8418,0.64844
baseline_noqk,1237,2.4317,2.8371,0.85547
baseline_noqk,1238,2.4337,2.8434,0.68359
baseline_noqk,1239,2.4357,2.792,0.75
baseline_noqk,1240,2.4376,2.8212,0.73438
baseline_noqk,1241,2.4396,2.8292,0.83203
baseline_noqk,1242,2.4416,2.8046,0.87109
baseline_noqk,1243,2.4435,2.8163,0.74219
baseline_noqk,1244,2.4455,2.8189,0.70703
baseline_noqk,1245,2.4475,2.8,0.73047
baseline_noqk,1246,2.4494,2.8336,0.75391
baseline_noqk,1247,2.4514,2.8156,0.73828
baseline_noqk,1248,2.4534,2.8606,0.60938
baseline_noqk,1249,2.4553,2.8277,0.69922
baseline_noqk,1250,2.4573,2.7981,0.65234
baseline_noqk,1251,2.4593,2.8313,0.69141
baseline_noqk,1252,2.4612,2.7955,0.65234
baseline_noqk,1253,2.4632,2.7807,0.64453
baseline_noqk,1254,2.4652,2.8174,0.6875
baseline_noqk,1255,2.4671,2.8004,0.69141
baseline_noqk,1256,2.4691,2.7953,0.66016
baseline_noqk,1257,2.4711,2.8359,0.75781
baseline_noqk,1258,2.473,2.8259,0.61719
baseline_noqk,1259,2.475,2.835,0.75
baseline_noqk,1260,2.477,2.8007,0.65625
baseline_noqk,1261,2.4789,2.8291,0.63281
baseline_noqk,1262,2.4809,2.8356,0.79688
baseline_noqk,1263,2.4829,2.7778,0.59766
baseline_noqk,1264,2.4848,2.8712,0.74609
baseline_noqk,1265,2.4868,2.7963,0.60547
baseline_noqk,1266,2.4888,2.8221,0.67578
baseline_noqk,1267,2.4907,2.7938,0.57031
baseline_noqk,1268,2.4927,2.7962,0.75781
baseline_noqk,1269,2.4947,2.7986,0.57422
baseline_noqk,1270,2.4966,2.8193,0.68359
baseline_noqk,1271,2.4986,2.747,0.74219
baseline_noqk,1272,2.5005,2.7905,0.92188
baseline_noqk,1273,2.5025,2.7956,0.86719
baseline_noqk,1274,2.5045,2.803,0.95703
baseline_noqk,1275,2.5064,2.8192,0.98828
baseline_noqk,1276,2.5084,2.789,0.80078
baseline_noqk,1277,2.5104,2.8095,0.86719
baseline_noqk,1278,2.5123,2.8247,0.89844
baseline_noqk,1279,2.5143,2.7933,0.93359
baseline_noqk,1280,2.5163,2.8298,0.80078
baseline_noqk,1281,2.5182,2.8045,0.82031
baseline_noqk,1282,2.5202,2.7994,0.82422
baseline_noqk,1283,2.5222,2.8328,0.75
baseline_noqk,1284,2.5241,2.837,0.74219
baseline_noqk,1285,2.5261,2.8113,0.60156
baseline_noqk,1286,2.5281,2.8244,0.67578
baseline_noqk,1287,2.53,2.7956,0.66016
baseline_noqk,1288,2.532,2.8184,0.80078
baseline_noqk,1289,2.534,2.807,0.71484
baseline_noqk,1290,2.5359,2.776,0.76172
baseline_noqk,1291,2.5379,2.8236,0.73438
baseline_noqk,1292,2.5399,2.7595,0.82031
baseline_noqk,1293,2.5418,2.7993,0.68359
baseline_noqk,1294,2.5438,2.7837,0.78125
baseline_noqk,1295,2.5458,2.745,0.64453
baseline_noqk,1296,2.5477,2.798,0.77344
baseline_noqk,1297,2.5497,2.8231,0.64062
baseline_noqk,1298,2.5517,2.8003,0.73828
baseline_noqk,1299,2.5536,2.8941,0.61719
baseline_noqk,1300,2.5556,2.8016,0.67188
baseline_noqk,1301,2.5576,2.771,0.61328
baseline_noqk,1302,2.5595,2.8032,0.82031
baseline_noqk,1303,2.5615,2.7792,0.64453
baseline_noqk,1304,2.5635,2.7832,0.81641
baseline_noqk,1305,2.5654,2.756,0.76172
baseline_noqk,1306,2.5674,2.7936,0.85938
baseline_noqk,1307,2.5694,2.7904,0.81641
baseline_noqk,1308,2.5713,2.7809,0.79688
baseline_noqk,1309,2.5733,2.7632,0.67188
baseline_noqk,1310,2.5753,2.829,0.77734
baseline_noqk,1311,2.5772,2.7979,0.60547
baseline_noqk,1312,2.5792,2.7775,0.58203
baseline_noqk,1313,2.5811,2.8055,0.89453
baseline_noqk,1314,2.5831,2.823,0.80859
baseline_noqk,1315,2.5851,2.8043,0.62109
baseline_noqk,1316,2.587,2.8153,1.1406
baseline_noqk,1317,2.589,2.7891,0.74609
baseline_noqk,1318,2.591,2.7671,0.98828
baseline_noqk,1319,2.5929,2.7941,1.0703
baseline_noqk,1320,2.5949,2.7972,0.70703
baseline_noqk,1321,2.5969,2.7952,0.80859
baseline_noqk,1322,2.5988,2.7468,0.67188
baseline_noqk,1323,2.6008,2.7948,0.67188
baseline_noqk,1324,2.6028,2.759,0.58594
baseline_noqk,1325,2.6047,2.8452,0.69922
baseline_noqk,1326,2.6067,2.8062,0.73047
baseline_noqk,1327,2.6087,2.7702,0.61719
baseline_noqk,1328,2.6106,2.7783,0.69141
baseline_noqk,1329,2.6126,2.8447,0.75781
baseline_noqk,1330,2.6146,2.8078,0.83203
baseline_noqk,1331,2.6165,2.8129,0.65234
baseline_noqk,1332,2.6185,2.8246,0.70312
baseline_noqk,1333,2.6205,2.794,0.51562
baseline_noqk,1334,2.6224,2.7946,0.63281
baseline_noqk,1335,2.6244,2.7497,0.61328
baseline_noqk,1336,2.6264,2.8193,0.80859
baseline_noqk,1337,2.6283,2.8201,0.69141
baseline_noqk,1338,2.6303,2.815,0.80078
baseline_noqk,1339,2.6323,2.8375,0.82031
baseline_noqk,1340,2.6342,2.823,0.86328
baseline_noqk,1341,2.6362,2.8211,0.79297
baseline_noqk,1342,2.6382,2.7802,0.80859
baseline_noqk,1343,2.6401,2.8326,0.72656
baseline_noqk,1344,2.6421,2.76,0.66797
baseline_noqk,1345,2.6441,2.7605,0.76562
baseline_noqk,1346,2.646,2.7925,0.62891
baseline_noqk,1347,2.648,2.8202,0.8125
baseline_noqk,1348,2.65,2.7832,0.64453
baseline_noqk,1349,2.6519,2.8001,0.89453
baseline_noqk,1350,2.6539,2.8005,0.55469
baseline_noqk,1351,2.6558,2.8619,0.88281
baseline_noqk,1352,2.6578,2.7564,0.54297
baseline_noqk,1353,2.6598,2.8209,0.90625
baseline_noqk,1354,2.6617,2.7964,0.66797
baseline_noqk,1355,2.6637,2.8141,0.94922
baseline_noqk,1356,2.6657,2.8119,0.92188
baseline_noqk,1357,2.6676,2.8022,1.1016
baseline_noqk,1358,2.6696,2.7694,1.0547
baseline_noqk,1359,2.6716,2.7748,1.0781
baseline_noqk,1360,2.6735,2.8018,0.98828
baseline_noqk,1361,2.6755,2.781,0.79297
baseline_noqk,1362,2.6775,2.7729,0.78125
baseline_noqk,1363,2.6794,2.7827,0.6875
baseline_noqk,1364,2.6814,2.797,0.91406
baseline_noqk,1365,2.6834,2.8133,0.73828
baseline_noqk,1366,2.6853,2.7949,0.88281
baseline_noqk,1367,2.6873,2.7865,0.69922
baseline_noqk,1368,2.6893,2.7872,0.78125
baseline_noqk,1369,2.6912,2.8015,0.67969
baseline_noqk,1370,2.6932,2.7731,0.67578
baseline_noqk,1371,2.6952,2.791,0.67188
baseline_noqk,1372,2.6971,2.7502,0.72656
baseline_noqk,1373,2.6991,2.7987,0.76953
baseline_noqk,1374,2.7011,2.7707,0.73438
baseline_noqk,1375,2.703,2.7879,0.82422
baseline_noqk,1376,2.705,2.7955,0.68359
baseline_noqk,1377,2.707,2.774,0.72656
baseline_noqk,1378,2.7089,2.7911,0.73438
baseline_noqk,1379,2.7109,2.7969,0.75
baseline_noqk,1380,2.7129,2.7864,0.79688
baseline_noqk,1381,2.7148,2.8034,0.89062
baseline_noqk,1382,2.7168,2.7935,0.91406
baseline_noqk,1383,2.7188,2.7969,0.89844
baseline_noqk,1384,2.7207,2.7669,0.9375
baseline_noqk,1385,2.7227,2.784,0.91797
baseline_noqk,1386,2.7247,2.7726,0.86328
baseline_noqk,1387,2.7266,2.7788,0.94922
baseline_noqk,1388,2.7286,2.7812,0.80859
baseline_noqk,1389,2.7306,2.7953,0.83594
baseline_noqk,1390,2.7325,2.8188,0.70703
baseline_noqk,1391,2.7345,2.7732,0.71875
baseline_noqk,1392,2.7364,2.7595,0.65625
baseline_noqk,1393,2.7384,2.7854,0.73438
baseline_noqk,1394,2.7404,2.7649,0.62109
baseline_noqk,1395,2.7423,2.7502,0.77734
baseline_noqk,1396,2.7443,2.795,0.95312
baseline_noqk,1397,2.7463,2.7938,0.78906
baseline_noqk,1398,2.7482,2.7464,0.71875
baseline_noqk,1399,2.7502,2.8012,0.64844
baseline_noqk,1400,2.7522,2.7727,0.65234
baseline_noqk,1401,2.7541,2.7634,0.71484
baseline_noqk,1402,2.7561,2.7549,0.83984
baseline_noqk,1403,2.7581,2.7617,0.82422
baseline_noqk,1404,2.76,2.732,0.80078
baseline_noqk,1405,2.762,2.7492,0.71484
baseline_noqk,1406,2.764,2.7818,0.65234
baseline_noqk,1407,2.7659,2.7637,0.82422
baseline_noqk,1408,2.7679,2.7236,0.72656
baseline_noqk,1409,2.7699,2.8256,0.77734
baseline_noqk,1410,2.7718,2.7724,0.70312
baseline_noqk,1411,2.7738,2.8087,0.70312
baseline_noqk,1412,2.7758,2.7843,0.70312
baseline_noqk,1413,2.7777,2.7431,0.71484
baseline_noqk,1414,2.7797,2.7911,0.80859
baseline_noqk,1415,2.7817,2.7675,0.76562
baseline_noqk,1416,2.7836,2.7763,0.80078
baseline_noqk,1417,2.7856,2.7679,0.80859
baseline_noqk,1418,2.7876,2.784,0.87109
baseline_noqk,1419,2.7895,2.763,0.8125
baseline_noqk,1420,2.7915,2.7777,0.75
baseline_noqk,1421,2.7935,2.7617,0.71484
baseline_noqk,1422,2.7954,2.8067,0.83984
baseline_noqk,1423,2.7974,2.7901,0.83203
baseline_noqk,1424,2.7994,2.7479,0.72266
baseline_noqk,1425,2.8013,2.7486,0.78125
baseline_noqk,1426,2.8033,2.765,0.82812
baseline_noqk,1427,2.8053,2.7636,0.84375
baseline_noqk,1428,2.8072,2.7852,0.92969
baseline_noqk,1429,2.8092,2.7757,0.82422
baseline_noqk,1430,2.8112,2.784,0.91797
baseline_noqk,1431,2.8131,2.7988,0.85547
baseline_noqk,1432,2.8151,2.7921,1.0703
baseline_noqk,1433,2.817,2.7429,0.96875
baseline_noqk,1434,2.819,2.7742,1.0391
baseline_noqk,1435,2.821,2.7932,0.92969
baseline_noqk,1436,2.8229,2.7968,0.80078
baseline_noqk,1437,2.8249,2.831,0.85156
baseline_noqk,1438,2.8269,2.7597,0.75781
baseline_noqk,1439,2.8288,2.7507,0.83594
baseline_noqk,1440,2.8308,2.7502,0.71875
baseline_noqk,1441,2.8328,2.7801,0.93359
baseline_noqk,1442,2.8347,2.7695,0.72656
baseline_noqk,1443,2.8367,2.7578,0.84766
baseline_noqk,1444,2.8387,2.7403,0.75
baseline_noqk,1445,2.8406,2.7489,0.93359
baseline_noqk,1446,2.8426,2.768,0.79688
baseline_noqk,1447,2.8446,2.7579,0.93359
baseline_noqk,1448,2.8465,2.7423,0.875
baseline_noqk,1449,2.8485,2.7537,0.86719
baseline_noqk,1450,2.8505,2.7557,0.71094
baseline_noqk,1451,2.8524,2.7778,0.75781
baseline_noqk,1452,2.8544,2.7795,0.625
baseline_noqk,1453,2.8564,2.762,0.74219
baseline_noqk,1454,2.8583,2.7818,0.62891
baseline_noqk,1455,2.8603,2.7445,0.71875
baseline_noqk,1456,2.8623,2.7805,0.74219
baseline_noqk,1457,2.8642,2.7541,0.89062
baseline_noqk,1458,2.8662,2.8275,0.8125
baseline_noqk,1459,2.8682,2.7645,0.74609
baseline_noqk,1460,2.8701,2.7552,0.92969
baseline_noqk,1461,2.8721,2.7658,0.76562
baseline_noqk,1462,2.8741,2.7532,0.76562
baseline_noqk,1463,2.876,2.755,0.77344
baseline_noqk,1464,2.878,2.7827,0.73438
baseline_noqk,1465,2.88,2.7683,0.68359
baseline_noqk,1466,2.8819,2.7871,0.67188
baseline_noqk,1467,2.8839,2.7596,0.69141
baseline_noqk,1468,2.8859,2.8006,0.71094
baseline_noqk,1469,2.8878,2.7506,0.71875
baseline_noqk,1470,2.8898,2.7549,0.75781
baseline_noqk,1471,2.8918,2.8201,0.69141
baseline_noqk,1472,2.8937,2.7624,0.72266
baseline_noqk,1473,2.8957,2.7411,0.65625
baseline_noqk,1474,2.8976,2.8138,0.69922
baseline_noqk,1475,2.8996,2.7481,0.74219
baseline_noqk,1476,2.9016,2.7816,0.75781
baseline_noqk,1477,2.9035,2.7694,0.74219
baseline_noqk,1478,2.9055,2.7702,0.91016
baseline_noqk,1479,2.9075,2.7586,0.95312
baseline_noqk,1480,2.9094,2.7617,0.89453
baseline_noqk,1481,2.9114,2.7896,1.0703
baseline_noqk,1482,2.9134,2.7641,1.0703
baseline_noqk,1483,2.9153,2.7414,0.94922
baseline_noqk,1484,2.9173,2.7514,0.83203
baseline_noqk,1485,2.9193,2.7693,0.89844
baseline_noqk,1486,2.9212,2.7742,0.71484
baseline_noqk,1487,2.9232,2.7804,0.72656
baseline_noqk,1488,2.9252,2.7286,0.625
baseline_noqk,1489,2.9271,2.7692,0.67188
baseline_noqk,1490,2.9291,2.7152,0.66016
baseline_noqk,1491,2.9311,2.7869,0.70312
baseline_noqk,1492,2.933,2.731,0.61328
baseline_noqk,1493,2.935,2.7319,0.6875
baseline_noqk,1494,2.937,2.7581,0.59375
baseline_noqk,1495,2.9389,2.7479,0.71094
baseline_noqk,1496,2.9409,2.757,0.62891
baseline_noqk,1497,2.9429,2.7986,0.64453
baseline_noqk,1498,2.9448,2.7627,0.82422
baseline_noqk,1499,2.9468,2.7723,1.1562
baseline_noqk,1500,2.9488,2.7452,1.0469
baseline_noqk,1501,2.9507,2.7555,1.0547
baseline_noqk,1502,2.9527,2.7375,0.97266
baseline_noqk,1503,2.9547,2.7877,0.89844
baseline_noqk,1504,2.9566,2.7982,0.76562
baseline_noqk,1505,2.9586,2.7626,0.73047
baseline_noqk,1506,2.9606,2.761,0.62109
baseline_noqk,1507,2.9625,2.7375,0.70703
baseline_noqk,1508,2.9645,2.7655,0.57422
baseline_noqk,1509,2.9665,2.7641,0.64062
baseline_noqk,1510,2.9684,2.7637,0.67188
baseline_noqk,1511,2.9704,2.7684,0.65625
baseline_noqk,1512,2.9724,2.7503,0.61328
baseline_noqk,1513,2.9743,2.7467,0.76953
baseline_noqk,1514,2.9763,2.7301,0.67969
baseline_noqk,1515,2.9782,2.7561,0.75391
baseline_noqk,1516,2.9802,2.766,0.66016
baseline_noqk,1517,2.9822,2.7605,0.68359
baseline_noqk,1518,2.9841,2.7717,0.71875
baseline_noqk,1519,2.9861,2.7772,0.70703
baseline_noqk,1520,2.9881,2.7597,0.58203
baseline_noqk,1521,2.99,2.7579,0.61328
baseline_noqk,1522,2.992,2.7809,0.64062
baseline_noqk,1523,2.994,2.7411,0.59375
baseline_noqk,1524,2.9959,2.7505,0.59766
baseline_noqk,1525,2.9979,2.7538,0.61719
baseline_noqk,1526,2.9999,2.7455,0.625
baseline_noqk,1527,3.0018,2.7628,0.69141
baseline_noqk,1528,3.0038,2.7546,0.61328
baseline_noqk,1529,3.0058,2.7746,0.67578
baseline_noqk,1530,3.0077,2.7375,0.57812
baseline_noqk,1531,3.0097,2.7751,0.58594
baseline_noqk,1532,3.0117,2.7784,0.625
baseline_noqk,1533,3.0136,2.715,0.66797
baseline_noqk,1534,3.0156,2.7439,0.79297
baseline_noqk,1535,3.0176,2.7508,0.69531
baseline_noqk,1536,3.0195,2.7398,0.71875
baseline_noqk,1537,3.0215,2.83,0.71484
baseline_noqk,1538,3.0235,2.7905,0.73438
baseline_noqk,1539,3.0254,2.7533,0.73047
baseline_noqk,1540,3.0274,2.7498,0.67578
baseline_noqk,1541,3.0294,2.7263,0.71484
baseline_noqk,1542,3.0313,2.7397,0.66016
baseline_noqk,1543,3.0333,2.7587,0.66016
baseline_noqk,1544,3.0353,2.7352,0.67188
baseline_noqk,1545,3.0372,2.6982,0.64062
baseline_noqk,1546,3.0392,2.7614,0.6875
baseline_noqk,1547,3.0412,2.7264,0.64844
baseline_noqk,1548,3.0431,2.7389,0.62891
baseline_noqk,1549,3.0451,2.7427,0.68359
baseline_noqk,1550,3.0471,2.7216,0.79688
baseline_noqk,1551,3.049,2.7493,0.73828
baseline_noqk,1552,3.051,2.7771,1.0156
baseline_noqk,1553,3.0529,2.7359,1.0938
baseline_noqk,1554,3.0549,2.7725,1.0156
baseline_noqk,1555,3.0569,2.7547,1.0391
baseline_noqk,1556,3.0588,2.7632,0.76562
baseline_noqk,1557,3.0608,2.7108,0.79297
baseline_noqk,1558,3.0628,2.7418,0.73438
baseline_noqk,1559,3.0647,2.7184,0.6875
baseline_noqk,1560,3.0667,2.7648,0.75
baseline_noqk,1561,3.0687,2.7499,0.58203
baseline_noqk,1562,3.0706,2.735,0.70703
baseline_noqk,1563,3.0726,2.7135,0.55078
baseline_noqk,1564,3.0746,2.7588,0.63281
baseline_noqk,1565,3.0765,2.7646,0.53906
baseline_noqk,1566,3.0785,2.766,0.59766
baseline_noqk,1567,3.0805,2.7596,0.53906
baseline_noqk,1568,3.0824,2.727,0.75781
baseline_noqk,1569,3.0844,2.7606,0.66797
baseline_noqk,1570,3.0864,2.7168,0.83203
baseline_noqk,1571,3.0883,2.7765,0.61719
baseline_noqk,1572,3.0903,2.7072,0.62891
baseline_noqk,1573,3.0923,2.7287,0.52344
baseline_noqk,1574,3.0942,2.7367,0.66406
baseline_noqk,1575,3.0962,2.7526,0.58984
baseline_noqk,1576,3.0982,2.7542,0.75
baseline_noqk,1577,3.1001,2.7361,0.84375
baseline_noqk,1578,3.1021,2.7734,0.82031
baseline_noqk,1579,3.1041,2.7286,0.77344
baseline_noqk,1580,3.106,2.7151,0.70312
baseline_noqk,1581,3.108,2.7278,0.68359
baseline_noqk,1582,3.11,2.7625,0.60156
baseline_noqk,1583,3.1119,2.7034,0.63281
baseline_noqk,1584,3.1139,2.7539,0.60547
baseline_noqk,1585,3.1159,2.7542,0.60547
baseline_noqk,1586,3.1178,2.8037,0.60938
baseline_noqk,1587,3.1198,2.7624,0.62109
baseline_noqk,1588,3.1218,2.7179,0.59375
baseline_noqk,1589,3.1237,2.7583,0.64453
baseline_noqk,1590,3.1257,2.7948,0.64453
baseline_noqk,1591,3.1277,2.7407,0.60938
baseline_noqk,1592,3.1296,2.7202,0.62891
baseline_noqk,1593,3.1316,2.7371,0.53125
baseline_noqk,1594,3.1335,2.7565,0.57812
baseline_noqk,1595,3.1355,2.7233,0.71094
baseline_noqk,1596,3.1375,2.7069,0.62891
baseline_noqk,1597,3.1394,2.7575,0.58594
baseline_noqk,1598,3.1414,2.7163,0.53125
baseline_noqk,1599,3.1434,2.7381,0.57031
baseline_noqk,1600,3.1453,2.7238,0.53516
baseline_noqk,1601,3.1473,2.744,0.65625
baseline_noqk,1602,3.1493,2.7102,0.5625
baseline_noqk,1603,3.1512,2.7134,0.625
baseline_noqk,1604,3.1532,2.7297,0.57031
baseline_noqk,1605,3.1552,2.7434,0.67188
baseline_noqk,1606,3.1571,2.7977,0.61328
baseline_noqk,1607,3.1591,2.7519,0.55469
baseline_noqk,1608,3.1611,2.7242,0.69531
baseline_noqk,1609,3.163,2.7193,0.63281
baseline_noqk,1610,3.165,2.7291,0.73438
baseline_noqk,1611,3.167,2.7644,0.65234
baseline_noqk,1612,3.1689,2.7542,0.625
baseline_noqk,1613,3.1709,2.7269,0.54297
baseline_noqk,1614,3.1729,2.7149,0.66016
baseline_noqk,1615,3.1748,2.7626,0.64453
baseline_noqk,1616,3.1768,2.7614,0.73828
baseline_noqk,1617,3.1788,2.7276,0.71094
baseline_noqk,1618,3.1807,2.7547,0.69531
baseline_noqk,1619,3.1827,2.8318,0.88672
baseline_noqk,1620,3.1847,2.7887,0.85938
baseline_noqk,1621,3.1866,2.749,0.49023
baseline_noqk,1622,3.1886,2.7164,0.60938
baseline_noqk,1623,3.1906,2.7276,0.61719
baseline_noqk,1624,3.1925,2.7381,0.60156
baseline_noqk,1625,3.1945,2.7233,0.52344
baseline_noqk,1626,3.1965,2.7408,0.58984
baseline_noqk,1627,3.1984,2.7258,0.72656
baseline_noqk,1628,3.2004,2.6976,0.75
baseline_noqk,1629,3.2024,2.7367,0.62109
baseline_noqk,1630,3.2043,2.727,0.60156
baseline_noqk,1631,3.2063,2.7224,0.53906
baseline_noqk,1632,3.2083,2.7112,0.56641
baseline_noqk,1633,3.2102,2.7291,0.73438
baseline_noqk,1634,3.2122,2.7303,0.62109
baseline_noqk,1635,3.2141,2.7222,0.5625
baseline_noqk,1636,3.2161,2.7168,0.53125
baseline_noqk,1637,3.2181,2.7318,0.53125
baseline_noqk,1638,3.22,2.7321,0.52344
baseline_noqk,1639,3.222,2.7806,0.52734
baseline_noqk,1640,3.224,2.785,0.67578
baseline_noqk,1641,3.2259,2.7167,0.57422
baseline_noqk,1642,3.2279,2.7009,0.62109
baseline_noqk,1643,3.2299,2.7304,0.55859
baseline_noqk,1644,3.2318,2.7247,0.56641
baseline_noqk,1645,3.2338,2.7572,0.53125
baseline_noqk,1646,3.2358,2.7712,0.59766
baseline_noqk,1647,3.2377,2.793,0.55078
baseline_noqk,1648,3.2397,2.7489,0.52734
baseline_noqk,1649,3.2417,2.7286,0.50781
baseline_noqk,1650,3.2436,2.7407,0.57812
baseline_noqk,1651,3.2456,2.7247,0.51172
baseline_noqk,1652,3.2476,2.741,0.57812
baseline_noqk,1653,3.2495,2.7329,0.55078
baseline_noqk,1654,3.2515,2.7371,0.60938
baseline_noqk,1655,3.2535,2.7248,0.60938
baseline_noqk,1656,3.2554,2.7368,0.77734
baseline_noqk,1657,3.2574,2.7382,0.63672
baseline_noqk,1658,3.2594,2.7079,0.90625
baseline_noqk,1659,3.2613,2.6671,0.71094
baseline_noqk,1660,3.2633,2.7444,0.60547
baseline_noqk,1661,3.2653,2.7005,0.71875
baseline_noqk,1662,3.2672,2.7243,0.71484
baseline_noqk,1663,3.2692,2.7264,0.83984
baseline_noqk,1664,3.2712,2.7046,0.79297
baseline_noqk,1665,3.2731,2.7241,0.81641
baseline_noqk,1666,3.2751,2.747,0.78906
baseline_noqk,1667,3.2771,2.6804,0.79688
baseline_noqk,1668,3.279,2.7218,0.71875
baseline_noqk,1669,3.281,2.721,0.65234
baseline_noqk,1670,3.283,2.7235,0.57031
baseline_noqk,1671,3.2849,2.7898,0.60938
baseline_noqk,1672,3.2869,2.7155,0.51172
baseline_noqk,1673,3.2889,2.7607,0.67188
baseline_noqk,1674,3.2908,2.7672,0.65625
baseline_noqk,1675,3.2928,2.7262,0.82812
baseline_noqk,1676,3.2947,2.7151,0.60938
baseline_noqk,1677,3.2967,2.7626,0.67969
baseline_noqk,1678,3.2987,2.7274,0.68359
baseline_noqk,1679,3.3006,2.7236,0.72266
baseline_noqk,1680,3.3026,2.7339,0.59375
baseline_noqk,1681,3.3046,2.7216,0.58984
baseline_noqk,1682,3.3065,2.7182,0.60156
baseline_noqk,1683,3.3085,2.7161,0.57031
baseline_noqk,1684,3.3105,2.6838,0.53906
baseline_noqk,1685,3.3124,2.7331,0.46875
baseline_noqk,1686,3.3144,2.7055,0.50781
baseline_noqk,1687,3.3164,2.7375,0.54688
baseline_noqk,1688,3.3183,2.7422,0.55078
baseline_noqk,1689,3.3203,2.6873,0.55469
baseline_noqk,1690,3.3223,2.694,0.48242
baseline_noqk,1691,3.3242,2.6706,0.53125
baseline_noqk,1692,3.3262,2.7203,0.49414
baseline_noqk,1693,3.3282,2.7208,0.49805
baseline_noqk,1694,3.3301,2.6868,0.47852
baseline_noqk,1695,3.3321,2.7473,0.57812
baseline_noqk,1696,3.3341,2.7273,0.52734
baseline_noqk,1697,3.336,2.6924,0.58203
baseline_noqk,1698,3.338,2.7371,0.51172
baseline_noqk,1699,3.34,2.7463,0.50391
baseline_noqk,1700,3.3419,2.7126,0.45508
baseline_noqk,1701,3.3439,2.738,0.50391
baseline_noqk,1702,3.3459,2.7362,0.60156
baseline_noqk,1703,3.3478,2.723,0.83203
baseline_noqk,1704,3.3498,2.6635,1.0391
baseline_noqk,1705,3.3518,2.7039,1.0312
baseline_noqk,1706,3.3537,2.7015,0.90234
baseline_noqk,1707,3.3557,2.7259,0.80469
baseline_noqk,1708,3.3577,2.7077,0.71094
baseline_noqk,1709,3.3596,2.7173,0.70312
baseline_noqk,1710,3.3616,2.7168,0.56641
baseline_noqk,1711,3.3636,2.7056,0.5625
baseline_noqk,1712,3.3655,2.6822,0.47461
baseline_noqk,1713,3.3675,2.7514,0.53125
baseline_noqk,1714,3.3694,2.6702,0.52734
baseline_noqk,1715,3.3714,2.6947,0.59375
baseline_noqk,1716,3.3734,2.719,0.75391
baseline_noqk,1717,3.3753,2.7132,0.75
baseline_noqk,1718,3.3773,2.7347,0.58984
baseline_noqk,1719,3.3793,2.7361,0.54688
baseline_noqk,1720,3.3812,2.729,0.54688
baseline_noqk,1721,3.3832,2.7078,0.50781
baseline_noqk,1722,3.3852,2.7049,0.46875
baseline_noqk,1723,3.3871,2.7263,0.53516
baseline_noqk,1724,3.3891,2.7175,0.60547
baseline_noqk,1725,3.3911,2.699,0.59766
baseline_noqk,1726,3.393,2.7031,0.60547
baseline_noqk,1727,3.395,2.7145,0.55859
baseline_noqk,1728,3.397,2.718,0.56641
baseline_noqk,1729,3.3989,2.7304,0.71094
baseline_noqk,1730,3.4009,2.7275,0.67188
baseline_noqk,1731,3.4029,2.751,0.65625
baseline_noqk,1732,3.4048,2.7149,0.71094
baseline_noqk,1733,3.4068,2.676,0.88672
baseline_noqk,1734,3.4088,2.7024,0.78906
baseline_noqk,1735,3.4107,2.7391,0.73047
baseline_noqk,1736,3.4127,2.7044,0.625
baseline_noqk,1737,3.4147,2.7172,0.625
baseline_noqk,1738,3.4166,2.7382,0.55469
baseline_noqk,1739,3.4186,2.7303,0.57031
baseline_noqk,1740,3.4206,2.7117,0.56641
baseline_noqk,1741,3.4225,2.7013,0.41211
baseline_noqk,1742,3.4245,2.7471,0.49219
baseline_noqk,1743,3.4265,2.7213,0.43555
baseline_noqk,1744,3.4284,2.7307,0.45898
baseline_noqk,1745,3.4304,2.7116,0.4082
baseline_noqk,1746,3.4324,2.6794,0.50781
baseline_noqk,1747,3.4343,2.6786,0.42383
baseline_noqk,1748,3.4363,2.7368,0.4707
baseline_noqk,1749,3.4383,2.7672,0.39648
baseline_noqk,1750,3.4402,2.6979,0.50391
baseline_noqk,1751,3.4422,2.7258,0.44141
baseline_noqk,1752,3.4442,2.707,0.52344
baseline_noqk,1753,3.4461,2.7369,0.46875
baseline_noqk,1754,3.4481,2.7363,0.58984
baseline_noqk,1755,3.45,2.7176,0.51172
baseline_noqk,1756,3.452,2.7203,0.60547
baseline_noqk,1757,3.454,2.73,0.48242
baseline_noqk,1758,3.4559,2.6889,0.47461
baseline_noqk,1759,3.4579,2.7164,0.42773
baseline_noqk,1760,3.4599,2.6609,0.47656
baseline_noqk,1761,3.4618,2.6741,0.40234
baseline_noqk,1762,3.4638,2.7039,0.48242
baseline_noqk,1763,3.4658,2.6958,0.51172
baseline_noqk,1764,3.4677,2.6587,0.58594
baseline_noqk,1765,3.4697,2.6786,0.63672
baseline_noqk,1766,3.4717,2.6888,0.71875
baseline_noqk,1767,3.4736,2.7246,0.82031
baseline_noqk,1768,3.4756,2.6943,0.78516
baseline_noqk,1769,3.4776,2.7012,0.61719
baseline_noqk,1770,3.4795,2.7032,0.62109
baseline_noqk,1771,3.4815,2.7012,0.63281
baseline_noqk,1772,3.4835,2.7047,0.57422
baseline_noqk,1773,3.4854,2.7385,0.50391
baseline_noqk,1774,3.4874,2.7174,0.48047
baseline_noqk,1775,3.4894,2.7155,0.44727
baseline_noqk,1776,3.4913,2.6907,0.47852
baseline_noqk,1777,3.4933,2.6877,0.45117
baseline_noqk,1778,3.4953,2.7061,0.51172
baseline_noqk,1779,3.4972,2.6976,0.45312
baseline_noqk,1780,3.4992,2.7027,0.45508
baseline_noqk,1781,3.5012,2.7035,0.4668
baseline_noqk,1782,3.5031,2.7164,0.48242
baseline_noqk,1783,3.5051,2.705,0.50781
baseline_noqk,1784,3.5071,2.6745,0.48242
baseline_noqk,1785,3.509,2.6626,0.48242
baseline_noqk,1786,3.511,2.6793,0.60547
baseline_noqk,1787,3.513,2.7046,0.63281
baseline_noqk,1788,3.5149,2.6975,0.47852
baseline_noqk,1789,3.5169,2.7193,0.48438
baseline_noqk,1790,3.5189,2.6834,0.47852
baseline_noqk,1791,3.5208,2.7056,0.49805
baseline_noqk,1792,3.5228,2.7442,0.4375
baseline_noqk,1793,3.5248,2.6831,0.44531
baseline_noqk,1794,3.5267,2.6973,0.43164
baseline_noqk,1795,3.5287,2.7108,0.41992
baseline_noqk,1796,3.5306,2.6576,0.49805
baseline_noqk,1797,3.5326,2.6938,0.44922
baseline_noqk,1798,3.5346,2.6983,0.53125
baseline_noqk,1799,3.5365,2.7156,0.44336
baseline_noqk,1800,3.5385,2.7067,0.46484
baseline_noqk,1801,3.5405,2.7205,0.41602
baseline_noqk,1802,3.5424,2.7078,0.42578
baseline_noqk,1803,3.5444,2.7125,0.48438
baseline_noqk,1804,3.5464,2.6921,0.63281
baseline_noqk,1805,3.5483,2.6819,0.66016
baseline_noqk,1806,3.5503,2.6978,0.72656
baseline_noqk,1807,3.5523,2.7098,0.71094
baseline_noqk,1808,3.5542,2.695,0.50391
baseline_noqk,1809,3.5562,2.711,0.58984
baseline_noqk,1810,3.5582,2.6878,0.52344
baseline_noqk,1811,3.5601,2.6866,0.51172
baseline_noqk,1812,3.5621,2.7474,0.49023
baseline_noqk,1813,3.5641,2.6782,0.48242
baseline_noqk,1814,3.566,2.6908,0.5
baseline_noqk,1815,3.568,2.7049,0.47656
baseline_noqk,1816,3.57,2.6599,0.48633
baseline_noqk,1817,3.5719,2.6859,0.56641
baseline_noqk,1818,3.5739,2.65,0.4707
baseline_noqk,1819,3.5759,2.7189,0.4707
baseline_noqk,1820,3.5778,2.6667,0.49219
baseline_noqk,1821,3.5798,2.6966,0.43945
baseline_noqk,1822,3.5818,2.7161,0.46875
baseline_noqk,1823,3.5837,2.7214,0.43555
baseline_noqk,1824,3.5857,2.6741,0.40625
baseline_noqk,1825,3.5877,2.6915,0.41797
baseline_noqk,1826,3.5896,2.7354,0.43945
baseline_noqk,1827,3.5916,2.7278,0.43359
baseline_noqk,1828,3.5936,2.7218,0.38867
baseline_noqk,1829,3.5955,2.6659,0.47461
baseline_noqk,1830,3.5975,2.6903,0.51953
baseline_noqk,1831,3.5995,2.7196,0.52734
baseline_noqk,1832,3.6014,2.7178,0.50781
baseline_noqk,1833,3.6034,2.7401,0.69141
baseline_noqk,1834,3.6054,2.6987,0.76953
baseline_noqk,1835,3.6073,2.7191,0.82812
baseline_noqk,1836,3.6093,2.7707,0.86328
baseline_noqk,1837,3.6112,2.713,0.76562
baseline_noqk,1838,3.6132,2.6855,0.56641
baseline_noqk,1839,3.6152,2.6999,0.56641
baseline_noqk,1840,3.6171,2.6811,0.55078
baseline_noqk,1841,3.6191,2.7211,0.58594
baseline_noqk,1842,3.6211,2.7092,0.47461
baseline_noqk,1843,3.623,2.6723,0.53906
baseline_noqk,1844,3.625,2.6743,0.41016
baseline_noqk,1845,3.627,2.6897,0.40234
baseline_noqk,1846,3.6289,2.696,0.42773
baseline_noqk,1847,3.6309,2.7025,0.4043
baseline_noqk,1848,3.6329,2.7117,0.39258
baseline_noqk,1849,3.6348,2.6955,0.36523
baseline_noqk,1850,3.6368,2.6729,0.37109
baseline_noqk,1851,3.6388,2.7135,0.39258
baseline_noqk,1852,3.6407,2.6628,0.43555
baseline_noqk,1853,3.6427,2.6956,0.48047
baseline_noqk,1854,3.6447,2.7195,0.48633
baseline_noqk,1855,3.6466,2.6982,0.65625
baseline_noqk,1856,3.6486,2.6636,0.78906
baseline_noqk,1857,3.6506,2.6939,0.77344
baseline_noqk,1858,3.6525,2.7019,0.69531
baseline_noqk,1859,3.6545,2.7289,0.64453
baseline_noqk,1860,3.6565,2.6791,0.55469
baseline_noqk,1861,3.6584,2.7308,0.48047
baseline_noqk,1862,3.6604,2.6964,0.53125
baseline_noqk,1863,3.6624,2.7286,0.45312
baseline_noqk,1864,3.6643,2.6752,0.41406
baseline_noqk,1865,3.6663,2.6974,0.35938
baseline_noqk,1866,3.6683,2.6989,0.44531
baseline_noqk,1867,3.6702,2.6884,0.38281
baseline_noqk,1868,3.6722,2.7069,0.39844
baseline_noqk,1869,3.6742,2.667,0.57812
baseline_noqk,1870,3.6761,2.6991,0.40039
baseline_noqk,1871,3.6781,2.7094,0.46484
baseline_noqk,1872,3.6801,2.7104,0.41211
baseline_noqk,1873,3.682,2.6992,0.49414
baseline_noqk,1874,3.684,2.6701,0.4043
baseline_noqk,1875,3.686,2.6741,0.41406
baseline_noqk,1876,3.6879,2.7062,0.38477
baseline_noqk,1877,3.6899,2.6597,0.38867
baseline_noqk,1878,3.6918,2.6894,0.38281
baseline_noqk,1879,3.6938,2.6893,0.40625
baseline_noqk,1880,3.6958,2.6781,0.37695
baseline_noqk,1881,3.6977,2.7049,0.38672
baseline_noqk,1882,3.6997,2.6615,0.44922
baseline_noqk,1883,3.7017,2.6999,0.49609
baseline_noqk,1884,3.7036,2.673,0.61719
baseline_noqk,1885,3.7056,2.715,0.70312
baseline_noqk,1886,3.7076,2.6991,0.64453
baseline_noqk,1887,3.7095,2.6896,0.67188
baseline_noqk,1888,3.7115,2.6822,0.62109
baseline_noqk,1889,3.7135,2.6574,0.56641
baseline_noqk,1890,3.7154,2.6853,0.52734
baseline_noqk,1891,3.7174,2.7027,0.52344
baseline_noqk,1892,3.7194,2.6918,0.59375
baseline_noqk,1893,3.7213,2.6953,0.59375
baseline_noqk,1894,3.7233,2.6872,0.44141
baseline_noqk,1895,3.7253,2.6678,0.4043
baseline_noqk,1896,3.7272,2.6769,0.35938
baseline_noqk,1897,3.7292,2.6943,0.4375
baseline_noqk,1898,3.7312,2.6967,0.4043
baseline_noqk,1899,3.7331,2.6848,0.50391
baseline_noqk,1900,3.7351,2.6953,0.49219
baseline_noqk,1901,3.7371,2.6966,0.60547
baseline_noqk,1902,3.739,2.6926,0.54297
baseline_noqk,1903,3.741,2.6863,0.49023
baseline_noqk,1904,3.743,2.6822,0.41016
baseline_noqk,1905,3.7449,2.6793,0.41602
baseline_noqk,1906,3.7469,2.722,0.37305
baseline_noqk,1907,3.7489,2.6558,0.39062
baseline_noqk,1908,3.7508,2.6922,0.29688
baseline_noqk,1909,3.7528,2.6587,0.37695
baseline_noqk,1910,3.7548,2.703,0.32617
baseline_noqk,1911,3.7567,2.6725,0.36328
baseline_noqk,1912,3.7587,2.6649,0.32812
baseline_noqk,1913,3.7607,2.6797,0.38281
baseline_noqk,1914,3.7626,2.6913,0.37305
baseline_noqk,1915,3.7646,2.6845,0.375
baseline_noqk,1916,3.7665,2.7008,0.40625
baseline_noqk,1917,3.7685,2.6668,0.36328
baseline_noqk,1918,3.7705,2.6563,0.41406
baseline_noqk,1919,3.7724,2.683,0.3457
baseline_noqk,1920,3.7744,2.7131,0.37695
baseline_noqk,1921,3.7764,2.6813,0.36523
baseline_noqk,1922,3.7783,2.7037,0.36914
baseline_noqk,1923,3.7803,2.638,0.4082
baseline_noqk,1924,3.7823,2.6975,0.36133
baseline_noqk,1925,3.7842,2.6694,0.40625
baseline_noqk,1926,3.7862,2.6709,0.46289
baseline_noqk,1927,3.7882,2.7019,0.45312
baseline_noqk,1928,3.7901,2.7028,0.49219
baseline_noqk,1929,3.7921,2.6755,0.45898
baseline_noqk,1930,3.7941,2.6767,0.51953
baseline_noqk,1931,3.796,2.6777,0.49805
baseline_noqk,1932,3.798,2.6825,0.43945
baseline_noqk,1933,3.8,2.6837,0.50391
baseline_noqk,1934,3.8019,2.6553,0.52344
baseline_noqk,1935,3.8039,2.6888,0.45898
baseline_noqk,1936,3.8059,2.6554,0.43945
baseline_noqk,1937,3.8078,2.6879,0.34375
baseline_noqk,1938,3.8098,2.6383,0.34961
baseline_noqk,1939,3.8118,2.7534,0.28906
baseline_noqk,1940,3.8137,2.6689,0.33789
baseline_noqk,1941,3.8157,2.7317,0.33203
baseline_noqk,1942,3.8177,2.6839,0.37305
baseline_noqk,1943,3.8196,2.6658,0.32422
baseline_noqk,1944,3.8216,2.7021,0.34961
baseline_noqk,1945,3.8236,2.7119,0.33594
baseline_noqk,1946,3.8255,2.7072,0.34766
baseline_noqk,1947,3.8275,2.6784,0.33789
baseline_noqk,1948,3.8295,2.6667,0.35742
baseline_noqk,1949,3.8314,2.708,0.38672
baseline_noqk,1950,3.8334,2.704,0.39844
baseline_noqk,1951,3.8354,2.7097,0.36719
baseline_noqk,1952,3.8373,2.6285,0.33789
baseline_noqk,1953,3.8393,2.6475,0.30664
baseline_noqk,1954,3.8413,2.7161,0.36133
baseline_noqk,1955,3.8432,2.6483,0.45703
baseline_noqk,1956,3.8452,2.6733,0.48828
baseline_noqk,1957,3.8471,2.6745,0.45703
baseline_noqk,1958,3.8491,2.6972,0.51953
baseline_noqk,1959,3.8511,2.7406,0.54297
baseline_noqk,1960,3.853,2.6955,0.48438
baseline_noqk,1961,3.855,2.6958,0.45508
baseline_noqk,1962,3.857,2.6494,0.52344
baseline_noqk,1963,3.8589,2.6318,0.48828
baseline_noqk,1964,3.8609,2.6227,0.41797
baseline_noqk,1965,3.8629,2.6559,0.38281
baseline_noqk,1966,3.8648,2.6563,0.34766
baseline_noqk,1967,3.8668,2.7112,0.35156
baseline_noqk,1968,3.8688,2.6779,0.35352
baseline_noqk,1969,3.8707,2.6553,0.35547
baseline_noqk,1970,3.8727,2.6398,0.36719
baseline_noqk,1971,3.8747,2.6659,0.30664
baseline_noqk,1972,3.8766,2.7177,0.36133
baseline_noqk,1973,3.8786,2.673,0.42188
baseline_noqk,1974,3.8806,2.6856,0.33789
baseline_noqk,1975,3.8825,2.6607,0.39844
baseline_noqk,1976,3.8845,2.6977,0.46094
baseline_noqk,1977,3.8865,2.6896,0.39062
baseline_noqk,1978,3.8884,2.6754,0.46875
baseline_noqk,1979,3.8904,2.7062,0.38086
baseline_noqk,1980,3.8924,2.6897,0.39062
baseline_noqk,1981,3.8943,2.6948,0.31055
baseline_noqk,1982,3.8963,2.6909,0.31641
baseline_noqk,1983,3.8983,2.63,0.29883
baseline_noqk,1984,3.9002,2.6574,0.33594
baseline_noqk,1985,3.9022,2.6436,0.38672
baseline_noqk,1986,3.9042,2.6767,0.37891
baseline_noqk,1987,3.9061,2.6625,0.33789
baseline_noqk,1988,3.9081,2.689,0.30859
baseline_noqk,1989,3.9101,2.6707,0.35938
baseline_noqk,1990,3.912,2.6542,0.39453
baseline_noqk,1991,3.914,2.6858,0.46289
baseline_noqk,1992,3.916,2.6906,0.45703
baseline_noqk,1993,3.9179,2.6766,0.41016
baseline_noqk,1994,3.9199,2.6857,0.46484
baseline_noqk,1995,3.9219,2.6864,0.4043
baseline_noqk,1996,3.9238,2.6721,0.36328
baseline_noqk,1997,3.9258,2.6658,0.3457
baseline_noqk,1998,3.9277,2.6972,0.3418
baseline_noqk,1999,3.9297,2.6852,0.32227
baseline_noqk,2000,3.9317,2.6471,0.32031
baseline_noqk,2001,3.9336,2.6631,0.32422
baseline_noqk,2002,3.9356,2.6464,0.33398
baseline_noqk,2003,3.9376,2.6773,0.35938
baseline_noqk,2004,3.9395,2.6867,0.32227
baseline_noqk,2005,3.9415,2.7009,0.37109
baseline_noqk,2006,3.9435,2.7076,0.35742
baseline_noqk,2007,3.9454,2.641,0.41797
baseline_noqk,2008,3.9474,2.6657,0.40039
baseline_noqk,2009,3.9494,2.6861,0.40039
baseline_noqk,2010,3.9513,2.6856,0.42188
baseline_noqk,2011,3.9533,2.6968,0.47461
baseline_noqk,2012,3.9553,2.6795,0.27539
baseline_noqk,2013,3.9572,2.6941,0.30078
baseline_noqk,2014,3.9592,2.6804,0.31445
baseline_noqk,2015,3.9612,2.6978,0.35938
baseline_noqk,2016,3.9631,2.6692,0.40039
baseline_noqk,2017,3.9651,2.6743,0.33008
baseline_noqk,2018,3.9671,2.6791,0.32422
baseline_noqk,2019,3.969,2.665,0.28906
baseline_noqk,2020,3.971,2.7046,0.28906
baseline_noqk,2021,3.973,2.6885,0.33203
baseline_noqk,2022,3.9749,2.6908,0.39062
baseline_noqk,2023,3.9769,2.6518,0.39844
baseline_noqk,2024,3.9789,2.6594,0.4375
baseline_noqk,2025,3.9808,2.584,0.46484
baseline_noqk,2026,3.9828,2.6416,0.4707
baseline_noqk,2027,3.9848,2.66,0.50781
baseline_noqk,2028,3.9867,2.6294,0.4082
baseline_noqk,2029,3.9887,2.6469,0.41602
baseline_noqk,2030,3.9907,2.6456,0.42383
baseline_noqk,2031,3.9926,2.6888,0.41016
baseline_noqk,2032,3.9946,2.6818,0.38672
baseline_noqk,2033,3.9966,2.645,0.36133
baseline_noqk,2034,3.9985,2.6434,0.34961
baseline_noqk,2035,4.0005,2.6843,0.3125
baseline_noqk,2036,4.0025,2.749,0.33203
baseline_noqk,2037,4.0044,2.6505,0.30469
baseline_noqk,2038,4.0064,2.6781,0.29883
baseline_noqk,2039,4.0083,2.7194,0.32227
baseline_noqk,2040,4.0103,2.7043,0.27148
baseline_noqk,2041,4.0123,2.6892,0.29492
baseline_noqk,2042,4.0142,2.68,0.29102
baseline_noqk,2043,4.0162,2.6883,0.29883
baseline_noqk,2044,4.0182,2.674,0.35156
baseline_noqk,2045,4.0201,2.6948,0.32812
baseline_noqk,2046,4.0221,2.6717,0.28516
baseline_noqk,2047,4.0241,2.6991,0.51562
baseline_noqk,2048,4.026,2.6922,0.57422
baseline_noqk,2049,4.028,2.6598,0.5
baseline_noqk,2050,4.03,2.6358,0.40039
baseline_noqk,2051,4.0319,2.6733,0.39258
baseline_noqk,2052,4.0339,2.6643,0.32617
baseline_noqk,2053,4.0359,2.6593,0.28711
baseline_noqk,2054,4.0378,2.6787,0.29883
baseline_noqk,2055,4.0398,2.6521,0.27344
baseline_noqk,2056,4.0418,2.6648,0.29688
baseline_noqk,2057,4.0437,2.6525,0.28516
baseline_noqk,2058,4.0457,2.6565,0.30078
baseline_noqk,2059,4.0477,2.6528,0.29492
baseline_noqk,2060,4.0496,2.6426,0.33789
baseline_noqk,2061,4.0516,2.6833,0.32812
baseline_noqk,2062,4.0536,2.6884,0.37109
baseline_noqk,2063,4.0555,2.6284,0.35156
baseline_noqk,2064,4.0575,2.6967,0.3125
baseline_noqk,2065,4.0595,2.658,0.37305
baseline_noqk,2066,4.0614,2.654,0.29492
baseline_noqk,2067,4.0634,2.6366,0.31445
baseline_noqk,2068,4.0654,2.6487,0.29883
baseline_noqk,2069,4.0673,2.665,0.35156
baseline_noqk,2070,4.0693,2.6936,0.32422
baseline_noqk,2071,4.0713,2.6344,0.33398
baseline_noqk,2072,4.0732,2.6424,0.32227
baseline_noqk,2073,4.0752,2.6691,0.30664
baseline_noqk,2074,4.0772,2.6733,0.3457
baseline_noqk,2075,4.0791,2.7158,0.26367
baseline_noqk,2076,4.0811,2.6539,0.26953
baseline_noqk,2077,4.083,2.664,0.32617
baseline_noqk,2078,4.085,2.6722,0.32031
baseline_noqk,2079,4.087,2.6389,0.30078
baseline_noqk,2080,4.0889,2.6795,0.31055
baseline_noqk,2081,4.0909,2.628,0.34375
baseline_noqk,2082,4.0929,2.6656,0.30859
baseline_noqk,2083,4.0948,2.6736,0.38477
baseline_noqk,2084,4.0968,2.6276,0.32422
baseline_noqk,2085,4.0988,2.6547,0.31641
baseline_noqk,2086,4.1007,2.6259,0.29688
baseline_noqk,2087,4.1027,2.6705,0.33398
baseline_noqk,2088,4.1047,2.6626,0.45312
baseline_noqk,2089,4.1066,2.6795,0.33008
baseline_noqk,2090,4.1086,2.7185,0.32617
baseline_noqk,2091,4.1106,2.6394,0.32227
baseline_noqk,2092,4.1125,2.6526,0.36133
baseline_noqk,2093,4.1145,2.6736,0.29688
baseline_noqk,2094,4.1165,2.6766,0.30078
baseline_noqk,2095,4.1184,2.6458,0.2832
baseline_noqk,2096,4.1204,2.637,0.27344
baseline_noqk,2097,4.1224,2.6646,0.29492
baseline_noqk,2098,4.1243,2.6532,0.2793
baseline_noqk,2099,4.1263,2.637,0.31641
baseline_noqk,2100,4.1283,2.6627,0.36719
baseline_noqk,2101,4.1302,2.638,0.31445
baseline_noqk,2102,4.1322,2.6639,0.29688
baseline_noqk,2103,4.1342,2.6733,0.26367
baseline_noqk,2104,4.1361,2.8221,0.25977
baseline_noqk,2105,4.1381,2.6477,0.25781
baseline_noqk,2106,4.1401,2.6556,0.24023
baseline_noqk,2107,4.142,2.68,0.25195
baseline_noqk,2108,4.144,2.649,0.2832
baseline_noqk,2109,4.146,2.6276,0.26953
baseline_noqk,2110,4.1479,2.6719,0.32227
baseline_noqk,2111,4.1499,2.6607,0.30273
baseline_noqk,2112,4.1519,2.675,0.23145
baseline_noqk,2113,4.1538,2.6628,0.31836
baseline_noqk,2114,4.1558,2.6358,0.29492
baseline_noqk,2115,4.1578,2.6743,0.29688
baseline_noqk,2116,4.1597,2.6749,0.2832
baseline_noqk,2117,4.1617,2.6394,0.26562
baseline_noqk,2118,4.1636,2.6257,0.27344
baseline_noqk,2119,4.1656,2.6299,0.25977
baseline_noqk,2120,4.1676,2.6932,0.29297
baseline_noqk,2121,4.1695,2.639,0.40234
baseline_noqk,2122,4.1715,2.6619,0.40234
baseline_noqk,2123,4.1735,2.6963,0.41797
baseline_noqk,2124,4.1754,2.6829,0.3418
baseline_noqk,2125,4.1774,2.6707,0.30273
baseline_noqk,2126,4.1794,2.6742,0.2832
baseline_noqk,2127,4.1813,2.6808,0.28125
baseline_noqk,2128,4.1833,2.6774,0.28711
baseline_noqk,2129,4.1853,2.6749,0.33008
baseline_noqk,2130,4.1872,2.6568,0.28516
baseline_noqk,2131,4.1892,2.6806,0.31836
baseline_noqk,2132,4.1912,2.699,0.2373
baseline_noqk,2133,4.1931,2.6609,0.32227
baseline_noqk,2134,4.1951,2.6749,0.35547
baseline_noqk,2135,4.1971,2.6775,0.41797
baseline_noqk,2136,4.199,2.7476,0.39062
baseline_noqk,2137,4.201,2.6544,0.38477
baseline_noqk,2138,4.203,2.6802,0.37109
baseline_noqk,2139,4.2049,2.6537,0.31445
baseline_noqk,2140,4.2069,2.6389,0.2793
baseline_noqk,2141,4.2089,2.6449,0.29883
baseline_noqk,2142,4.2108,2.6623,0.33789
baseline_noqk,2143,4.2128,2.6644,0.41602
baseline_noqk,2144,4.2148,2.6251,0.39062
baseline_noqk,2145,4.2167,2.6622,0.30664
baseline_noqk,2146,4.2187,2.6863,0.33203
baseline_noqk,2147,4.2207,2.677,0.33594
baseline_noqk,2148,4.2226,2.659,0.30469
baseline_noqk,2149,4.2246,2.6816,0.25781
baseline_noqk,2150,4.2266,2.6583,0.27148
baseline_noqk,2151,4.2285,2.6566,0.24707
baseline_noqk,2152,4.2305,2.6182,0.24414
baseline_noqk,2153,4.2325,2.6608,0.26367
baseline_noqk,2154,4.2344,2.6678,0.26953
baseline_noqk,2155,4.2364,2.6692,0.27148
baseline_noqk,2156,4.2384,2.6525,0.22363
baseline_noqk,2157,4.2403,2.6571,0.23242
baseline_noqk,2158,4.2423,2.6365,0.25195
baseline_noqk,2159,4.2442,2.6668,0.21191
baseline_noqk,2160,4.2462,2.66,0.32617
baseline_noqk,2161,4.2482,2.6488,0.2793
baseline_noqk,2162,4.2501,2.6524,0.29102
baseline_noqk,2163,4.2521,2.6877,0.29492
baseline_noqk,2164,4.2541,2.6392,0.27148
baseline_noqk,2165,4.256,2.6393,0.25586
baseline_noqk,2166,4.258,2.6341,0.23828
baseline_noqk,2167,4.26,2.6228,0.22754
baseline_noqk,2168,4.2619,2.6486,0.24609
baseline_noqk,2169,4.2639,2.6974,0.2207
baseline_noqk,2170,4.2659,2.6707,0.23145
baseline_noqk,2171,4.2678,2.6609,0.22266
baseline_noqk,2172,4.2698,2.6413,0.30664
baseline_noqk,2173,4.2718,2.6572,0.26953
baseline_noqk,2174,4.2737,2.643,0.28906
baseline_noqk,2175,4.2757,2.6904,0.3125
baseline_noqk,2176,4.2777,2.698,0.33594
baseline_noqk,2177,4.2796,2.6799,0.36719
baseline_noqk,2178,4.2816,2.6367,0.40234
baseline_noqk,2179,4.2836,2.6435,0.24414
baseline_noqk,2180,4.2855,2.6419,0.23242
baseline_noqk,2181,4.2875,2.6526,0.26758
baseline_noqk,2182,4.2895,2.629,0.24609
baseline_noqk,2183,4.2914,2.6567,0.22559
baseline_noqk,2184,4.2934,2.6858,0.24805
baseline_noqk,2185,4.2954,2.6636,0.24512
baseline_noqk,2186,4.2973,2.618,0.24609
baseline_noqk,2187,4.2993,2.6696,0.20801
baseline_noqk,2188,4.3013,2.6624,0.21875
baseline_noqk,2189,4.3032,2.651,0.2207
baseline_noqk,2190,4.3052,2.6296,0.22363
baseline_noqk,2191,4.3072,2.6541,0.2334
baseline_noqk,2192,4.3091,2.6573,0.24414
baseline_noqk,2193,4.3111,2.6567,0.20996
baseline_noqk,2194,4.3131,2.6636,0.21484
baseline_noqk,2195,4.315,2.6304,0.24512
baseline_noqk,2196,4.317,2.6374,0.32031
baseline_noqk,2197,4.319,2.6831,0.32812
baseline_noqk,2198,4.3209,2.5941,0.29883
baseline_noqk,2199,4.3229,2.6827,0.28516
baseline_noqk,2200,4.3248,2.6483,0.28711
baseline_noqk,2201,4.3268,2.6752,0.22754
baseline_noqk,2202,4.3288,2.6685,0.22363
baseline_noqk,2203,4.3307,2.6756,0.2207
baseline_noqk,2204,4.3327,2.6829,0.25195
baseline_noqk,2205,4.3347,2.6631,0.34375
baseline_noqk,2206,4.3366,2.6875,0.26953
baseline_noqk,2207,4.3386,2.6119,0.25195
baseline_noqk,2208,4.3406,2.6861,0.21191
baseline_noqk,2209,4.3425,2.6372,0.22363
baseline_noqk,2210,4.3445,2.6543,0.33984
baseline_noqk,2211,4.3465,2.6279,0.27734
baseline_noqk,2212,4.3484,2.6814,0.28711
baseline_noqk,2213,4.3504,2.6265,0.25195
baseline_noqk,2214,4.3524,2.6555,0.20605
baseline_noqk,2215,4.3543,2.6313,0.22461
baseline_noqk,2216,4.3563,2.6905,0.22559
baseline_noqk,2217,4.3583,2.6617,0.21289
baseline_noqk,2218,4.3602,2.6329,0.19238
baseline_noqk,2219,4.3622,2.666,0.24219
baseline_noqk,2220,4.3642,2.654,0.23242
baseline_noqk,2221,4.3661,2.6034,0.19629
baseline_noqk,2222,4.3681,2.6667,0.20605
baseline_noqk,2223,4.3701,2.6269,0.25586
baseline_noqk,2224,4.372,2.6671,0.29297
baseline_noqk,2225,4.374,2.6487,0.26367
baseline_noqk,2226,4.376,2.6455,0.25781
baseline_noqk,2227,4.3779,2.6346,0.27734
baseline_noqk,2228,4.3799,2.6371,0.23633
baseline_noqk,2229,4.3819,2.6678,0.23242
baseline_noqk,2230,4.3838,2.6567,0.22168
baseline_noqk,2231,4.3858,2.7112,0.22656
baseline_noqk,2232,4.3878,2.6273,0.21973
baseline_noqk,2233,4.3897,2.6547,0.24609
baseline_noqk,2234,4.3917,2.6659,0.24512
baseline_noqk,2235,4.3937,2.6612,0.19336
baseline_noqk,2236,4.3956,2.6277,0.19141
baseline_noqk,2237,4.3976,2.6652,0.2832
baseline_noqk,2238,4.3995,2.641,0.22656
baseline_noqk,2239,4.4015,2.6225,0.20801
baseline_noqk,2240,4.4035,2.6655,0.2168
baseline_noqk,2241,4.4054,2.6515,0.21387
baseline_noqk,2242,4.4074,2.6792,0.23242
baseline_noqk,2243,4.4094,2.6428,0.19727
baseline_noqk,2244,4.4113,2.6207,0.19824
baseline_noqk,2245,4.4133,2.6623,0.20801
baseline_noqk,2246,4.4153,2.6643,0.21582
baseline_noqk,2247,4.4172,2.6369,0.24316
baseline_noqk,2248,4.4192,2.6434,0.24707
baseline_noqk,2249,4.4212,2.6461,0.29102
baseline_noqk,2250,4.4231,2.6632,0.29688
baseline_noqk,2251,4.4251,2.6632,0.22363
baseline_noqk,2252,4.4271,2.7062,0.34766
baseline_noqk,2253,4.429,2.6387,0.28906
baseline_noqk,2254,4.431,2.6205,0.25195
baseline_noqk,2255,4.433,2.6424,0.22656
baseline_noqk,2256,4.4349,2.6168,0.2373
baseline_noqk,2257,4.4369,2.65,0.23438
baseline_noqk,2258,4.4389,2.7211,0.26562
baseline_noqk,2259,4.4408,2.6815,0.25586
baseline_noqk,2260,4.4428,2.6345,0.22754
baseline_noqk,2261,4.4448,2.6269,0.21973
baseline_noqk,2262,4.4467,2.6016,0.20508
baseline_noqk,2263,4.4487,2.6282,0.2041
baseline_noqk,2264,4.4507,2.6313,0.18066
baseline_noqk,2265,4.4526,2.6399,0.23926
baseline_noqk,2266,4.4546,2.6368,0.18457
baseline_noqk,2267,4.4566,2.643,0.2041
baseline_noqk,2268,4.4585,2.6326,0.25586
baseline_noqk,2269,4.4605,2.657,0.24023
baseline_noqk,2270,4.4625,2.6269,0.21484
baseline_noqk,2271,4.4644,2.6292,0.22168
baseline_noqk,2272,4.4664,2.6942,0.23926
baseline_noqk,2273,4.4684,2.6291,0.26562
baseline_noqk,2274,4.4703,2.6674,0.18945
baseline_noqk,2275,4.4723,2.6618,0.19531
baseline_noqk,2276,4.4743,2.6681,0.20605
baseline_noqk,2277,4.4762,2.6574,0.26562
baseline_noqk,2278,4.4782,2.6128,0.20605
baseline_noqk,2279,4.4801,2.6512,0.21094
baseline_noqk,2280,4.4821,2.6306,0.24023
baseline_noqk,2281,4.4841,2.6817,0.20996
baseline_noqk,2282,4.486,2.6513,0.19336
baseline_noqk,2283,4.488,2.6678,0.23438
baseline_noqk,2284,4.49,2.6739,0.22168
baseline_noqk,2285,4.4919,2.6223,0.22363
baseline_noqk,2286,4.4939,2.6275,0.18457
baseline_noqk,2287,4.4959,2.6463,0.21289
baseline_noqk,2288,4.4978,2.6375,0.24023
baseline_noqk,2289,4.4998,2.6215,0.18457
baseline_noqk,2290,4.5018,2.6358,0.21875
baseline_noqk,2291,4.5037,2.6567,0.17676
baseline_noqk,2292,4.5057,2.6459,0.16504
baseline_noqk,2293,4.5077,2.6436,0.22754
baseline_noqk,2294,4.5096,2.6493,0.21484
baseline_noqk,2295,4.5116,2.6435,0.18848
baseline_noqk,2296,4.5136,2.6452,0.19434
baseline_noqk,2297,4.5155,2.6387,0.17285
baseline_noqk,2298,4.5175,2.6595,0.1748
baseline_noqk,2299,4.5195,2.6826,0.26758
baseline_noqk,2300,4.5214,2.6522,0.32422
baseline_noqk,2301,4.5234,2.6446,0.24609
baseline_noqk,2302,4.5254,2.6311,0.2002
baseline_noqk,2303,4.5273,2.6624,0.18848
baseline_noqk,2304,4.5293,2.6635,0.2168
baseline_noqk,2305,4.5313,2.6238,0.26758
baseline_noqk,2306,4.5332,2.6238,0.29102
baseline_noqk,2307,4.5352,2.652,0.19336
baseline_noqk,2308,4.5372,2.6729,0.21094
baseline_noqk,2309,4.5391,2.6174,0.19824
baseline_noqk,2310,4.5411,2.6523,0.16992
baseline_noqk,2311,4.5431,2.6451,0.19531
baseline_noqk,2312,4.545,2.6431,0.18945
baseline_noqk,2313,4.547,2.6425,0.18652
baseline_noqk,2314,4.549,2.6411,0.18164
baseline_noqk,2315,4.5509,2.6164,0.19629
baseline_noqk,2316,4.5529,2.6695,0.19043
baseline_noqk,2317,4.5549,2.6267,0.18555
baseline_noqk,2318,4.5568,2.6575,0.18652
baseline_noqk,2319,4.5588,2.6632,0.1875
baseline_noqk,2320,4.5607,2.6266,0.22363
baseline_noqk,2321,4.5627,2.648,0.33984
baseline_noqk,2322,4.5647,2.6365,0.22266
baseline_noqk,2323,4.5666,2.6191,0.18848
baseline_noqk,2324,4.5686,2.6021,0.20215
baseline_noqk,2325,4.5706,2.613,0.21484
baseline_noqk,2326,4.5725,2.6419,0.19336
baseline_noqk,2327,4.5745,2.6353,0.17285
baseline_noqk,2328,4.5765,2.6522,0.18457
baseline_noqk,2329,4.5784,2.6453,0.24023
baseline_noqk,2330,4.5804,2.6195,0.28906
baseline_noqk,2331,4.5824,2.6842,0.20898
baseline_noqk,2332,4.5843,2.6408,0.20801
baseline_noqk,2333,4.5863,2.6503,0.16504
baseline_noqk,2334,4.5883,2.6587,0.18848
baseline_noqk,2335,4.5902,2.6228,0.17676
baseline_noqk,2336,4.5922,2.6423,0.17578
baseline_noqk,2337,4.5942,2.6173,0.18359
baseline_noqk,2338,4.5961,2.6216,0.17871
baseline_noqk,2339,4.5981,2.6536,0.1875
baseline_noqk,2340,4.6001,2.6654,0.18848
baseline_noqk,2341,4.602,2.633,0.20312
baseline_noqk,2342,4.604,2.6359,0.18457
baseline_noqk,2343,4.606,2.6666,0.21289
baseline_noqk,2344,4.6079,2.6554,0.2373
baseline_noqk,2345,4.6099,2.6719,0.21387
baseline_noqk,2346,4.6119,2.6606,0.18457
baseline_noqk,2347,4.6138,2.667,0.25195
baseline_noqk,2348,4.6158,2.6536,0.23828
baseline_noqk,2349,4.6178,2.6465,0.16992
baseline_noqk,2350,4.6197,2.6662,0.25586
baseline_noqk,2351,4.6217,2.6552,0.20996
baseline_noqk,2352,4.6237,2.6118,0.19238
baseline_noqk,2353,4.6256,2.6362,0.20898
baseline_noqk,2354,4.6276,2.6507,0.18457
baseline_noqk,2355,4.6296,2.6792,0.18555
baseline_noqk,2356,4.6315,2.6225,0.16797
baseline_noqk,2357,4.6335,2.7169,0.18066
baseline_noqk,2358,4.6355,2.6609,0.18262
baseline_noqk,2359,4.6374,2.6559,0.18848
baseline_noqk,2360,4.6394,2.6444,0.19922
baseline_noqk,2361,4.6413,2.6279,0.17773
baseline_noqk,2362,4.6433,2.659,0.21387
baseline_noqk,2363,4.6453,2.6452,0.18945
baseline_noqk,2364,4.6472,2.6812,0.16406
baseline_noqk,2365,4.6492,2.6484,0.17285
baseline_noqk,2366,4.6512,2.6574,0.17773
baseline_noqk,2367,4.6531,2.6709,0.18359
baseline_noqk,2368,4.6551,2.6505,0.18555
baseline_noqk,2369,4.6571,2.629,0.19043
baseline_noqk,2370,4.659,2.664,0.16895
baseline_noqk,2371,4.661,2.6709,0.18262
baseline_noqk,2372,4.663,2.6338,0.17578
baseline_noqk,2373,4.6649,2.636,0.17188
baseline_noqk,2374,4.6669,2.6445,0.18652
baseline_noqk,2375,4.6689,2.6272,0.19043
baseline_noqk,2376,4.6708,2.6406,0.14746
baseline_noqk,2377,4.6728,2.6266,0.18164
baseline_noqk,2378,4.6748,2.626,0.20801
baseline_noqk,2379,4.6767,2.6465,0.2207
baseline_noqk,2380,4.6787,2.677,0.15918
baseline_noqk,2381,4.6807,2.6384,0.16797
baseline_noqk,2382,4.6826,2.6565,0.18555
baseline_noqk,2383,4.6846,2.6626,0.20215
baseline_noqk,2384,4.6866,2.6394,0.17188
baseline_noqk,2385,4.6885,2.6232,0.18945
baseline_noqk,2386,4.6905,2.6169,0.28125
baseline_noqk,2387,4.6925,2.6308,1.1406
baseline_noqk,2388,4.6944,2.632,0.54297
baseline_noqk,2389,4.6964,2.6367,0.28906
baseline_noqk,2390,4.6984,2.6629,0.23926
baseline_noqk,2391,4.7003,2.6576,0.21973
baseline_noqk,2392,4.7023,2.6294,0.19824
baseline_noqk,2393,4.7043,2.5887,0.22266
baseline_noqk,2394,4.7062,2.6633,0.21387
baseline_noqk,2395,4.7082,2.6252,0.20605
baseline_noqk,2396,4.7102,2.6602,0.19531
baseline_noqk,2397,4.7121,2.6273,0.20703
baseline_noqk,2398,4.7141,2.6261,0.28125
baseline_noqk,2399,4.7161,2.6683,0.1748
baseline_noqk,2400,4.718,2.6327,0.22461
baseline_noqk,2401,4.72,2.662,0.19434
baseline_noqk,2402,4.7219,2.6082,0.19238
baseline_noqk,2403,4.7239,2.6279,0.19824
baseline_noqk,2404,4.7259,2.6344,0.24219
baseline_noqk,2405,4.7278,2.6268,0.19727
baseline_noqk,2406,4.7298,2.6042,0.20215
baseline_noqk,2407,4.7318,2.6727,0.21387
baseline_noqk,2408,4.7337,2.6237,0.18359
baseline_noqk,2409,4.7357,2.6096,0.19824
baseline_noqk,2410,4.7377,2.6279,0.21484
baseline_noqk,2411,4.7396,2.6183,0.1582
baseline_noqk,2412,4.7416,2.6262,0.20312
baseline_noqk,2413,4.7436,2.6749,0.21191
baseline_noqk,2414,4.7455,2.6683,0.20703
baseline_noqk,2415,4.7475,2.6188,0.17188
baseline_noqk,2416,4.7495,2.6355,0.16406
baseline_noqk,2417,4.7514,2.6591,0.18652
baseline_noqk,2418,4.7534,2.6335,0.18457
baseline_noqk,2419,4.7554,2.6207,0.16406
baseline_noqk,2420,4.7573,2.668,0.18945
baseline_noqk,2421,4.7593,2.5954,0.16797
baseline_noqk,2422,4.7613,2.6417,0.17578
baseline_noqk,2423,4.7632,2.6306,0.2207
baseline_noqk,2424,4.7652,2.6294,0.1748
baseline_noqk,2425,4.7672,2.6275,0.16016
baseline_noqk,2426,4.7691,2.7082,0.17285
baseline_noqk,2427,4.7711,2.6515,0.17578
baseline_noqk,2428,4.7731,2.6088,0.15723
baseline_noqk,2429,4.775,2.6015,0.16797
baseline_noqk,2430,4.777,2.6489,0.17676
baseline_noqk,2431,4.779,2.6548,0.16699
baseline_noqk,2432,4.7809,2.6791,0.16113
baseline_noqk,2433,4.7829,2.6321,0.17676
baseline_noqk,2434,4.7849,2.6244,0.17188
baseline_noqk,2435,4.7868,2.5916,0.16699
baseline_noqk,2436,4.7888,2.6274,0.15723
baseline_noqk,2437,4.7908,2.6462,0.18066
baseline_noqk,2438,4.7927,2.6573,0.19434
baseline_noqk,2439,4.7947,2.6406,0.20801
baseline_noqk,2440,4.7966,2.6145,0.21191
baseline_noqk,2441,4.7986,2.6509,0.15918
baseline_noqk,2442,4.8006,2.6331,0.17969
baseline_noqk,2443,4.8025,2.6379,0.16699
baseline_noqk,2444,4.8045,2.6005,0.16992
baseline_noqk,2445,4.8065,2.6621,0.19434
baseline_noqk,2446,4.8084,2.6305,0.16699
baseline_noqk,2447,4.8104,2.637,0.15332
baseline_noqk,2448,4.8124,2.6884,0.23926
baseline_noqk,2449,4.8143,2.6127,0.21289
baseline_noqk,2450,4.8163,2.5779,0.14648
baseline_noqk,2451,4.8183,2.6598,0.15723
baseline_noqk,2452,4.8202,2.6133,0.17383
baseline_noqk,2453,4.8222,2.6254,0.19141
baseline_noqk,2454,4.8242,2.6338,0.16699
baseline_noqk,2455,4.8261,2.6271,0.16309
baseline_noqk,2456,4.8281,2.613,0.17383
baseline_noqk,2457,4.8301,2.6119,0.20605
baseline_noqk,2458,4.832,2.6007,0.16895
baseline_noqk,2459,4.834,2.6632,0.1709
baseline_noqk,2460,4.836,2.676,0.20117
baseline_noqk,2461,4.8379,2.586,0.19531
baseline_noqk,2462,4.8399,2.6524,0.16992
baseline_noqk,2463,4.8419,2.6042,0.16699
baseline_noqk,2464,4.8438,2.6466,0.25977
baseline_noqk,2465,4.8458,2.6332,0.22852
baseline_noqk,2466,4.8478,2.6535,0.20801
baseline_noqk,2467,4.8497,2.623,0.22949
baseline_noqk,2468,4.8517,2.583,0.16602
baseline_noqk,2469,4.8537,2.6136,0.20996
baseline_noqk,2470,4.8556,2.5938,0.1709
baseline_noqk,2471,4.8576,2.6516,0.15527
baseline_noqk,2472,4.8596,2.6143,0.16113
baseline_noqk,2473,4.8615,2.596,0.1582
baseline_noqk,2474,4.8635,2.6436,0.16406
baseline_noqk,2475,4.8655,2.6138,0.17773
baseline_noqk,2476,4.8674,2.6147,0.17578
baseline_noqk,2477,4.8694,2.6518,0.16309
baseline_noqk,2478,4.8714,2.5982,0.17285
baseline_noqk,2479,4.8733,2.5924,0.16113
baseline_noqk,2480,4.8753,2.6296,0.20703
baseline_noqk,2481,4.8772,2.5996,0.20508
baseline_noqk,2482,4.8792,2.6079,0.1582
baseline_noqk,2483,4.8812,2.6526,0.16016
baseline_noqk,2484,4.8831,2.6445,0.15332
baseline_noqk,2485,4.8851,2.623,0.1582
baseline_noqk,2486,4.8871,2.6262,0.14355
baseline_noqk,2487,4.889,2.6146,0.14844
baseline_noqk,2488,4.891,2.6718,0.14746
baseline_noqk,2489,4.893,2.6232,0.17969
baseline_noqk,2490,4.8949,2.6627,0.14941
baseline_noqk,2491,4.8969,2.6156,0.15234
baseline_noqk,2492,4.8989,2.667,0.17578
baseline_noqk,2493,4.9008,2.6254,0.1543
baseline_noqk,2494,4.9028,2.6329,0.16504
baseline_noqk,2495,4.9048,2.6097,0.14648
baseline_noqk,2496,4.9067,2.6224,0.15723
baseline_noqk,2497,4.9087,2.6309,0.1875
baseline_noqk,2498,4.9107,2.6335,0.15137
baseline_noqk,2499,4.9126,2.5979,0.14648
baseline_noqk,2500,4.9146,2.6179,0.17773
baseline_noqk,2501,4.9166,2.6201,0.17773
baseline_noqk,2502,4.9185,2.6198,0.15039
baseline_noqk,2503,4.9205,2.6089,0.15918
baseline_noqk,2504,4.9225,2.6639,0.14453
baseline_noqk,2505,4.9244,2.6184,0.14648
baseline_noqk,2506,4.9264,2.6383,0.19629
baseline_noqk,2507,4.9284,2.6434,0.16602
baseline_noqk,2508,4.9303,2.6338,0.17969
baseline_noqk,2509,4.9323,2.6196,0.18945
baseline_noqk,2510,4.9343,2.6177,0.15039
baseline_noqk,2511,4.9362,2.6562,0.21582
baseline_noqk,2512,4.9382,2.6346,0.16406
baseline_noqk,2513,4.9402,2.635,0.16699
baseline_noqk,2514,4.9421,2.6344,0.14844
baseline_noqk,2515,4.9441,2.6258,0.14746
baseline_noqk,2516,4.9461,2.6197,0.14551
baseline_noqk,2517,4.948,2.5771,0.15234
baseline_noqk,2518,4.95,2.6307,0.1582
baseline_noqk,2519,4.952,2.668,0.14844
baseline_noqk,2520,4.9539,2.6118,0.15234
baseline_noqk,2521,4.9559,2.5945,0.15137
baseline_noqk,2522,4.9578,2.6223,0.14453
baseline_noqk,2523,4.9598,2.665,0.19043
baseline_noqk,2524,4.9618,2.6204,0.1709
baseline_noqk,2525,4.9637,2.6006,0.14941
baseline_noqk,2526,4.9657,2.6206,0.1582
baseline_noqk,2527,4.9677,2.6701,0.19043
baseline_noqk,2528,4.9696,2.6697,0.17578
baseline_noqk,2529,4.9716,2.62,0.15723
baseline_noqk,2530,4.9736,2.6365,0.16113
baseline_noqk,2531,4.9755,2.6198,0.14453
baseline_noqk,2532,4.9775,2.5872,0.1543
baseline_noqk,2533,4.9795,2.6244,0.14941
baseline_noqk,2534,4.9814,2.6448,0.14453
baseline_noqk,2535,4.9834,2.6038,0.15137
baseline_noqk,2536,4.9854,2.6396,0.15527
baseline_noqk,2537,4.9873,2.6021,0.15234
baseline_noqk,2538,4.9893,2.6467,0.15527
baseline_noqk,2539,4.9913,2.6664,0.14355
baseline_noqk,2540,4.9932,2.6105,0.14941
baseline_noqk,2541,4.9952,2.6192,0.16504
baseline_noqk,2542,4.9972,2.6169,0.14551
baseline_noqk,2543,4.9991,2.6166,0.18359
baseline_noqk,2544,5.0011,2.5856,0.15918
baseline_noqk,2545,5.0031,2.6176,0.16016
baseline_noqk,2546,5.005,2.6114,0.1748
baseline_noqk,2547,5.007,2.6085,0.15332
baseline_noqk,2548,5.009,2.598,0.15625
baseline_noqk,2549,5.0109,2.6438,0.1543
baseline_noqk,2550,5.0129,2.6156,0.14746
baseline_noqk,2551,5.0149,2.6213,0.14844
baseline_noqk,2552,5.0168,2.6176,0.16602
baseline_noqk,2553,5.0188,2.6166,0.17285
baseline_noqk,2554,5.0208,2.6819,0.14551
baseline_noqk,2555,5.0227,2.6414,0.1416
baseline_noqk,2556,5.0247,2.6154,0.14551
baseline_noqk,2557,5.0267,2.6752,0.17383
baseline_noqk,2558,5.0286,2.6199,0.14453
baseline_noqk,2559,5.0306,2.6213,0.1582
baseline_noqk,2560,5.0326,2.6624,0.16309
baseline_noqk,2561,5.0345,2.6156,0.19238
baseline_noqk,2562,5.0365,2.6316,0.17773
baseline_noqk,2563,5.0384,2.6206,0.14941
baseline_noqk,2564,5.0404,2.6682,0.14746
baseline_noqk,2565,5.0424,2.6165,0.15234
baseline_noqk,2566,5.0443,2.6074,0.16699
baseline_noqk,2567,5.0463,2.6378,0.15039
baseline_noqk,2568,5.0483,2.5937,0.19043
baseline_noqk,2569,5.0502,2.6284,0.16309
baseline_noqk,2570,5.0522,2.617,0.14746
baseline_noqk,2571,5.0542,2.5797,0.17578
baseline_noqk,2572,5.0561,2.6321,0.13867
baseline_noqk,2573,5.0581,2.6509,0.14355
baseline_noqk,2574,5.0601,2.6427,0.14648
baseline_noqk,2575,5.062,2.5915,0.14648
baseline_noqk,2576,5.064,2.6159,0.14551
baseline_noqk,2577,5.066,2.6344,0.13965
baseline_noqk,2578,5.0679,2.6343,0.18066
baseline_noqk,2579,5.0699,2.6612,0.14453
baseline_noqk,2580,5.0719,2.6461,0.16504
baseline_noqk,2581,5.0738,2.6461,0.15723
baseline_noqk,2582,5.0758,2.6023,0.14844
baseline_noqk,2583,5.0778,2.6474,0.19824
baseline_noqk,2584,5.0797,2.5985,0.14941
baseline_noqk,2585,5.0817,2.6472,0.1543
baseline_noqk,2586,5.0837,2.6149,0.2041
baseline_noqk,2587,5.0856,2.6352,0.21289
baseline_noqk,2588,5.0876,2.6686,0.18555
baseline_noqk,2589,5.0896,2.5949,0.15137
baseline_noqk,2590,5.0915,2.6432,0.16113
baseline_noqk,2591,5.0935,2.6251,0.1748
baseline_noqk,2592,5.0955,2.6286,0.14941
baseline_noqk,2593,5.0974,2.622,0.15332
baseline_noqk,2594,5.0994,2.6192,0.14355
baseline_noqk,2595,5.1014,2.6295,0.1416
baseline_noqk,2596,5.1033,2.6333,0.14746
baseline_noqk,2597,5.1053,2.6165,0.14648
baseline_noqk,2598,5.1073,2.5875,0.14844
baseline_noqk,2599,5.1092,2.6306,0.1377
baseline_noqk,2600,5.1112,2.6053,0.13965
baseline_noqk,2601,5.1131,2.6046,0.18066
baseline_noqk,2602,5.1151,2.6436,0.15234
baseline_noqk,2603,5.1171,2.6417,0.17383
baseline_noqk,2604,5.119,2.6145,0.14062
baseline_noqk,2605,5.121,2.6815,0.15625
baseline_noqk,2606,5.123,2.655,0.1543
baseline_noqk,2607,5.1249,2.6392,0.15332
baseline_noqk,2608,5.1269,2.6603,0.18066
baseline_noqk,2609,5.1289,2.608,0.13965
baseline_noqk,2610,5.1308,2.6317,0.13672
baseline_noqk,2611,5.1328,2.6071,0.14648
baseline_noqk,2612,5.1348,2.6412,0.14551
baseline_noqk,2613,5.1367,2.6972,0.23633
baseline_noqk,2614,5.1387,2.6148,0.16602
baseline_noqk,2615,5.1407,2.607,0.21289
baseline_noqk,2616,5.1426,2.6175,0.1543
baseline_noqk,2617,5.1446,2.6215,0.14355
baseline_noqk,2618,5.1466,2.5984,0.1543
baseline_noqk,2619,5.1485,2.6374,0.15332
baseline_noqk,2620,5.1505,2.6201,0.14453
baseline_noqk,2621,5.1525,2.6551,0.14453
baseline_noqk,2622,5.1544,2.6264,0.15137
baseline_noqk,2623,5.1564,2.6107,0.14062
baseline_noqk,2624,5.1584,2.6016,0.16504
baseline_noqk,2625,5.1603,2.651,0.14746
baseline_noqk,2626,5.1623,2.632,0.14648
baseline_noqk,2627,5.1643,2.6357,0.14258
baseline_noqk,2628,5.1662,2.5838,0.13379
baseline_noqk,2629,5.1682,2.5787,0.15332
baseline_noqk,2630,5.1702,2.635,0.15332
baseline_noqk,2631,5.1721,2.6384,0.14355
baseline_noqk,2632,5.1741,2.6305,0.14648
baseline_noqk,2633,5.1761,2.6217,0.17383
baseline_noqk,2634,5.178,2.616,0.14551
baseline_noqk,2635,5.18,2.6362,0.13574
baseline_noqk,2636,5.182,2.629,0.15039
baseline_noqk,2637,5.1839,2.583,0.14746
baseline_noqk,2638,5.1859,2.6484,0.13867
baseline_noqk,2639,5.1879,2.6329,0.16211
baseline_noqk,2640,5.1898,2.5932,0.14648
baseline_noqk,2641,5.1918,2.6365,0.13477
baseline_noqk,2642,5.1937,2.6264,0.13477
baseline_noqk,2643,5.1957,2.6152,0.13867
baseline_noqk,2644,5.1977,2.6118,0.14453
baseline_noqk,2645,5.1996,2.6047,0.1709
baseline_noqk,2646,5.2016,2.6293,0.17773
baseline_noqk,2647,5.2036,2.6509,0.16797
baseline_noqk,2648,5.2055,2.6285,0.14648
baseline_noqk,2649,5.2075,2.6407,0.14551
baseline_noqk,2650,5.2095,2.613,0.17773
baseline_noqk,2651,5.2114,2.6346,0.1543
baseline_noqk,2652,5.2134,2.6188,0.15723
baseline_noqk,2653,5.2154,2.6483,0.13574
baseline_noqk,2654,5.2173,2.589,0.16602
baseline_noqk,2655,5.2193,2.6267,0.14941
baseline_noqk,2656,5.2213,2.6308,0.14258
baseline_noqk,2657,5.2232,2.6198,0.14453
baseline_noqk,2658,5.2252,2.626,0.14355
baseline_noqk,2659,5.2272,2.5983,0.14355
baseline_noqk,2660,5.2291,2.6069,0.15039
baseline_noqk,2661,5.2311,2.6371,0.1377
baseline_noqk,2662,5.2331,2.6049,0.15137
baseline_noqk,2663,5.235,2.5816,0.17188
baseline_noqk,2664,5.237,2.6182,0.14258
baseline_noqk,2665,5.239,2.6277,0.13281
baseline_noqk,2666,5.2409,2.6482,0.1543
baseline_noqk,2667,5.2429,2.6162,0.14258
baseline_noqk,2668,5.2449,2.6473,0.20996
baseline_noqk,2669,5.2468,2.6646,0.17676
baseline_noqk,2670,5.2488,2.589,0.24512
baseline_noqk,2671,5.2508,2.616,0.13477
baseline_noqk,2672,5.2527,2.6359,0.19238
baseline_noqk,2673,5.2547,2.6039,0.13281
baseline_noqk,2674,5.2567,2.5948,0.1377
baseline_noqk,2675,5.2586,2.6116,0.15723
baseline_noqk,2676,5.2606,2.6427,0.16309
baseline_noqk,2677,5.2626,2.6456,0.14648
baseline_noqk,2678,5.2645,2.6355,0.14258
baseline_noqk,2679,5.2665,2.6624,0.15332
baseline_noqk,2680,5.2685,2.6242,0.14844
baseline_noqk,2681,5.2704,2.6339,0.16309
baseline_noqk,2682,5.2724,2.5987,0.14844
baseline_noqk,2683,5.2743,2.6225,0.14453
baseline_noqk,2684,5.2763,2.5934,0.13965
baseline_noqk,2685,5.2783,2.613,0.16016
baseline_noqk,2686,5.2802,2.6208,0.16699
baseline_noqk,2687,5.2822,2.6518,0.19141
baseline_noqk,2688,5.2842,2.6224,0.15039
baseline_noqk,2689,5.2861,2.6111,0.15625
baseline_noqk,2690,5.2881,2.6128,0.15527
baseline_noqk,2691,5.2901,2.6287,0.13672
baseline_noqk,2692,5.292,2.6388,0.15137
baseline_noqk,2693,5.294,2.6149,0.1582
baseline_noqk,2694,5.296,2.6011,0.14746
baseline_noqk,2695,5.2979,2.6357,0.1875
baseline_noqk,2696,5.2999,2.6141,0.14453
baseline_noqk,2697,5.3019,2.6335,0.13965
baseline_noqk,2698,5.3038,2.5954,0.15723
baseline_noqk,2699,5.3058,2.6174,0.12988
baseline_noqk,2700,5.3078,2.628,0.16113
baseline_noqk,2701,5.3097,2.6127,0.17285
baseline_noqk,2702,5.3117,2.6145,0.13672
baseline_noqk,2703,5.3137,2.6304,0.17676
baseline_noqk,2704,5.3156,2.6336,0.13379
baseline_noqk,2705,5.3176,2.6354,0.14258
baseline_noqk,2706,5.3196,2.6365,0.17871
baseline_noqk,2707,5.3215,2.6173,0.12988
baseline_noqk,2708,5.3235,2.6725,0.14258
baseline_noqk,2709,5.3255,2.6605,0.1582
baseline_noqk,2710,5.3274,2.6036,0.14844
baseline_noqk,2711,5.3294,2.6557,0.16113
baseline_noqk,2712,5.3314,2.6145,0.14453
baseline_noqk,2713,5.3333,2.6192,0.14941
baseline_noqk,2714,5.3353,2.6395,0.17383
baseline_noqk,2715,5.3373,2.6029,0.13477
baseline_noqk,2716,5.3392,2.6133,0.15137
baseline_noqk,2717,5.3412,2.6198,0.15039
baseline_noqk,2718,5.3432,2.6273,0.13184
baseline_noqk,2719,5.3451,2.6222,0.13867
baseline_noqk,2720,5.3471,2.6186,0.1709
baseline_noqk,2721,5.3491,2.6336,0.14844
baseline_noqk,2722,5.351,2.6744,0.13477
baseline_noqk,2723,5.353,2.6374,0.13965
baseline_noqk,2724,5.3549,2.6309,0.14453
baseline_noqk,2725,5.3569,2.6631,0.16992
baseline_noqk,2726,5.3589,2.6345,0.15234
baseline_noqk,2727,5.3608,2.6327,0.14453
baseline_noqk,2728,5.3628,2.645,0.16309
baseline_noqk,2729,5.3648,2.633,0.15039
baseline_noqk,2730,5.3667,2.6262,0.1543
baseline_noqk,2731,5.3687,2.6205,0.15625
baseline_noqk,2732,5.3707,2.6478,0.13379
baseline_noqk,2733,5.3726,2.5724,0.1875
baseline_noqk,2734,5.3746,2.638,0.14648
baseline_noqk,2735,5.3766,2.5892,0.17285
baseline_noqk,2736,5.3785,2.5946,0.14551
baseline_noqk,2737,5.3805,2.6275,0.15137
baseline_noqk,2738,5.3825,2.6272,0.14746
baseline_noqk,2739,5.3844,2.5928,0.13379
baseline_noqk,2740,5.3864,2.5772,0.14453
baseline_noqk,2741,5.3884,2.6292,0.13965
baseline_noqk,2742,5.3903,2.624,0.13867
baseline_noqk,2743,5.3923,2.5924,0.13379
baseline_noqk,2744,5.3943,2.5884,0.14648
baseline_noqk,2745,5.3962,2.6365,0.15625
baseline_noqk,2746,5.3982,2.6089,0.15039
baseline_noqk,2747,5.4002,2.6263,0.14062
baseline_noqk,2748,5.4021,2.5893,0.15234
baseline_noqk,2749,5.4041,2.5806,0.13672
baseline_noqk,2750,5.4061,2.6141,0.13672
baseline_noqk,2751,5.408,2.6355,0.1748
baseline_noqk,2752,5.41,2.615,0.13867
baseline_noqk,2753,5.412,2.6235,0.14941
baseline_noqk,2754,5.4139,2.5998,0.14355
baseline_noqk,2755,5.4159,2.6405,0.13574
baseline_noqk,2756,5.4179,2.6065,0.14258
baseline_noqk,2757,5.4198,2.6707,0.24316
baseline_noqk,2758,5.4218,2.5801,0.1377
baseline_noqk,2759,5.4238,2.6415,0.1709
baseline_noqk,2760,5.4257,2.6031,0.16309
baseline_noqk,2761,5.4277,2.6379,0.15625
baseline_noqk,2762,5.4297,2.5915,0.13867
baseline_noqk,2763,5.4316,2.6059,0.13379
baseline_noqk,2764,5.4336,2.6897,0.1416
baseline_noqk,2765,5.4355,2.6178,0.13574
baseline_noqk,2766,5.4375,2.5712,0.12891
baseline_noqk,2767,5.4395,2.6452,0.14062
baseline_noqk,2768,5.4414,2.6428,0.15234
baseline_noqk,2769,5.4434,2.6118,0.1543
baseline_noqk,2770,5.4454,2.6729,0.13867
baseline_noqk,2771,5.4473,2.6657,0.15918
baseline_noqk,2772,5.4493,2.5947,0.14844
baseline_noqk,2773,5.4513,2.6225,0.15137
baseline_noqk,2774,5.4532,2.6858,0.15625
baseline_noqk,2775,5.4552,2.5844,0.15039
baseline_noqk,2776,5.4572,2.5891,0.14941
baseline_noqk,2777,5.4591,2.6355,0.14648
baseline_noqk,2778,5.4611,2.6063,0.1377
baseline_noqk,2779,5.4631,2.6219,0.15527
baseline_noqk,2780,5.465,2.6331,0.13379
baseline_noqk,2781,5.467,2.6553,0.14746
baseline_noqk,2782,5.469,2.6543,0.1543
baseline_noqk,2783,5.4709,2.6023,0.13086
baseline_noqk,2784,5.4729,2.5874,0.16602
baseline_noqk,2785,5.4749,2.5763,0.12695
baseline_noqk,2786,5.4768,2.6098,0.17676
baseline_noqk,2787,5.4788,2.6625,0.1416
baseline_noqk,2788,5.4808,2.6374,0.14453
baseline_noqk,2789,5.4827,2.6192,0.14258
baseline_noqk,2790,5.4847,2.6165,0.1543
baseline_noqk,2791,5.4867,2.6309,0.13477
baseline_noqk,2792,5.4886,2.6371,0.14062
baseline_noqk,2793,5.4906,2.5977,0.16406
baseline_noqk,2794,5.4926,2.6356,0.14453
baseline_noqk,2795,5.4945,2.6714,0.14258
baseline_noqk,2796,5.4965,2.6189,0.14258
baseline_noqk,2797,5.4985,2.6363,0.15918
baseline_noqk,2798,5.5004,2.604,0.14551
baseline_noqk,2799,5.5024,2.5982,0.1416
baseline_noqk,2800,5.5044,2.608,0.1377
baseline_noqk,2801,5.5063,2.6205,0.13672
baseline_noqk,2802,5.5083,2.6184,0.13086
baseline_noqk,2803,5.5102,2.6358,0.14648
baseline_noqk,2804,5.5122,2.6309,0.14062
baseline_noqk,2805,5.5142,2.6075,0.1377
baseline_noqk,2806,5.5161,2.6223,0.14062
baseline_noqk,2807,5.5181,2.6302,0.14258
baseline_noqk,2808,5.5201,2.6048,0.1748
baseline_noqk,2809,5.522,2.6416,0.13281
baseline_noqk,2810,5.524,2.6244,0.14941
baseline_noqk,2811,5.526,2.6281,0.13281
baseline_noqk,2812,5.5279,2.6234,0.13086
baseline_noqk,2813,5.5299,2.6287,0.13184
baseline_noqk,2814,5.5319,2.6109,0.13184
baseline_noqk,2815,5.5338,2.5957,0.12109
baseline_noqk,2816,5.5358,2.6049,0.15625
baseline_noqk,2817,5.5378,2.6495,0.15527
baseline_noqk,2818,5.5397,2.6517,0.17285
baseline_noqk,2819,5.5417,2.6278,0.15234
baseline_noqk,2820,5.5437,2.599,0.15332
baseline_noqk,2821,5.5456,2.599,0.15332
baseline_noqk,2822,5.5476,2.6035,0.14844
baseline_noqk,2823,5.5496,2.6187,0.13184
baseline_noqk,2824,5.5515,2.627,0.13379
baseline_noqk,2825,5.5535,2.5949,0.13477
baseline_noqk,2826,5.5555,2.5962,0.13477
baseline_noqk,2827,5.5574,2.6193,0.12793
baseline_noqk,2828,5.5594,2.6239,0.1416
baseline_noqk,2829,5.5614,2.6226,0.15137
baseline_noqk,2830,5.5633,2.5914,0.13477
baseline_noqk,2831,5.5653,2.6105,0.13184
baseline_noqk,2832,5.5673,2.5983,0.13281
baseline_noqk,2833,5.5692,2.6357,0.13086
baseline_noqk,2834,5.5712,2.6071,0.12891
baseline_noqk,2835,5.5732,2.6368,0.13867
baseline_noqk,2836,5.5751,2.6126,0.13184
baseline_noqk,2837,5.5771,2.6136,0.13574
baseline_noqk,2838,5.5791,2.6109,0.12988
baseline_noqk,2839,5.581,2.6366,0.14355
baseline_noqk,2840,5.583,2.6336,0.13086
baseline_noqk,2841,5.585,2.5853,0.13672
baseline_noqk,2842,5.5869,2.5919,0.32227
baseline_noqk,2843,5.5889,2.6371,0.17871
baseline_noqk,2844,5.5908,2.6389,0.14355
baseline_noqk,2845,5.5928,2.6509,0.24316
baseline_noqk,2846,5.5948,2.6386,0.2168
baseline_noqk,2847,5.5967,2.6242,0.15234
baseline_noqk,2848,5.5987,2.6319,0.15137
baseline_noqk,2849,5.6007,2.5729,0.21094
baseline_noqk,2850,5.6026,2.5747,0.18164
baseline_noqk,2851,5.6046,2.6253,0.14062
baseline_noqk,2852,5.6066,2.6014,0.13867
baseline_noqk,2853,5.6085,2.6167,0.14648
baseline_noqk,2854,5.6105,2.6172,0.14062
baseline_noqk,2855,5.6125,2.6192,0.1416
baseline_noqk,2856,5.6144,2.6292,0.14062
baseline_noqk,2857,5.6164,2.6401,0.15332
baseline_noqk,2858,5.6184,2.6284,0.14844
baseline_noqk,2859,5.6203,2.6415,0.1377
baseline_noqk,2860,5.6223,2.6268,0.13477
baseline_noqk,2861,5.6243,2.6154,0.12793
baseline_noqk,2862,5.6262,2.6146,0.14453
baseline_noqk,2863,5.6282,2.6195,0.1416
baseline_noqk,2864,5.6302,2.6422,0.13379
baseline_noqk,2865,5.6321,2.6239,0.17676
baseline_noqk,2866,5.6341,2.5886,0.13379
baseline_noqk,2867,5.6361,2.6259,0.13184
baseline_noqk,2868,5.638,2.5889,0.14062
baseline_noqk,2869,5.64,2.6311,0.1416
baseline_noqk,2870,5.642,2.6374,0.12256
baseline_noqk,2871,5.6439,2.6313,0.15234
baseline_noqk,2872,5.6459,2.5942,0.13672
baseline_noqk,2873,5.6479,2.6259,0.16992
baseline_noqk,2874,5.6498,2.5863,0.13379
baseline_noqk,2875,5.6518,2.5955,0.13086
baseline_noqk,2876,5.6538,2.6047,0.14746
baseline_noqk,2877,5.6557,2.6037,0.12305
baseline_noqk,2878,5.6577,2.6558,0.1582
baseline_noqk,2879,5.6597,2.5924,0.15039
baseline_noqk,2880,5.6616,2.657,0.13965
baseline_noqk,2881,5.6636,2.5931,0.13867
baseline_noqk,2882,5.6656,2.6166,0.13379
baseline_noqk,2883,5.6675,2.5931,0.13867
baseline_noqk,2884,5.6695,2.6145,0.15625
baseline_noqk,2885,5.6714,2.619,0.15625
baseline_noqk,2886,5.6734,2.5805,0.13574
baseline_noqk,2887,5.6754,2.6018,0.15918
baseline_noqk,2888,5.6773,2.6235,0.13477
baseline_noqk,2889,5.6793,2.6171,0.12695
baseline_noqk,2890,5.6813,2.6373,0.12988
baseline_noqk,2891,5.6832,2.6151,0.12988
baseline_noqk,2892,5.6852,2.6422,0.14844
baseline_noqk,2893,5.6872,2.6391,0.13086
baseline_noqk,2894,5.6891,2.6089,0.13379
baseline_noqk,2895,5.6911,2.6024,0.13086
baseline_noqk,2896,5.6931,2.6035,0.15625
baseline_noqk,2897,5.695,2.6109,0.12988
baseline_noqk,2898,5.697,2.6066,0.13867
baseline_noqk,2899,5.699,2.641,0.13965
baseline_noqk,2900,5.7009,2.6092,0.14453
baseline_noqk,2901,5.7029,2.6449,0.12891
baseline_noqk,2902,5.7049,2.6384,0.16895
baseline_noqk,2903,5.7068,2.6351,0.14355
baseline_noqk,2904,5.7088,2.6624,0.13281
baseline_noqk,2905,5.7108,2.6655,0.13086
baseline_noqk,2906,5.7127,2.5892,0.13184
baseline_noqk,2907,5.7147,2.6341,0.13867
baseline_noqk,2908,5.7167,2.5888,0.14746
baseline_noqk,2909,5.7186,2.63,0.12988
baseline_noqk,2910,5.7206,2.6339,0.1416
baseline_noqk,2911,5.7226,2.6181,0.13672
baseline_noqk,2912,5.7245,2.6376,0.12305
baseline_noqk,2913,5.7265,2.6638,0.12891
baseline_noqk,2914,5.7285,2.6246,0.13867
baseline_noqk,2915,5.7304,2.6253,0.12598
baseline_noqk,2916,5.7324,2.589,0.13281
baseline_noqk,2917,5.7344,2.6064,0.13965
baseline_noqk,2918,5.7363,2.6143,0.13281
baseline_noqk,2919,5.7383,2.6387,0.15918
baseline_noqk,2920,5.7403,2.6017,0.13477
baseline_noqk,2921,5.7422,2.6255,0.13281
baseline_noqk,2922,5.7442,2.6406,0.13379
baseline_noqk,2923,5.7462,2.6206,0.18848
baseline_noqk,2924,5.7481,2.5927,0.14648
baseline_noqk,2925,5.7501,2.6298,0.12793
baseline_noqk,2926,5.752,2.6217,0.14746
baseline_noqk,2927,5.754,2.6192,0.12158
baseline_noqk,2928,5.756,2.6398,0.12891
baseline_noqk,2929,5.7579,2.6099,0.12988
baseline_noqk,2930,5.7599,2.619,0.13965
baseline_noqk,2931,5.7619,2.6086,0.14746
baseline_noqk,2932,5.7638,2.6262,0.18555
baseline_noqk,2933,5.7658,2.6183,0.16016
baseline_noqk,2934,5.7678,2.6095,0.12451
baseline_noqk,2935,5.7697,2.625,0.13672
baseline_noqk,2936,5.7717,2.627,0.17383
baseline_noqk,2937,5.7737,2.569,0.14355
baseline_noqk,2938,5.7756,2.5977,0.1416
baseline_noqk,2939,5.7776,2.5956,0.1543
baseline_noqk,2940,5.7796,2.6075,0.12793
baseline_noqk,2941,5.7815,2.6069,0.13184
baseline_noqk,2942,5.7835,2.5826,0.13379
baseline_noqk,2943,5.7855,2.6216,0.12988
baseline_noqk,2944,5.7874,2.6274,0.15918
baseline_noqk,2945,5.7894,2.6271,0.12891
baseline_noqk,2946,5.7914,2.6341,0.13281
baseline_noqk,2947,5.7933,2.5984,0.14062
baseline_noqk,2948,5.7953,2.6213,0.1543
baseline_noqk,2949,5.7973,2.6509,0.13867
baseline_noqk,2950,5.7992,2.5789,0.13965
baseline_noqk,2951,5.8012,2.6119,0.13379
baseline_noqk,2952,5.8032,2.6444,0.13086
baseline_noqk,2953,5.8051,2.6068,0.13086
baseline_noqk,2954,5.8071,2.6071,0.14941
baseline_noqk,2955,5.8091,2.6092,0.12256
baseline_noqk,2956,5.811,2.6093,0.13672
baseline_noqk,2957,5.813,2.6134,0.12988
baseline_noqk,2958,5.815,2.6342,0.15918
baseline_noqk,2959,5.8169,2.6053,0.14355
baseline_noqk,2960,5.8189,2.6373,0.14355
baseline_noqk,2961,5.8209,2.639,0.15039
baseline_noqk,2962,5.8228,2.6433,0.13379
baseline_noqk,2963,5.8248,2.6053,0.12598
baseline_noqk,2964,5.8267,2.6196,0.13672
baseline_noqk,2965,5.8287,2.6175,0.12695
baseline_noqk,2966,5.8307,2.6102,0.13477
baseline_noqk,2967,5.8326,2.6039,0.13574
baseline_noqk,2968,5.8346,2.5796,0.13672
baseline_noqk,2969,5.8366,2.6258,0.13281
baseline_noqk,2970,5.8385,2.5726,0.14062
baseline_noqk,2971,5.8405,2.6169,0.15625
baseline_noqk,2972,5.8425,2.5749,0.1416
baseline_noqk,2973,5.8444,2.6163,0.12695
baseline_noqk,2974,5.8464,2.5777,0.19043
baseline_noqk,2975,5.8484,2.6599,0.13379
baseline_noqk,2976,5.8503,2.5946,0.13184
baseline_noqk,2977,5.8523,2.6654,0.14551
baseline_noqk,2978,5.8543,2.623,0.13477
baseline_noqk,2979,5.8562,2.6784,0.14551
baseline_noqk,2980,5.8582,2.6202,0.13086
baseline_noqk,2981,5.8602,2.6195,0.15234
baseline_noqk,2982,5.8621,2.6327,0.1416
baseline_noqk,2983,5.8641,2.6363,0.12793
baseline_noqk,2984,5.8661,2.604,0.12207
baseline_noqk,2985,5.868,2.6007,0.12891
baseline_noqk,2986,5.87,2.6323,0.1875
baseline_noqk,2987,5.872,2.5958,0.15625
baseline_noqk,2988,5.8739,2.625,0.13086
baseline_noqk,2989,5.8759,2.6195,0.1377
baseline_noqk,2990,5.8779,2.5908,0.18066
baseline_noqk,2991,5.8798,2.6038,0.15332
baseline_noqk,2992,5.8818,2.6585,0.15527
baseline_noqk,2993,5.8838,2.6378,0.1416
baseline_noqk,2994,5.8857,2.6128,0.16602
baseline_noqk,2995,5.8877,2.6489,0.13672
baseline_noqk,2996,5.8897,2.5649,0.14453
baseline_noqk,2997,5.8916,2.6244,0.12207
baseline_noqk,2998,5.8936,2.6509,0.14258
baseline_noqk,2999,5.8956,2.605,0.13281
baseline_noqk,3000,5.8975,2.6137,0.12598
baseline_noqk,3001,5.8995,2.6219,0.16211
baseline_noqk,3002,5.9015,2.6035,0.12891
baseline_noqk,3003,5.9034,2.5977,0.12305
baseline_noqk,3004,5.9054,2.6274,0.1709
baseline_noqk,3005,5.9073,2.5983,0.125
baseline_noqk,3006,5.9093,2.5953,0.13672
baseline_noqk,3007,5.9113,2.5993,0.17871
baseline_noqk,3008,5.9132,2.6123,0.13477
baseline_noqk,3009,5.9152,2.6382,0.13672
baseline_noqk,3010,5.9172,2.5977,0.13477
baseline_noqk,3011,5.9191,2.6043,0.14453
baseline_noqk,3012,5.9211,2.6125,0.13281
baseline_noqk,3013,5.9231,2.5967,0.12451
baseline_noqk,3014,5.925,2.6007,0.12598
baseline_noqk,3015,5.927,2.6058,0.13574
baseline_noqk,3016,5.929,2.6328,0.12598
baseline_noqk,3017,5.9309,2.5963,0.13086
baseline_noqk,3018,5.9329,2.6022,0.13672
baseline_noqk,3019,5.9349,2.6187,0.15234
baseline_noqk,3020,5.9368,2.6266,0.12061
baseline_noqk,3021,5.9388,2.6263,0.16895
baseline_noqk,3022,5.9408,2.6589,0.17188
baseline_noqk,3023,5.9427,2.6495,0.19531
baseline_noqk,3024,5.9447,2.6622,0.1582
baseline_noqk,3025,5.9467,2.6222,0.14746
baseline_noqk,3026,5.9486,2.59,0.16309
baseline_noqk,3027,5.9506,2.6108,0.1377
baseline_noqk,3028,5.9526,2.6308,0.13574
baseline_noqk,3029,5.9545,2.5902,0.13086
baseline_noqk,3030,5.9565,2.637,0.13086
baseline_noqk,3031,5.9585,2.6248,0.12402
baseline_noqk,3032,5.9604,2.5974,0.14746
baseline_noqk,3033,5.9624,2.6023,0.13867
baseline_noqk,3034,5.9644,2.5906,0.13574
baseline_noqk,3035,5.9663,2.6236,0.13867
baseline_noqk,3036,5.9683,2.6054,0.13965
baseline_noqk,3037,5.9703,2.6013,0.13281
baseline_noqk,3038,5.9722,2.6254,0.14258
baseline_noqk,3039,5.9742,2.6528,0.13574
baseline_noqk,3040,5.9762,2.6383,0.16016
baseline_noqk,3041,5.9781,2.611,0.15234
baseline_noqk,3042,5.9801,2.6164,0.12695
baseline_noqk,3043,5.9821,2.5656,0.12695
baseline_noqk,3044,5.984,2.6019,0.14941
baseline_noqk,3045,5.986,2.6198,0.16992
baseline_noqk,3046,5.9879,2.5859,0.1377
baseline_noqk,3047,5.9899,2.6125,0.12891
baseline_noqk,3048,5.9919,2.607,0.12695
baseline_noqk,3049,5.9938,2.6009,0.1416
baseline_noqk,3050,5.9958,2.5933,0.12354
baseline_noqk,3051,5.9978,2.6125,0.14941
baseline_noqk,3052,5.9997,2.6211,0.12598
kda,1,0.0019658,10.607,7.0414
kda,2,0.0039317,10.608,7.0592
kda,3,0.0058975,10.599,7.1097
kda,4,0.0078634,10.578,7.0274
kda,5,0.0098292,10.539,7.1788
kda,6,0.011795,10.489,6.9853
kda,7,0.013761,10.426,6.7241
kda,8,0.015727,10.33,6.5613
kda,9,0.017693,10.218,6.176
kda,10,0.019658,10.109,5.7059
kda,11,0.021624,9.9829,5.5
kda,12,0.02359,9.8438,5.2384
kda,13,0.025556,9.7281,4.8538
kda,14,0.027522,9.6116,4.4435
kda,15,0.029488,9.4996,4.0252
kda,16,0.031453,9.4009,3.6631
kda,17,0.033419,9.2874,3.3119
kda,18,0.035385,9.1936,2.9473
kda,19,0.037351,9.1047,2.643
kda,20,0.039317,8.9998,2.3484
kda,21,0.041283,8.9181,2.1211
kda,22,0.043248,8.8337,1.9224
kda,23,0.045214,8.7934,1.971
kda,24,0.04718,8.6804,2.1196
kda,25,0.049146,8.6042,1.964
kda,26,0.051112,8.5595,2.168
kda,27,0.053078,8.4731,2.454
kda,28,0.055044,8.4392,2.2331
kda,29,0.057009,8.3696,2.6284
kda,30,0.058975,8.3272,3.111
kda,31,0.060941,8.2648,3.0567
kda,32,0.062907,8.1708,4.1499
kda,33,0.064873,8.1127,2.7779
kda,34,0.066839,8.0386,3.7594
kda,35,0.068804,7.9515,2.6711
kda,36,0.07077,7.9045,4.5179
kda,37,0.072736,7.8279,2.7299
kda,38,0.074702,7.7461,4.3982
kda,39,0.076668,7.6816,2.9513
kda,40,0.078634,7.6769,6.1889
kda,41,0.080599,7.5518,3.1813
kda,42,0.082565,7.4844,3.6006
kda,43,0.084531,7.4456,3.2275
kda,44,0.086497,7.3796,3.1558
kda,45,0.088463,7.3605,3.1623
kda,46,0.090429,7.3228,2.7354
kda,47,0.092394,7.2421,2.8896
kda,48,0.09436,7.1936,2.5621
kda,49,0.096326,7.1605,2.3953
kda,50,0.098292,7.1224,2.6883
kda,51,0.10026,7.1151,3.2676
kda,52,0.10222,7.0784,3.3717
kda,53,0.10419,7.056,3.5521
kda,54,0.10616,7.049,3.0588
kda,55,0.10812,6.9586,1.4286
kda,56,0.11009,6.9318,3.3562
kda,57,0.11205,6.9087,2.1958
kda,58,0.11402,6.8667,2.1421
kda,59,0.11598,6.8623,2.0782
kda,60,0.11795,6.8367,1.7112
kda,61,0.11992,6.7898,1.5616
kda,62,0.12188,6.7833,2.4572
kda,63,0.12385,6.7523,1.9524
kda,64,0.12581,6.7139,1.5277
kda,65,0.12778,6.6699,1.9084
kda,66,0.12975,6.6554,1.5311
kda,67,0.13171,6.6489,2.221
kda,68,0.13368,6.6057,2.1242
kda,69,0.13564,6.5645,2.3574
kda,70,0.13761,6.5596,1.6851
kda,71,0.13957,6.5174,1.8385
kda,72,0.14154,6.474,1.6433
kda,73,0.14351,6.4558,1.6163
kda,74,0.14547,6.4063,1.1579
kda,75,0.14744,6.403,1.4871
kda,76,0.1494,6.3298,0.97642
kda,77,0.15137,6.3066,1.4662
kda,78,0.15334,6.2807,1.5514
kda,79,0.1553,6.2474,1.1398
kda,80,0.15727,6.2072,1.2518
kda,81,0.15923,6.1571,1.1493
kda,82,0.1612,6.1418,1.245
kda,83,0.16316,6.0986,1.6446
kda,84,0.16513,6.0295,1.082
kda,85,0.1671,6.017,1.504
kda,86,0.16906,5.9446,1.017
kda,87,0.17103,5.9587,1.6052
kda,88,0.17299,5.9088,1.2062
kda,89,0.17496,5.8813,1.547
kda,90,0.17693,5.8357,1.225
kda,91,0.17889,5.8062,1.5058
kda,92,0.18086,5.7329,1.2927
kda,93,0.18282,5.7192,1.0715
kda,94,0.18479,5.7038,1.8337
kda,95,0.18675,5.6446,1.0801
kda,96,0.18872,5.6342,1.3414
kda,97,0.19069,5.5926,1.0351
kda,98,0.19265,5.5506,1.0932
kda,99,0.19462,5.5165,1.2902
kda,100,0.19658,5.5133,1.0758
kda,101,0.19855,5.4639,1.1181
kda,102,0.20052,5.4048,0.9588
kda,103,0.20248,5.3792,1.0888
kda,104,0.20445,5.3487,0.94497
kda,105,0.20641,5.3532,1.1703
kda,106,0.20838,5.3277,1.1931
kda,107,0.21034,5.3275,1.1969
kda,108,0.21231,5.2255,1.073
kda,109,0.21428,5.308,1.3364
kda,110,0.21624,5.229,1.0055
kda,111,0.21821,5.2248,1.1549
kda,112,0.22017,5.176,1.0477
kda,113,0.22214,5.1654,1.3276
kda,114,0.22411,5.1257,0.9489
kda,115,0.22607,5.0783,1.2055
kda,116,0.22804,5.0697,0.98846
kda,117,0.23,5.0461,1.0552
kda,118,0.23197,5.0431,1.1105
kda,119,0.23393,5.0223,1.0626
kda,120,0.2359,4.9983,1.1125
kda,121,0.23787,4.9841,1.0316
kda,122,0.23983,4.9494,0.9576
kda,123,0.2418,4.9534,0.86809
kda,124,0.24376,4.908,0.83743
kda,125,0.24573,4.8926,0.991
kda,126,0.2477,4.8955,0.96318
kda,127,0.24966,4.8485,0.98529
kda,128,0.25163,4.8168,1.1057
kda,129,0.25359,4.8297,0.92198
kda,130,0.25556,4.8435,0.82912
kda,131,0.25753,4.8293,0.82099
kda,132,0.25949,4.793,0.94986
kda,133,0.26146,4.7789,0.82629
kda,134,0.26342,4.7526,0.93629
kda,135,0.26539,4.7413,0.93646
kda,136,0.26735,4.7122,0.99954
kda,137,0.26932,4.7186,0.77619
kda,138,0.27129,4.6727,0.78013
kda,139,0.27325,4.7091,1.0146
kda,140,0.27522,4.653,0.92398
kda,141,0.27718,4.6672,0.78265
kda,142,0.27915,4.6445,0.80338
kda,143,0.28112,4.6155,0.99136
kda,144,0.28308,4.6369,1.0042
kda,145,0.28505,4.6115,0.72232
kda,146,0.28701,4.5585,0.78046
kda,147,0.28898,4.5868,0.87717
kda,148,0.29094,4.5472,0.80792
kda,149,0.29291,4.5255,0.76362
kda,150,0.29488,4.5096,0.73422
kda,151,0.29684,4.5,0.78108
kda,152,0.29881,4.4974,0.80445
kda,153,0.30077,4.4842,0.74915
kda,154,0.30274,4.471,0.85369
kda,155,0.30471,4.451,0.74277
kda,156,0.30667,4.4876,0.76973
kda,157,0.30864,4.4468,0.69112
kda,158,0.3106,4.3928,0.64371
kda,159,0.31257,4.4075,0.66172
kda,160,0.31453,4.3827,0.69467
kda,161,0.3165,4.3513,0.62284
kda,162,0.31847,4.3125,0.54227
kda,163,0.32043,4.2731,0.60333
kda,164,0.3224,4.2934,0.65437
kda,165,0.32436,4.3068,0.62158
kda,166,0.32633,4.2436,0.52419
kda,167,0.3283,4.2906,0.71036
kda,168,0.33026,4.3021,0.81339
kda,169,0.33223,4.2208,0.58721
kda,170,0.33419,4.2257,0.65754
kda,171,0.33616,4.2005,0.61919
kda,172,0.33812,4.1611,0.50169
kda,173,0.34009,4.1932,0.59761
kda,174,0.34206,4.2177,0.53921
kda,175,0.34402,4.1459,0.51043
kda,176,0.34599,4.2539,0.80674
kda,177,0.34795,4.1697,0.78107
kda,178,0.34992,4.1261,0.58448
kda,179,0.35189,4.1234,0.55526
kda,180,0.35385,4.1028,0.67125
kda,181,0.35582,4.1034,0.60631
kda,182,0.35778,4.0809,0.51698
kda,183,0.35975,4.0122,0.5042
kda,184,0.36171,4.0267,0.56144
kda,185,0.36368,4.0494,0.56175
kda,186,0.36565,4.0359,0.5334
kda,187,0.36761,4.0537,0.59226
kda,188,0.36958,4.0055,0.56085
kda,189,0.37154,4.0199,0.67759
kda,190,0.37351,3.9881,0.59011
kda,191,0.37548,3.9923,0.46709
kda,192,0.37744,3.9451,0.46293
kda,193,0.37941,4.0054,0.60342
kda,194,0.38137,3.9693,0.55164
kda,195,0.38334,3.9704,0.56089
kda,196,0.3853,3.9287,0.5488
kda,197,0.38727,3.9339,0.50316
kda,198,0.38924,3.9295,0.60521
kda,199,0.3912,3.9349,0.53164
kda,200,0.39317,3.9079,0.4569
kda,201,0.39513,3.9131,0.51034
kda,202,0.3971,3.9071,0.45737
kda,203,0.39907,3.8657,0.43492
kda,204,0.40103,3.86,0.4843
kda,205,0.403,3.8462,0.53172
kda,206,0.40496,3.8386,0.46648
kda,207,0.40693,3.7948,0.49918
kda,208,0.40889,3.8426,0.55898
kda,209,0.41086,3.8102,0.51047
kda,210,0.41283,3.8117,0.48622
kda,211,0.41479,3.8049,0.40777
kda,212,0.41676,3.7899,0.43976
kda,213,0.41872,3.7964,0.55271
kda,214,0.42069,3.7936,0.47335
kda,215,0.42266,3.805,0.37501
kda,216,0.42462,3.7403,0.44629
kda,217,0.42659,3.7759,0.41777
kda,218,0.42855,3.7593,0.38674
kda,219,0.43052,3.7942,0.44369
kda,220,0.43248,3.747,0.48414
kda,221,0.43445,3.7574,0.42058
kda,222,0.43642,3.698,0.43975
kda,223,0.43838,3.7607,0.48136
kda,224,0.44035,3.7396,0.44301
kda,225,0.44231,3.7528,0.45227
kda,226,0.44428,3.7508,0.51746
kda,227,0.44625,3.7005,0.54085
kda,228,0.44821,3.7076,0.44404
kda,229,0.45018,3.7264,0.38629
kda,230,0.45214,3.6758,0.36864
kda,231,0.45411,3.6366,0.36616
kda,232,0.45607,3.6961,0.42072
kda,233,0.45804,3.6714,0.45167
kda,234,0.46001,3.6664,0.39893
kda,235,0.46197,3.6368,0.35968
kda,236,0.46394,3.6378,0.36857
kda,237,0.4659,3.6824,0.42476
kda,238,0.46787,3.6737,0.43133
kda,239,0.46984,3.6446,0.37213
kda,240,0.4718,3.6651,0.39269
kda,241,0.47377,3.6599,0.37405
kda,242,0.47573,3.6108,0.33115
kda,243,0.4777,3.5979,0.3781
kda,244,0.47966,3.6541,0.40684
kda,245,0.48163,3.6095,0.4084
kda,246,0.4836,3.6112,0.35572
kda,247,0.48556,3.6106,0.33039
kda,248,0.48753,3.6169,0.35095
kda,249,0.48949,3.5843,0.35288
kda,250,0.49146,3.6116,0.32697
kda,251,0.49343,3.5793,0.3483
kda,252,0.49539,3.5906,0.37865
kda,253,0.49736,3.6485,0.37918
kda,254,0.49932,3.6003,0.40303
kda,255,0.50129,3.5577,0.39609
kda,256,0.50326,3.5325,0.35305
kda,257,0.50522,3.559,0.36895
kda,258,0.50719,3.582,0.45912
kda,259,0.50915,3.5706,0.43437
kda,260,0.51112,3.5597,0.32396
kda,261,0.51308,3.5583,0.32542
kda,262,0.51505,3.5417,0.31635
kda,263,0.51702,3.5303,0.29202
kda,264,0.51898,3.5685,0.29511
kda,265,0.52095,3.5022,0.2817
kda,266,0.52291,3.4953,0.28218
kda,267,0.52488,3.541,0.29626
kda,268,0.52685,3.4735,0.31387
kda,269,0.52881,3.5251,0.30681
kda,270,0.53078,3.4963,0.28797
kda,271,0.53274,3.4822,0.2902
kda,272,0.53471,3.5011,0.32508
kda,273,0.53667,3.4836,0.33791
kda,274,0.53864,3.5057,0.33249
kda,275,0.54061,3.4932,0.32902
kda,276,0.54257,3.5038,0.34267
kda,277,0.54454,3.4588,0.32688
kda,278,0.5465,3.4892,0.28052
kda,279,0.54847,3.483,0.28413
kda,280,0.55044,3.4726,0.30755
kda,281,0.5524,3.4634,0.31675
kda,282,0.55437,3.4362,0.32879
kda,283,0.55633,3.4652,0.35298
kda,284,0.5583,3.5067,0.34323
kda,285,0.56026,3.4573,0.32683
kda,286,0.56223,3.4933,0.33312
kda,287,0.5642,3.4669,0.31302
kda,288,0.56616,3.5213,0.31138
kda,289,0.56813,3.4421,0.30347
kda,290,0.57009,3.4588,0.26159
kda,291,0.57206,3.4381,0.27872
kda,292,0.57403,3.452,0.30016
kda,293,0.57599,3.4383,0.2973
kda,294,0.57796,3.4332,0.33108
kda,295,0.57992,3.4884,0.35494
kda,296,0.58189,3.3957,0.29287
kda,297,0.58385,3.4548,0.25676
kda,298,0.58582,3.419,0.28269
kda,299,0.58779,3.4118,0.30163
kda,300,0.58975,3.4128,0.29797
kda,301,0.59172,3.4266,0.26654
kda,302,0.59368,3.394,0.27265
kda,303,0.59565,3.4026,0.33033
kda,304,0.59762,3.4139,0.31121
kda,305,0.59958,3.4178,0.2865
kda,306,0.60155,3.3758,0.2732
kda,307,0.60351,3.4141,0.277
kda,308,0.60548,3.3692,0.25477
kda,309,0.60744,3.3946,0.22543
kda,310,0.60941,3.3892,0.2866
kda,311,0.61138,3.3806,0.31709
kda,312,0.61334,3.3579,0.31076
kda,313,0.61531,3.4256,0.27305
kda,314,0.61727,3.383,0.22874
kda,315,0.61924,3.3825,0.24252
kda,316,0.62121,3.3616,0.28586
kda,317,0.62317,3.3326,0.28733
kda,318,0.62514,3.3555,0.23891
kda,319,0.6271,3.4114,0.26285
kda,320,0.62907,3.371,0.30737
kda,321,0.63103,3.3612,0.28363
kda,322,0.633,3.4051,0.24591
kda,323,0.63497,3.3436,0.26105
kda,324,0.63693,3.3179,0.24074
kda,325,0.6389,3.3507,0.22224
kda,326,0.64086,3.3867,0.27705
kda,327,0.64283,3.3472,0.31577
kda,328,0.6448,3.362,0.26375
kda,329,0.64676,3.3349,0.23135
kda,330,0.64873,3.3639,0.26514
kda,331,0.65069,3.3046,0.28186
kda,332,0.65266,3.295,0.23276
kda,333,0.65462,3.337,0.2048
kda,334,0.65659,3.3141,0.22956
kda,335,0.65856,3.3224,0.25833
kda,336,0.66052,3.3354,0.27457
kda,337,0.66249,3.334,0.27848
kda,338,0.66445,3.4248,0.2869
kda,339,0.66642,3.3528,0.24034
kda,340,0.66839,3.3356,0.21128
kda,341,0.67035,3.3103,0.22551
kda,342,0.67232,3.3024,0.23864
kda,343,0.67428,3.2798,0.23851
kda,344,0.67625,3.3067,0.21979
kda,345,0.67821,3.3351,0.23342
kda,346,0.68018,3.3252,0.22213
kda,347,0.68215,3.2667,0.21427
kda,348,0.68411,3.3019,0.20897
kda,349,0.68608,3.3069,0.20834
kda,350,0.68804,3.2762,0.24711
kda,351,0.69001,3.314,0.25442
kda,352,0.69198,3.2837,0.21958
kda,353,0.69394,3.3178,0.20528
kda,354,0.69591,3.2632,0.17199
kda,355,0.69787,3.2858,0.19894
kda,356,0.69984,3.2581,0.20325
kda,357,0.7018,3.2998,0.19188
kda,358,0.70377,3.2611,0.21349
kda,359,0.70574,3.2509,0.22412
kda,360,0.7077,3.2747,0.1993
kda,361,0.70967,3.2773,0.20969
kda,362,0.71163,3.2706,0.21416
kda,363,0.7136,3.2833,0.22712
kda,364,0.71557,3.2753,0.22196
kda,365,0.71753,3.2494,0.19926
kda,366,0.7195,3.277,0.21275
kda,367,0.72146,3.2989,0.21474
kda,368,0.72343,3.3164,0.21208
kda,369,0.72539,3.2479,0.17363
kda,370,0.72736,3.2842,0.18543
kda,371,0.72933,3.2577,0.1914
kda,372,0.73129,3.2313,0.22311
kda,373,0.73326,3.2449,0.22821
kda,374,0.73522,3.2571,0.22306
kda,375,0.73719,3.2544,0.21547
kda,376,0.73916,3.2677,0.24526
kda,377,0.74112,3.2006,0.24695
kda,378,0.74309,3.2455,0.20177
kda,379,0.74505,3.3061,0.19943
kda,380,0.74702,3.2179,0.19638
kda,381,0.74899,3.214,0.21469
kda,382,0.75095,3.2525,0.19763
kda,383,0.75292,3.2271,0.17715
kda,384,0.75488,3.2241,0.19146
kda,385,0.75685,3.2142,0.23163
kda,386,0.75881,3.2032,0.23358
kda,387,0.76078,3.2176,0.21116
kda,388,0.76275,3.1967,0.21255
kda,389,0.76471,3.2399,0.19815
kda,390,0.76668,3.2379,0.19215
kda,391,0.76864,3.2108,0.19632
kda,392,0.77061,3.1701,0.19147
kda,393,0.77258,3.2324,0.1767
kda,394,0.77454,3.2237,0.19248
kda,395,0.77651,3.2549,0.21071
kda,396,0.77847,3.166,0.21633
kda,397,0.78044,3.1887,0.18161
kda,398,0.7824,3.266,0.17798
kda,399,0.78437,3.184,0.15796
kda,400,0.78634,3.1917,0.172
kda,401,0.7883,3.2015,0.1907
kda,402,0.79027,3.1934,0.18997
kda,403,0.79223,3.2062,0.19954
kda,404,0.7942,3.1868,0.20154
kda,405,0.79617,3.3262,0.20344
kda,406,0.79813,3.1512,0.18122
kda,407,0.8001,3.1849,0.19492
kda,408,0.80206,3.1907,0.20749
kda,409,0.80403,3.1982,0.20873
kda,410,0.80599,3.2251,0.20644
kda,411,0.80796,3.189,0.19937
kda,412,0.80993,3.2005,0.18036
kda,413,0.81189,3.2062,0.17286
kda,414,0.81386,3.1824,0.17845
kda,415,0.81582,3.1676,0.18666
kda,416,0.81779,3.1705,0.1803
kda,417,0.81976,3.1872,0.16486
kda,418,0.82172,3.1836,0.15677
kda,419,0.82369,3.2016,0.17443
kda,420,0.82565,3.1397,0.19314
kda,421,0.82762,3.1765,0.19071
kda,422,0.82958,3.172,0.20832
kda,423,0.83155,3.1675,0.20669
kda,424,0.83352,3.1733,0.18835
kda,425,0.83548,3.1858,0.18828
kda,426,0.83745,3.2079,0.19654
kda,427,0.83941,3.1753,0.18005
kda,428,0.84138,3.2176,0.16612
kda,429,0.84335,3.1974,0.15526
kda,430,0.84531,3.1766,0.16185
kda,431,0.84728,3.1625,0.16872
kda,432,0.84924,3.155,0.17341
kda,433,0.85121,3.2576,0.19019
kda,434,0.85317,3.1461,0.21117
kda,435,0.85514,3.1869,0.20318
kda,436,0.85711,3.1717,0.17871
kda,437,0.85907,3.1929,0.16354
kda,438,0.86104,3.1822,0.16765
kda,439,0.863,3.1493,0.1683
kda,440,0.86497,3.1358,0.16802
kda,441,0.86694,3.2182,0.14896
kda,442,0.8689,3.1775,0.14655
kda,443,0.87087,3.1751,0.15305
kda,444,0.87283,3.1882,0.18988
kda,445,0.8748,3.1292,0.1973
kda,446,0.87676,3.1305,0.1802
kda,447,0.87873,3.1598,0.15897
kda,448,0.8807,3.1254,0.17285
kda,449,0.88266,3.175,0.20315
kda,450,0.88463,3.1991,0.19814
kda,451,0.88659,3.1461,0.15525
kda,452,0.88856,3.1254,0.1462
kda,453,0.89053,3.1621,0.16412
kda,454,0.89249,3.1283,0.17706
kda,455,0.89446,3.1555,0.17694
kda,456,0.89642,3.1822,0.16917
kda,457,0.89839,3.1281,0.14313
kda,458,0.90035,3.1284,0.12984
kda,459,0.90232,3.1364,0.16589
kda,460,0.90429,3.1561,0.19815
kda,461,0.90625,3.1367,0.18684
kda,462,0.90822,3.1401,0.16766
kda,463,0.91018,3.1277,0.14669
kda,464,0.91215,3.1425,0.14804
kda,465,0.91412,3.1393,0.15096
kda,466,0.91608,3.1379,0.13533
kda,467,0.91805,3.1461,0.13886
kda,468,0.92001,3.1064,0.16685
kda,469,0.92198,3.1307,0.1894
kda,470,0.92394,3.1517,0.18526
kda,471,0.92591,3.1449,0.16153
kda,472,0.92788,3.1416,0.15304
kda,473,0.92984,3.1309,0.15026
kda,474,0.93181,3.1504,0.19097
kda,475,0.93377,3.1037,0.16423
kda,476,0.93574,3.1326,0.15181
kda,477,0.93771,3.1319,0.14576
kda,478,0.93967,3.1275,0.14325
kda,479,0.94164,3.1371,0.1686
kda,480,0.9436,3.145,0.17046
kda,481,0.94557,3.1286,0.16316
kda,482,0.94753,3.1302,0.17643
kda,483,0.9495,3.0864,0.18239
kda,484,0.95147,3.1166,0.15686
kda,485,0.95343,3.1205,0.1586
kda,486,0.9554,3.1108,0.1714
kda,487,0.95736,3.0927,0.17716
kda,488,0.95933,3.1413,0.16805
kda,489,0.9613,3.1003,0.17194
kda,490,0.96326,3.0709,0.16485
kda,491,0.96523,3.075,0.17507
kda,492,0.96719,3.0872,0.16424
kda,493,0.96916,3.1074,0.14245
kda,494,0.97112,3.0979,0.14724
kda,495,0.97309,3.0628,0.15105
kda,496,0.97506,3.0794,0.14746
kda,497,0.97702,3.081,0.15221
kda,498,0.97899,3.1095,0.15111
kda,499,0.98095,3.0967,0.15505
kda,500,0.98292,3.0727,0.17763
kda,501,0.98489,3.0829,0.18062
kda,502,0.98685,3.1026,0.1721
kda,503,0.98882,3.0922,0.15734
kda,504,0.99078,3.0791,0.15791
kda,505,0.99275,3.1224,0.15276
kda,506,0.99472,3.1042,0.16426
kda,507,0.99668,3.0868,0.15856
kda,508,0.99865,3.0917,0.15712
kda,509,1.0006,3.0837,0.16037
kda,510,1.0026,3.1189,0.16333
kda,511,1.0045,3.0959,0.15851
kda,512,1.0065,3.0614,0.14328
kda,513,1.0085,3.0837,0.15391
kda,514,1.0104,3.055,0.16126
kda,515,1.0124,3.0721,0.15915
kda,516,1.0144,3.0664,0.15165
kda,517,1.0163,3.0488,0.15105
kda,518,1.0183,3.0861,0.1488
kda,519,1.0203,3.1247,0.13535
kda,520,1.0222,3.0502,0.14087
kda,521,1.0242,3.0795,0.14483
kda,522,1.0262,3.0639,0.14388
kda,523,1.0281,3.0891,0.1465
kda,524,1.0301,3.0688,0.15204
kda,525,1.0321,3.1261,0.14868
kda,526,1.034,3.0628,0.13851
kda,527,1.036,3.0531,0.15092
kda,528,1.038,3.0832,0.16818
kda,529,1.0399,3.0829,0.17775
kda,530,1.0419,3.0353,0.17277
kda,531,1.0439,3.0569,0.16562
kda,532,1.0458,3.041,0.15653
kda,533,1.0478,3.0421,0.13785
kda,534,1.0498,3.0641,0.12929
kda,535,1.0517,3.0688,0.142
kda,536,1.0537,3.0732,0.14089
kda,537,1.0557,3.0688,0.13691
kda,538,1.0576,3.0857,0.13131
kda,539,1.0596,3.0584,0.1324
kda,540,1.0616,3.0547,0.15198
kda,541,1.0635,3.0738,0.16556
kda,542,1.0655,3.0403,0.15417
kda,543,1.0675,3.0645,0.13894
kda,544,1.0694,3.0433,0.14245
kda,545,1.0714,3.0632,0.14998
kda,546,1.0733,3.0339,0.15541
kda,547,1.0753,3.0499,0.13656
kda,548,1.0773,3.0592,0.13853
kda,549,1.0792,3.0306,0.14631
kda,550,1.0812,3.0798,0.15035
kda,551,1.0832,3.0339,0.1456
kda,552,1.0851,3.0439,0.14598
kda,553,1.0871,3.0767,0.14312
kda,554,1.0891,3.0546,0.13731
kda,555,1.091,3.0104,0.12875
kda,556,1.093,3.0592,0.12233
kda,557,1.095,3.0524,0.13131
kda,558,1.0969,3.03,0.13872
kda,559,1.0989,3.0556,0.13917
kda,560,1.1009,3.0502,0.13987
kda,561,1.1028,3.0565,0.16083
kda,562,1.1048,3.0201,0.14967
kda,563,1.1068,3.0319,0.12969
kda,564,1.1087,3.0498,0.13939
kda,565,1.1107,3.0259,0.14906
kda,566,1.1127,3.0291,0.15407
kda,567,1.1146,3.0738,0.15288
kda,568,1.1166,3.0359,0.14526
kda,569,1.1186,3.0628,0.14131
kda,570,1.1205,3.0429,0.14137
kda,571,1.1225,3.0311,0.14542
kda,572,1.1245,2.9879,0.13501
kda,573,1.1264,3.0599,0.1354
kda,574,1.1284,3.0294,0.12743
kda,575,1.1304,3.0114,0.14274
kda,576,1.1323,3.0328,0.14445
kda,577,1.1343,2.9996,0.13108
kda,578,1.1363,3.0362,0.13282
kda,579,1.1382,3.0027,0.13448
kda,580,1.1402,2.989,0.13719
kda,581,1.1422,3.0288,0.13757
kda,582,1.1441,3.0335,0.13488
kda,583,1.1461,2.9966,0.12917
kda,584,1.1481,3.0121,0.12352
kda,585,1.15,2.9742,0.13457
kda,586,1.152,3.0327,0.13638
kda,587,1.1539,2.9968,0.13968
kda,588,1.1559,3.0017,0.13958
kda,589,1.1579,3.0295,0.14021
kda,590,1.1598,3.0353,0.12412
kda,591,1.1618,3.0545,0.12158
kda,592,1.1638,3.0301,0.1281
kda,593,1.1657,2.9868,0.13323
kda,594,1.1677,3.0608,0.12689
kda,595,1.1697,2.9997,0.11123
kda,596,1.1716,3.0117,0.1083
kda,597,1.1736,2.9919,0.12121
kda,598,1.1756,3.0218,0.13522
kda,599,1.1775,3.0373,0.2097
kda,600,1.1795,3.0027,0.14323
kda,601,1.1815,3.0359,0.14557
kda,602,1.1834,3.0265,0.13978
kda,603,1.1854,3.0033,0.12451
kda,604,1.1874,2.9899,0.13025
kda,605,1.1893,3.0534,0.12872
kda,606,1.1913,3.0261,0.13802
kda,607,1.1933,3.042,0.1531
kda,608,1.1952,3.0619,0.16369
kda,609,1.1972,3.0643,0.14775
kda,610,1.1992,2.9736,0.13524
kda,611,1.2011,3.0128,0.13981
kda,612,1.2031,3.0156,0.13911
kda,613,1.2051,3.0015,0.14272
kda,614,1.207,3.0306,0.16115
kda,615,1.209,2.987,0.11184
kda,616,1.211,2.9907,0.11783
kda,617,1.2129,3.011,0.12253
kda,618,1.2149,2.9833,0.12732
kda,619,1.2169,2.9676,0.13746
kda,620,1.2188,2.9945,0.13411
kda,621,1.2208,2.9755,0.12479
kda,622,1.2228,2.992,0.13027
kda,623,1.2247,3.0347,0.1357
kda,624,1.2267,3.0098,0.14246
kda,625,1.2287,3.02,0.13995
kda,626,1.2306,2.974,0.1337
kda,627,1.2326,2.9834,0.12145
kda,628,1.2345,2.9832,0.11789
kda,629,1.2365,3.0173,0.12625
kda,630,1.2385,2.9669,0.12546
kda,631,1.2404,2.9662,0.13442
kda,632,1.2424,2.975,0.13195
kda,633,1.2444,3.0283,0.13351
kda,634,1.2463,2.9894,0.13253
kda,635,1.2483,2.9804,0.13849
kda,636,1.2503,2.9877,0.1341
kda,637,1.2522,2.9478,0.11979
kda,638,1.2542,2.9801,0.11945
kda,639,1.2562,3.0412,0.12764
kda,640,1.2581,2.9751,0.12043
kda,641,1.2601,2.9842,0.13114
kda,642,1.2621,2.9806,0.13146
kda,643,1.264,2.9835,0.13182
kda,644,1.266,2.9714,0.12662
kda,645,1.268,2.9876,0.12961
kda,646,1.2699,2.996,0.12826
kda,647,1.2719,2.9806,0.13008
kda,648,1.2739,2.9668,0.14423
kda,649,1.2758,2.9893,0.16045
kda,650,1.2778,3.01,0.14392
kda,651,1.2798,2.9879,0.12593
kda,652,1.2817,2.953,0.12447
kda,653,1.2837,2.9705,0.12162
kda,654,1.2857,2.964,0.12956
kda,655,1.2876,2.9524,0.14046
kda,656,1.2896,2.9457,0.15144
kda,657,1.2916,2.999,0.13356
kda,658,1.2935,2.9705,0.12063
kda,659,1.2955,2.9693,0.11902
kda,660,1.2975,2.9924,0.126
kda,661,1.2994,2.9713,0.13374
kda,662,1.3014,2.9594,0.12736
kda,663,1.3034,2.9869,0.12325
kda,664,1.3053,2.9517,0.1168
kda,665,1.3073,2.9712,0.12154
kda,666,1.3092,2.9409,0.13543
kda,667,1.3112,2.9621,0.1433
kda,668,1.3132,2.9785,0.1362
kda,669,1.3151,2.9789,0.13806
kda,670,1.3171,2.9626,0.14168
kda,671,1.3191,2.9406,0.14526
kda,672,1.321,2.9483,0.13742
kda,673,1.323,2.9419,0.12514
kda,674,1.325,2.9747,0.13043
kda,675,1.3269,2.9706,0.12322
kda,676,1.3289,2.9592,0.12079
kda,677,1.3309,2.9677,0.11861
kda,678,1.3328,2.9863,0.11867
kda,679,1.3348,2.9677,0.12594
kda,680,1.3368,2.9655,0.12957
kda,681,1.3387,2.9632,0.12424
kda,682,1.3407,2.9281,0.12622
kda,683,1.3427,3.0296,0.1223
kda,684,1.3446,2.9845,0.11611
kda,685,1.3466,2.9459,0.10415
kda,686,1.3486,2.9479,0.11679
kda,687,1.3505,2.9733,0.12915
kda,688,1.3525,2.9655,0.13309
kda,689,1.3545,2.9457,0.13401
kda,690,1.3564,2.9345,0.12609
kda,691,1.3584,2.9217,0.12454
kda,692,1.3604,2.9662,0.12242
kda,693,1.3623,2.9472,0.11741
kda,694,1.3643,2.9448,0.11727
kda,695,1.3663,2.9408,0.11953
kda,696,1.3682,2.9472,0.12314
kda,697,1.3702,2.9214,0.12501
kda,698,1.3722,2.918,0.12268
kda,699,1.3741,2.9354,0.12471
kda,700,1.3761,2.9274,0.12672
kda,701,1.3781,2.963,0.12388
kda,702,1.38,2.9374,0.1296
kda,703,1.382,2.9416,0.13496
kda,704,1.384,2.9795,0.12491
kda,705,1.3859,2.9549,0.1146
kda,706,1.3879,2.9399,0.11787
kda,707,1.3898,2.9555,0.11649
kda,708,1.3918,2.9342,0.11986
kda,709,1.3938,2.9424,0.12803
kda,710,1.3957,2.9563,0.12648
kda,711,1.3977,2.9262,0.11485
kda,712,1.3997,2.9565,0.11655
kda,713,1.4016,2.9692,0.11422
kda,714,1.4036,2.924,0.11733
kda,715,1.4056,2.948,0.11228
kda,716,1.4075,2.9605,0.11024
kda,717,1.4095,2.9302,0.098488
kda,718,1.4115,2.9442,0.099017
kda,719,1.4134,2.965,0.11622
kda,720,1.4154,2.9196,0.12203
kda,721,1.4174,2.9743,0.12875
kda,722,1.4193,2.9102,0.13046
kda,723,1.4213,2.9306,0.12677
kda,724,1.4233,2.9418,0.12042
kda,725,1.4252,2.9252,0.12603
kda,726,1.4272,2.9464,0.13845
kda,727,1.4292,2.9551,0.13555
kda,728,1.4311,2.9352,0.13314
kda,729,1.4331,2.9162,0.13562
kda,730,1.4351,2.9764,0.1311
kda,731,1.437,2.9235,0.12001
kda,732,1.439,2.9348,0.12339
kda,733,1.441,2.9412,0.11831
kda,734,1.4429,2.9316,0.11691
kda,735,1.4449,2.9265,0.12162
kda,736,1.4469,2.9658,0.11806
kda,737,1.4488,2.9308,0.1167
kda,738,1.4508,2.9644,0.11907
kda,739,1.4528,2.9293,0.11818
kda,740,1.4547,2.9354,0.11975
kda,741,1.4567,2.919,0.1244
kda,742,1.4587,2.9533,0.122
kda,743,1.4606,2.913,0.11724
kda,744,1.4626,2.9417,0.11819
kda,745,1.4646,2.9135,0.12485
kda,746,1.4665,2.9142,0.11456
kda,747,1.4685,2.9487,0.10783
kda,748,1.4704,2.8953,0.10607
kda,749,1.4724,2.9009,0.11242
kda,750,1.4744,2.9212,0.11165
kda,751,1.4763,2.9541,0.10973
kda,752,1.4783,2.8904,0.11502
kda,753,1.4803,2.8673,0.1152
kda,754,1.4822,2.9488,0.10299
kda,755,1.4842,2.9232,0.10404
kda,756,1.4862,2.93,0.10825
kda,757,1.4881,2.9397,0.12865
kda,758,1.4901,2.939,0.11157
kda,759,1.4921,2.8777,0.10269
kda,760,1.494,2.9198,0.10549
kda,761,1.496,2.9261,0.10565
kda,762,1.498,3.0004,0.10863
kda,763,1.4999,2.9162,0.098717
kda,764,1.5019,2.9373,0.10742
kda,765,1.5039,2.9685,0.11302
kda,766,1.5058,2.9625,0.1147
kda,767,1.5078,2.9286,0.1096
kda,768,1.5098,2.8948,0.11768
kda,769,1.5117,2.8883,0.11775
kda,770,1.5137,2.9217,0.11638
kda,771,1.5157,2.9034,0.11374
kda,772,1.5176,2.9357,0.12015
kda,773,1.5196,2.9381,0.11829
kda,774,1.5216,2.9108,0.12226
kda,775,1.5235,2.8925,0.12526
kda,776,1.5255,2.8804,0.12133
kda,777,1.5275,2.9134,0.11047
kda,778,1.5294,2.9048,0.11223
kda,779,1.5314,2.8687,0.10565
kda,780,1.5334,2.8989,0.10265
kda,781,1.5353,2.9403,0.099112
kda,782,1.5373,2.9215,0.10302
kda,783,1.5393,2.9286,0.10614
kda,784,1.5412,2.898,0.10864
kda,785,1.5432,2.9238,0.11388
kda,786,1.5452,2.8896,0.11736
kda,787,1.5471,2.9234,0.11046
kda,788,1.5491,2.8813,0.10872
kda,789,1.551,2.8883,0.11399
kda,790,1.553,2.9168,0.11048
kda,791,1.555,2.8967,0.10533
kda,792,1.5569,2.9481,0.1057
kda,793,1.5589,2.8604,0.11952
kda,794,1.5609,2.8967,0.12748
kda,795,1.5628,2.9116,0.12316
kda,796,1.5648,2.882,0.11469
kda,797,1.5668,2.9296,0.11841
kda,798,1.5687,2.8913,0.11146
kda,799,1.5707,2.9126,0.10962
kda,800,1.5727,2.9145,0.11758
kda,801,1.5746,2.9202,0.12697
kda,802,1.5766,2.8709,0.11303
kda,803,1.5786,2.871,0.11088
kda,804,1.5805,2.882,0.11026
kda,805,1.5825,2.8797,0.11549
kda,806,1.5845,2.9228,0.11649
kda,807,1.5864,2.8891,0.11129
kda,808,1.5884,2.9551,0.10376
kda,809,1.5904,2.8726,0.10058
kda,810,1.5923,2.9169,0.11381
kda,811,1.5943,2.9508,0.12504
kda,812,1.5963,2.9008,0.11176
kda,813,1.5982,2.8975,0.10758
kda,814,1.6002,2.8798,0.1107
kda,815,1.6022,2.8575,0.097872
kda,816,1.6041,2.8983,0.10123
kda,817,1.6061,2.8802,0.10267
kda,818,1.6081,2.9139,0.10502
kda,819,1.61,2.8902,0.11427
kda,820,1.612,2.8958,0.11148
kda,821,1.614,2.9223,0.10829
kda,822,1.6159,2.8688,0.10131
kda,823,1.6179,2.9292,0.10266
kda,824,1.6199,2.8755,0.11207
kda,825,1.6218,2.8805,0.11464
kda,826,1.6238,2.9057,0.13254
kda,827,1.6257,2.8678,0.12318
kda,828,1.6277,2.8976,0.11565
kda,829,1.6297,2.8867,0.11782
kda,830,1.6316,2.8951,0.10718
kda,831,1.6336,2.8706,0.10102
kda,832,1.6356,2.893,0.10612
kda,833,1.6375,2.8919,0.11778
kda,834,1.6395,2.8759,0.11389
kda,835,1.6415,2.9053,0.10706
kda,836,1.6434,2.9015,0.10746
kda,837,1.6454,2.9213,0.10591
kda,838,1.6474,2.8855,0.106
kda,839,1.6493,2.8707,0.11061
kda,840,1.6513,2.8732,0.10999
kda,841,1.6533,2.8777,0.103
kda,842,1.6552,2.8876,0.10388
kda,843,1.6572,2.8731,0.10605
kda,844,1.6592,2.883,0.11217
kda,845,1.6611,2.8721,0.11508
kda,846,1.6631,2.8836,0.11841
kda,847,1.6651,2.8779,0.11768
kda,848,1.667,2.9031,0.10734
kda,849,1.669,2.8821,0.10364
kda,850,1.671,2.9137,0.10597
kda,851,1.6729,2.8624,0.10086
kda,852,1.6749,2.8658,0.092313
kda,853,1.6769,2.8269,0.091442
kda,854,1.6788,2.8595,0.095638
kda,855,1.6808,2.8563,0.099374
kda,856,1.6828,2.883,0.10891
kda,857,1.6847,2.8766,0.10491
kda,858,1.6867,2.8665,0.10188
kda,859,1.6887,2.9391,0.10571
kda,860,1.6906,2.8573,0.10448
kda,861,1.6926,2.8605,0.10872
kda,862,1.6946,2.8903,0.11655
kda,863,1.6965,2.8939,0.10559
kda,864,1.6985,2.8883,0.099529
kda,865,1.7005,2.8648,0.099376
kda,866,1.7024,2.8695,0.10039
kda,867,1.7044,2.8971,0.1008
kda,868,1.7063,2.8527,0.10219
kda,869,1.7083,2.8747,0.097341
kda,870,1.7103,2.8539,0.093638
kda,871,1.7122,2.8766,0.095986
kda,872,1.7142,2.8834,0.10655
kda,873,1.7162,2.8925,0.11751
kda,874,1.7181,2.9103,0.12086
kda,875,1.7201,2.8922,0.10702
kda,876,1.7221,2.8779,0.11055
kda,877,1.724,2.8864,0.097589
kda,878,1.726,2.8812,0.091252
kda,879,1.728,2.8927,0.097884
kda,880,1.7299,2.8678,0.10559
kda,881,1.7319,2.8449,0.10862
kda,882,1.7339,2.884,0.10992
kda,883,1.7358,2.8675,0.10854
kda,884,1.7378,2.886,0.10583
kda,885,1.7398,2.8532,0.10644
kda,886,1.7417,2.904,0.10591
kda,887,1.7437,2.8659,0.10642
kda,888,1.7457,2.8681,0.10185
kda,889,1.7476,2.8599,0.10551
kda,890,1.7496,2.8797,0.1013
kda,891,1.7516,2.8576,0.10478
kda,892,1.7535,2.8549,0.1069
kda,893,1.7555,2.8627,0.10433
kda,894,1.7575,2.859,0.10663
kda,895,1.7594,2.8332,0.10491
kda,896,1.7614,2.8785,0.096977
kda,897,1.7634,2.8541,0.097226
kda,898,1.7653,2.8667,0.091749
kda,899,1.7673,2.8503,0.10161
kda,900,1.7693,2.8668,0.11475
kda,901,1.7712,2.8452,0.1188
kda,902,1.7732,2.8848,0.11768
kda,903,1.7752,2.8685,0.11863
kda,904,1.7771,2.8447,0.11107
kda,905,1.7791,2.8231,0.10231
kda,906,1.7811,2.8334,0.095856
kda,907,1.783,2.8824,0.09849
kda,908,1.785,2.8533,0.15589
kda,909,1.7869,2.8585,0.10835
kda,910,1.7889,2.8659,0.10607
kda,911,1.7909,2.862,0.10697
kda,912,1.7928,2.8245,0.10451
kda,913,1.7948,2.8944,0.10463
kda,914,1.7968,2.8461,0.10335
kda,915,1.7987,2.8727,0.099686
kda,916,1.8007,2.8584,0.10265
kda,917,1.8027,2.8729,0.11085
kda,918,1.8046,2.8456,0.10918
kda,919,1.8066,2.8229,0.11047
kda,920,1.8086,2.8501,0.099566
kda,921,1.8105,2.8631,0.095347
kda,922,1.8125,2.8455,0.096977
kda,923,1.8145,2.8556,0.096317
kda,924,1.8164,2.8498,0.09536
kda,925,1.8184,2.8422,0.10209
kda,926,1.8204,2.8825,0.10937
kda,927,1.8223,2.8908,0.10562
kda,928,1.8243,2.8668,0.10261
kda,929,1.8263,2.8347,0.10454
kda,930,1.8282,2.8749,0.098769
kda,931,1.8302,2.8824,0.1007
kda,932,1.8322,2.8927,0.094614
kda,933,1.8341,2.8804,0.095923
kda,934,1.8361,2.8737,0.1019
kda,935,1.8381,2.8383,0.10715
kda,936,1.84,2.8596,0.10459
kda,937,1.842,2.8354,0.10501
kda,938,1.844,2.8561,0.10227
kda,939,1.8459,2.8585,0.093794
kda,940,1.8479,2.8711,0.10128
kda,941,1.8499,2.836,0.098315
kda,942,1.8518,2.8297,0.093814
kda,943,1.8538,2.9122,0.096381
kda,944,1.8558,2.815,0.096278
kda,945,1.8577,2.8536,0.1006
kda,946,1.8597,2.8852,0.095675
kda,947,1.8617,2.8399,0.10115
kda,948,1.8636,2.8316,0.094949
kda,949,1.8656,2.8433,0.10263
kda,950,1.8675,2.899,0.11768
kda,951,1.8695,2.8381,0.10058
kda,952,1.8715,2.8312,0.091233
kda,953,1.8734,2.8419,0.099992
kda,954,1.8754,2.8634,0.10589
kda,955,1.8774,2.8405,0.1038
kda,956,1.8793,2.8238,0.097733
kda,957,1.8813,2.8304,0.1044
kda,958,1.8833,2.8658,0.10467
kda,959,1.8852,2.8314,0.098539
kda,960,1.8872,2.8693,0.10156
kda,961,1.8892,2.823,0.1046
kda,962,1.8911,2.8385,0.1095
kda,963,1.8931,2.8353,0.11495
kda,964,1.8951,2.8333,0.11013
kda,965,1.897,2.8257,0.10319
kda,966,1.899,2.9137,0.10591
kda,967,1.901,2.8313,0.095018
kda,968,1.9029,2.8374,0.10174
kda,969,1.9049,2.8222,0.11794
kda,970,1.9069,2.8425,0.11343
kda,971,1.9088,2.8154,0.10453
kda,972,1.9108,2.837,0.1054
kda,973,1.9128,2.8551,0.099333
kda,974,1.9147,2.8291,0.092397
kda,975,1.9167,2.7478,0.092966
kda,976,1.9187,2.8442,0.090227
kda,977,1.9206,2.8045,0.08958
kda,978,1.9226,2.8035,0.093082
kda,979,1.9246,2.8346,0.10109
kda,980,1.9265,2.8368,0.10034
kda,981,1.9285,2.8399,0.10107
kda,982,1.9305,2.8393,0.094414
kda,983,1.9324,2.8244,0.095901
kda,984,1.9344,2.8421,0.099816
kda,985,1.9364,2.8365,0.095302
kda,986,1.9383,2.8474,0.094192
kda,987,1.9403,2.8661,0.099503
kda,988,1.9422,2.8355,0.10615
kda,989,1.9442,2.8239,0.10649
kda,990,1.9462,2.8239,0.099958
kda,991,1.9481,2.8037,0.11127
kda,992,1.9501,2.8273,0.09602
kda,993,1.9521,2.8285,0.083749
kda,994,1.954,2.8474,0.086909
kda,995,1.956,2.8618,0.096883
kda,996,1.958,2.7886,0.098008
kda,997,1.9599,2.8745,0.092739
kda,998,1.9619,2.8589,0.099302
kda,999,1.9639,2.8114,0.10754
kda,1000,1.9658,2.8065,0.10899
kda,1001,1.9678,2.8636,0.10957
kda,1002,1.9698,2.832,0.10627
kda,1003,1.9717,2.8406,0.10516
kda,1004,1.9737,2.8007,0.097901
kda,1005,1.9757,2.836,0.097706
kda,1006,1.9776,2.8072,0.099625
kda,1007,1.9796,2.8396,0.099826
kda,1008,1.9816,2.8437,0.10411
kda,1009,1.9835,2.8253,0.096152
kda,1010,1.9855,2.8172,0.10122
kda,1011,1.9875,2.7917,0.095854
kda,1012,1.9894,2.8368,0.090705
kda,1013,1.9914,2.8397,0.088912
kda,1014,1.9934,2.8075,0.095291
kda,1015,1.9953,2.8205,0.10013
kda,1016,1.9973,2.8313,0.1019
kda,1017,1.9993,2.8112,0.11196
kda,1018,2.0012,2.801,0.11234
kda,1019,2.0032,2.792,0.10585
kda,1020,2.0052,2.8462,0.10177
kda,1021,2.0071,2.8728,0.10354
kda,1022,2.0091,2.8336,0.09298
kda,1023,2.0111,2.8425,0.095268
kda,1024,2.013,2.805,0.096933
kda,1025,2.015,2.8096,0.09862
kda,1026,2.017,2.8349,0.095307
kda,1027,2.0189,2.8522,0.099326
kda,1028,2.0209,2.8421,0.097468
kda,1029,2.0228,2.8083,0.095593
kda,1030,2.0248,2.7986,0.095991
kda,1031,2.0268,2.8274,0.094076
kda,1032,2.0287,2.8218,0.087923
kda,1033,2.0307,2.7768,0.093643
kda,1034,2.0327,2.8068,0.095831
kda,1035,2.0346,2.8099,0.10118
kda,1036,2.0366,2.8129,0.099379
kda,1037,2.0386,2.8011,0.096357
kda,1038,2.0405,2.7902,0.091968
kda,1039,2.0425,2.8138,0.094608
kda,1040,2.0445,2.8039,0.092862
kda,1041,2.0464,2.784,0.086853
kda,1042,2.0484,2.8135,0.086958
kda,1043,2.0504,2.7977,0.088952
kda,1044,2.0523,2.8345,0.091419
kda,1045,2.0543,2.833,0.093735
kda,1046,2.0563,2.8289,0.095131
kda,1047,2.0582,2.8154,0.09713
kda,1048,2.0602,2.813,0.10122
kda,1049,2.0622,2.8266,0.098334
kda,1050,2.0641,2.7905,0.094141
kda,1051,2.0661,2.8052,0.093279
kda,1052,2.0681,2.7874,0.090057
kda,1053,2.07,2.787,0.089915
kda,1054,2.072,2.8186,0.090617
kda,1055,2.074,2.8213,0.093417
kda,1056,2.0759,2.82,0.10027
kda,1057,2.0779,2.8148,0.10534
kda,1058,2.0799,2.8308,0.105
kda,1059,2.0818,2.7983,0.10533
kda,1060,2.0838,2.7563,0.097658
kda,1061,2.0858,2.8222,0.099251
kda,1062,2.0877,2.8266,0.095101
kda,1063,2.0897,2.8067,0.094041
kda,1064,2.0917,2.8046,0.096175
kda,1065,2.0936,2.8039,0.093253
kda,1066,2.0956,2.7994,0.096525
kda,1067,2.0976,2.8206,0.10329
kda,1068,2.0995,2.8594,0.10078
kda,1069,2.1015,2.775,0.098336
kda,1070,2.1034,2.8075,0.095867
kda,1071,2.1054,2.8103,0.091049
kda,1072,2.1074,2.8058,0.094366
kda,1073,2.1093,2.8189,0.1
kda,1074,2.1113,2.7776,0.0968
kda,1075,2.1133,2.7689,0.089201
kda,1076,2.1152,2.8442,0.096559
kda,1077,2.1172,2.8057,0.099464
kda,1078,2.1192,2.7974,0.093731
kda,1079,2.1211,2.8111,0.092233
kda,1080,2.1231,2.7851,0.096053
kda,1081,2.1251,2.7788,0.093327
kda,1082,2.127,2.8221,0.086249
kda,1083,2.129,2.8486,0.08361
kda,1084,2.131,2.812,0.092076
kda,1085,2.1329,2.772,0.090757
kda,1086,2.1349,2.8304,0.087275
kda,1087,2.1369,2.7755,0.086003
kda,1088,2.1388,2.8012,0.086957
kda,1089,2.1408,2.8099,0.10023
kda,1090,2.1428,2.7468,0.10488
kda,1091,2.1447,2.8077,0.096322
kda,1092,2.1467,2.7904,0.091853
kda,1093,2.1487,2.8551,0.093218
kda,1094,2.1506,2.7911,0.08671
kda,1095,2.1526,2.8063,0.085353
kda,1096,2.1546,2.8056,0.082005
kda,1097,2.1565,2.8074,0.087517
kda,1098,2.1585,2.8168,0.085751
kda,1099,2.1605,2.7789,0.087666
kda,1100,2.1624,2.8095,0.090977
kda,1101,2.1644,2.7883,0.087862
kda,1102,2.1664,2.793,0.084993
kda,1103,2.1683,2.8072,0.088068
kda,1104,2.1703,2.8118,0.083049
kda,1105,2.1723,2.7632,0.093622
kda,1106,2.1742,2.8061,0.097916
kda,1107,2.1762,2.816,0.093555
kda,1108,2.1782,2.8043,0.095261
kda,1109,2.1801,2.7948,0.09067
kda,1110,2.1821,2.8176,0.090416
kda,1111,2.184,2.7715,0.085922
kda,1112,2.186,2.8213,0.08615
kda,1113,2.188,2.8067,0.085907
kda,1114,2.1899,2.8028,0.085502
kda,1115,2.1919,2.7755,0.079605
kda,1116,2.1939,2.7774,0.082741
kda,1117,2.1958,2.7813,0.080205
kda,1118,2.1978,2.7942,0.081835
kda,1119,2.1998,2.7642,0.086856
kda,1120,2.2017,2.7885,0.095435
kda,1121,2.2037,2.8357,0.099304
kda,1122,2.2057,2.8054,0.099203
kda,1123,2.2076,2.7883,0.098697
kda,1124,2.2096,2.7998,0.099023
kda,1125,2.2116,2.8065,0.092564
kda,1126,2.2135,2.7799,0.090172
kda,1127,2.2155,2.7736,0.086851
kda,1128,2.2175,2.8159,0.092492
kda,1129,2.2194,2.7914,0.095961
kda,1130,2.2214,2.7714,0.099346
kda,1131,2.2234,2.7734,0.10394
kda,1132,2.2253,2.7848,0.10219
kda,1133,2.2273,2.7823,0.096149
kda,1134,2.2293,2.7747,0.095395
kda,1135,2.2312,2.8232,0.094809
kda,1136,2.2332,2.8048,0.091543
kda,1137,2.2352,2.7776,0.091277
kda,1138,2.2371,2.787,0.089798
kda,1139,2.2391,2.8071,0.090265
kda,1140,2.2411,2.8305,0.093806
kda,1141,2.243,2.7769,0.093044
kda,1142,2.245,2.7304,0.088899
kda,1143,2.247,2.7657,0.089541
kda,1144,2.2489,2.8027,0.087293
kda,1145,2.2509,2.7787,0.090545
kda,1146,2.2529,2.812,0.095398
kda,1147,2.2548,2.8208,0.091155
kda,1148,2.2568,2.7789,0.090309
kda,1149,2.2588,2.7751,0.10001
kda,1150,2.2607,2.7617,0.094717
kda,1151,2.2627,2.751,0.096464
kda,1152,2.2646,2.7656,0.093477
kda,1153,2.2666,2.8009,0.088464
kda,1154,2.2686,2.762,0.085884
kda,1155,2.2705,2.7822,0.083282
kda,1156,2.2725,2.7617,0.084322
kda,1157,2.2745,2.7507,0.084982
kda,1158,2.2764,2.7949,0.085265
kda,1159,2.2784,2.7648,0.086399
kda,1160,2.2804,2.8223,0.086227
kda,1161,2.2823,2.7761,0.085439
kda,1162,2.2843,2.7783,0.092744
kda,1163,2.2863,2.765,0.089295
kda,1164,2.2882,2.7803,0.090901
kda,1165,2.2902,2.7869,0.089405
kda,1166,2.2922,2.7736,0.088197
kda,1167,2.2941,2.7989,0.088084
kda,1168,2.2961,2.7923,0.083775
kda,1169,2.2981,2.8037,0.08292
kda,1170,2.3,2.7565,0.083108
kda,1171,2.302,2.7865,0.084191
kda,1172,2.304,2.8192,0.095214
kda,1173,2.3059,2.7954,0.10319
kda,1174,2.3079,2.7783,0.10031
kda,1175,2.3099,2.8318,0.097958
kda,1176,2.3118,2.8106,0.09729
kda,1177,2.3138,2.7814,0.090077
kda,1178,2.3158,2.7785,0.090385
kda,1179,2.3177,2.738,0.089519
kda,1180,2.3197,2.7721,0.086638
kda,1181,2.3217,2.7479,0.083801
kda,1182,2.3236,2.7789,0.084543
kda,1183,2.3256,2.7559,0.086187
kda,1184,2.3276,2.8133,0.093304
kda,1185,2.3295,2.7468,0.10015
kda,1186,2.3315,2.7795,0.10003
kda,1187,2.3335,2.8218,0.09371
kda,1188,2.3354,2.7672,0.087229
kda,1189,2.3374,2.8021,0.083466
kda,1190,2.3393,2.764,0.085834
kda,1191,2.3413,2.7816,0.094411
kda,1192,2.3433,2.8418,0.094212
kda,1193,2.3452,2.7693,0.092393
kda,1194,2.3472,2.7372,0.087148
kda,1195,2.3492,2.7905,0.086125
kda,1196,2.3511,2.7537,0.083865
kda,1197,2.3531,2.7255,0.082306
kda,1198,2.3551,2.8048,0.095948
kda,1199,2.357,2.7899,0.085284
kda,1200,2.359,2.7971,0.087118
kda,1201,2.361,2.7539,0.088124
kda,1202,2.3629,2.7714,0.084454
kda,1203,2.3649,2.8105,0.088967
kda,1204,2.3669,2.7588,0.086583
kda,1205,2.3688,2.7675,0.087234
kda,1206,2.3708,2.8367,0.090056
kda,1207,2.3728,2.776,0.094176
kda,1208,2.3747,2.7961,0.095184
kda,1209,2.3767,2.787,0.097655
kda,1210,2.3787,2.7518,0.089819
kda,1211,2.3806,2.7707,0.087343
kda,1212,2.3826,2.7895,0.093324
kda,1213,2.3846,2.7622,0.098706
kda,1214,2.3865,2.8072,0.090469
kda,1215,2.3885,2.7873,0.093452
kda,1216,2.3905,2.7359,0.088964
kda,1217,2.3924,2.7684,0.087059
kda,1218,2.3944,2.7733,0.089739
kda,1219,2.3964,2.7465,0.089368
kda,1220,2.3983,2.7847,0.091756
kda,1221,2.4003,2.7664,0.094407
kda,1222,2.4023,2.7868,0.093584
kda,1223,2.4042,2.7952,0.096124
kda,1224,2.4062,2.7534,0.094161
kda,1225,2.4082,2.7463,0.088768
kda,1226,2.4101,2.7897,0.09136
kda,1227,2.4121,2.746,0.095215
kda,1228,2.4141,2.7576,0.097388
kda,1229,2.416,2.7841,0.088542
kda,1230,2.418,2.7725,0.087622
kda,1231,2.4199,2.8135,0.086741
kda,1232,2.4219,2.7758,0.086602
kda,1233,2.4239,2.8099,0.086461
kda,1234,2.4258,2.7472,0.084304
kda,1235,2.4278,2.7888,0.079604
kda,1236,2.4298,2.7545,0.087483
kda,1237,2.4317,2.776,0.082737
kda,1238,2.4337,2.7347,0.089431
kda,1239,2.4357,2.8273,0.091283
kda,1240,2.4376,2.8207,0.11565
kda,1241,2.4396,2.7869,0.077021
kda,1242,2.4416,2.7521,0.076709
kda,1243,2.4435,2.72,0.083333
kda,1244,2.4455,2.7605,0.087029
kda,1245,2.4475,2.7426,0.087226
kda,1246,2.4494,2.763,0.097385
kda,1247,2.4514,2.7886,0.089306
kda,1248,2.4534,2.7383,0.08533
kda,1249,2.4553,2.7317,0.087001
kda,1250,2.4573,2.7589,0.084372
kda,1251,2.4593,2.7179,0.083019
kda,1252,2.4612,2.7516,0.087647
kda,1253,2.4632,2.7684,0.085519
kda,1254,2.4652,2.7733,0.087408
kda,1255,2.4671,2.7826,0.084702
kda,1256,2.4691,2.7652,0.090634
kda,1257,2.4711,2.7699,0.096312
kda,1258,2.473,2.752,0.096654
kda,1259,2.475,2.7418,0.092588
kda,1260,2.477,2.735,0.096293
kda,1261,2.4789,2.7353,0.10241
kda,1262,2.4809,2.7991,0.095962
kda,1263,2.4829,2.7499,0.092462
kda,1264,2.4848,2.7638,0.087688
kda,1265,2.4868,2.7879,0.083031
kda,1266,2.4888,2.734,0.078172
kda,1267,2.4907,2.7373,0.081784
kda,1268,2.4927,2.7332,0.081754
kda,1269,2.4947,2.7956,0.080064
kda,1270,2.4966,2.7608,0.080639
kda,1271,2.4986,2.7087,0.078875
kda,1272,2.5005,2.7858,0.077961
kda,1273,2.5025,2.7383,0.077427
kda,1274,2.5045,2.7561,0.073728
kda,1275,2.5064,2.7465,0.078909
kda,1276,2.5084,2.7607,0.073975
kda,1277,2.5104,2.7508,0.075307
kda,1278,2.5123,2.7541,0.081814
kda,1279,2.5143,2.7599,0.08155
kda,1280,2.5163,2.7751,0.077273
kda,1281,2.5182,2.7705,0.078159
kda,1282,2.5202,2.7283,0.07966
kda,1283,2.5222,2.8179,0.091405
kda,1284,2.5241,2.7515,0.092413
kda,1285,2.5261,2.7194,0.087636
kda,1286,2.5281,2.7977,0.08864
kda,1287,2.53,2.8035,0.085559
kda,1288,2.532,2.7433,0.086515
kda,1289,2.534,2.7469,0.090404
kda,1290,2.5359,2.7721,0.083714
kda,1291,2.5379,2.7424,0.082436
kda,1292,2.5399,2.7426,0.085464
kda,1293,2.5418,2.776,0.082833
kda,1294,2.5438,2.7602,0.084114
kda,1295,2.5458,2.7097,0.077583
kda,1296,2.5477,2.7261,0.077148
kda,1297,2.5497,2.7333,0.078005
kda,1298,2.5517,2.7078,0.074596
kda,1299,2.5536,2.7279,0.082124
kda,1300,2.5556,2.677,0.086844
kda,1301,2.5576,2.7545,0.087863
kda,1302,2.5595,2.7671,0.08787
kda,1303,2.5615,2.7896,0.082022
kda,1304,2.5635,2.7551,0.080405
kda,1305,2.5654,2.7581,0.08001
kda,1306,2.5674,2.7029,0.082157
kda,1307,2.5694,2.7567,0.0865
kda,1308,2.5713,2.7273,0.087003
kda,1309,2.5733,2.7422,0.086639
kda,1310,2.5753,2.7455,0.086186
kda,1311,2.5772,2.7301,0.080684
kda,1312,2.5792,2.7366,0.078263
kda,1313,2.5811,2.7601,0.086831
kda,1314,2.5831,2.7579,0.086551
kda,1315,2.5851,2.728,0.087715
kda,1316,2.587,2.7388,0.095008
kda,1317,2.589,2.7219,0.091885
kda,1318,2.591,2.7335,0.082104
kda,1319,2.5929,2.753,0.08662
kda,1320,2.5949,2.7606,0.088973
kda,1321,2.5969,2.7844,0.079207
kda,1322,2.5988,2.7657,0.079581
kda,1323,2.6008,2.7893,0.083707
kda,1324,2.6028,2.7377,0.078343
kda,1325,2.6047,2.7275,0.082873
kda,1326,2.6067,2.747,0.089658
kda,1327,2.6087,2.742,0.084609
kda,1328,2.6106,2.7384,0.080179
kda,1329,2.6126,2.728,0.088184
kda,1330,2.6146,2.781,0.089587
kda,1331,2.6165,2.7652,0.082357
kda,1332,2.6185,2.7578,0.081515
kda,1333,2.6205,2.7464,0.086898
kda,1334,2.6224,2.7529,0.076771
kda,1335,2.6244,2.7277,0.074738
kda,1336,2.6264,2.7463,0.078466
kda,1337,2.6283,2.7954,0.081368
kda,1338,2.6303,2.7554,0.078825
kda,1339,2.6323,2.7198,0.081279
kda,1340,2.6342,2.7316,0.07887
kda,1341,2.6362,2.713,0.080087
kda,1342,2.6382,2.7528,0.085455
kda,1343,2.6401,2.7324,0.082747
kda,1344,2.6421,2.7438,0.081926
kda,1345,2.6441,2.7245,0.081914
kda,1346,2.646,2.764,0.085213
kda,1347,2.648,2.7277,0.079753
kda,1348,2.65,2.7439,0.084366
kda,1349,2.6519,2.7612,0.079229
kda,1350,2.6539,2.7114,0.082738
kda,1351,2.6558,2.7336,0.079031
kda,1352,2.6578,2.7719,0.096224
kda,1353,2.6598,2.7162,0.077029
kda,1354,2.6617,2.7183,0.079391
kda,1355,2.6637,2.7407,0.082324
kda,1356,2.6657,2.7276,0.082208
kda,1357,2.6676,2.7268,0.080185
kda,1358,2.6696,2.7524,0.086585
kda,1359,2.6716,2.7443,0.078631
kda,1360,2.6735,2.7296,0.078831
kda,1361,2.6755,2.7269,0.079991
kda,1362,2.6775,2.7367,0.078163
kda,1363,2.6794,2.746,0.076542
kda,1364,2.6814,2.7606,0.080228
kda,1365,2.6834,2.7495,0.081192
kda,1366,2.6853,2.7437,0.085448
kda,1367,2.6873,2.7116,0.078303
kda,1368,2.6893,2.7581,0.079727
kda,1369,2.6912,2.7399,0.081356
kda,1370,2.6932,2.7268,0.087896
kda,1371,2.6952,2.7026,0.08192
kda,1372,2.6971,2.7475,0.075561
kda,1373,2.6991,2.7272,0.071122
kda,1374,2.7011,2.7291,0.075056
kda,1375,2.703,2.7585,0.079998
kda,1376,2.705,2.7145,0.076253
kda,1377,2.707,2.7141,0.072582
kda,1378,2.7089,2.7207,0.077032
kda,1379,2.7109,2.7543,0.085025
kda,1380,2.7129,2.7051,0.082283
kda,1381,2.7148,2.7522,0.085684
kda,1382,2.7168,2.7339,0.08889
kda,1383,2.7188,2.7251,0.083408
kda,1384,2.7207,2.7374,0.085208
kda,1385,2.7227,2.7642,0.084207
kda,1386,2.7247,2.7554,0.083817
kda,1387,2.7266,2.7597,0.079662
kda,1388,2.7286,2.7829,0.085877
kda,1389,2.7306,2.7251,0.086853
kda,1390,2.7325,2.7599,0.081521
kda,1391,2.7345,2.7212,0.078526
kda,1392,2.7364,2.7572,0.081152
kda,1393,2.7384,2.7428,0.078562
kda,1394,2.7404,2.7375,0.076568
kda,1395,2.7423,2.7509,0.07127
kda,1396,2.7443,2.7335,0.071453
kda,1397,2.7463,2.7275,0.074322
kda,1398,2.7482,2.7272,0.076679
kda,1399,2.7502,2.6985,0.077873
kda,1400,2.7522,2.6963,0.084603
kda,1401,2.7541,2.7195,0.087303
kda,1402,2.7561,2.7288,0.088114
kda,1403,2.7581,2.7446,0.08755
kda,1404,2.76,2.7205,0.086654
kda,1405,2.762,2.7262,0.084104
kda,1406,2.764,2.7153,0.082154
kda,1407,2.7659,2.7244,0.079218
kda,1408,2.7679,2.7709,0.081987
kda,1409,2.7699,2.743,0.074621
kda,1410,2.7718,2.7523,0.076001
kda,1411,2.7738,2.7772,0.091227
kda,1412,2.7758,2.7495,0.080379
kda,1413,2.7777,2.7014,0.079292
kda,1414,2.7797,2.7091,0.087259
kda,1415,2.7817,2.7059,0.07594
kda,1416,2.7836,2.7745,0.075602
kda,1417,2.7856,2.7,0.074281
kda,1418,2.7876,2.7186,0.076069
kda,1419,2.7895,2.7327,0.074824
kda,1420,2.7915,2.7372,0.073882
kda,1421,2.7935,2.7239,0.077527
kda,1422,2.7954,2.6805,0.098852
kda,1423,2.7974,2.728,0.076117
kda,1424,2.7994,2.7042,0.079926
kda,1425,2.8013,2.7115,0.089926
kda,1426,2.8033,2.8043,0.084322
kda,1427,2.8053,2.7121,0.078911
kda,1428,2.8072,2.7486,0.078685
kda,1429,2.8092,2.7214,0.077172
kda,1430,2.8112,2.6954,0.075719
kda,1431,2.8131,2.7386,0.0751
kda,1432,2.8151,2.7708,0.079095
kda,1433,2.817,2.7144,0.07625
kda,1434,2.819,2.6988,0.072803
kda,1435,2.821,2.722,0.07523
kda,1436,2.8229,2.7074,0.080388
kda,1437,2.8249,2.8143,0.07813
kda,1438,2.8269,2.7459,0.073805
kda,1439,2.8288,2.7019,0.07665
kda,1440,2.8308,2.7489,0.078895
kda,1441,2.8328,2.7147,0.074675
kda,1442,2.8347,2.7166,0.074441
kda,1443,2.8367,2.6932,0.075797
kda,1444,2.8387,2.699,0.074391
kda,1445,2.8406,2.7315,0.074374
kda,1446,2.8426,2.7351,0.078145
kda,1447,2.8446,2.7224,0.077711
kda,1448,2.8465,2.7003,0.072078
kda,1449,2.8485,2.7258,0.071172
kda,1450,2.8505,2.7235,0.075661
kda,1451,2.8524,2.7219,0.072892
kda,1452,2.8544,2.6947,0.069025
kda,1453,2.8564,2.6923,0.067591
kda,1454,2.8583,2.7273,0.06686
kda,1455,2.8603,2.6911,0.068636
kda,1456,2.8623,2.716,0.070726
kda,1457,2.8642,2.6924,0.079453
kda,1458,2.8662,2.7286,0.08237
kda,1459,2.8682,2.7048,0.076985
kda,1460,2.8701,2.7047,0.074453
kda,1461,2.8721,2.7025,0.073981
kda,1462,2.8741,2.727,0.074825
kda,1463,2.876,2.7422,0.070883
kda,1464,2.878,2.7106,0.076683
kda,1465,2.88,2.7176,0.068964
kda,1466,2.8819,2.7342,0.069402
kda,1467,2.8839,2.7561,0.069809
kda,1468,2.8859,2.7241,0.070227
kda,1469,2.8878,2.6864,0.073443
kda,1470,2.8898,2.7124,0.074457
kda,1471,2.8918,2.7221,0.078089
kda,1472,2.8937,2.728,0.078762
kda,1473,2.8957,2.7355,0.078865
kda,1474,2.8976,2.7257,0.07746
kda,1475,2.8996,2.7268,0.078818
kda,1476,2.9016,2.7105,0.076802
kda,1477,2.9035,2.7499,0.08275
kda,1478,2.9055,2.7757,0.082024
kda,1479,2.9075,2.6833,0.075418
kda,1480,2.9094,2.7084,0.071395
kda,1481,2.9114,2.7303,0.0764
kda,1482,2.9134,2.6927,0.081137
kda,1483,2.9153,2.7483,0.079451
kda,1484,2.9173,2.7018,0.07644
kda,1485,2.9193,2.7288,0.074021
kda,1486,2.9212,2.6887,0.076345
kda,1487,2.9232,2.6979,0.074914
kda,1488,2.9252,2.6803,0.070084
kda,1489,2.9271,2.6712,0.072779
kda,1490,2.9291,2.7004,0.070341
kda,1491,2.9311,2.7088,0.073902
kda,1492,2.933,2.7282,0.069981
kda,1493,2.935,2.695,0.071059
kda,1494,2.937,2.6984,0.071127
kda,1495,2.9389,2.7274,0.074111
kda,1496,2.9409,2.6744,0.072028
kda,1497,2.9429,2.7612,0.072461
kda,1498,2.9448,2.7823,0.077683
kda,1499,2.9468,2.7227,0.080697
kda,1500,2.9488,2.7315,0.075505
kda,1501,2.9507,2.716,0.076253
kda,1502,2.9527,2.7131,0.076781
kda,1503,2.9547,2.7535,0.077356
kda,1504,2.9566,2.7482,0.077775
kda,1505,2.9586,2.7161,0.082782
kda,1506,2.9606,2.7309,0.083401
kda,1507,2.9625,2.7317,0.08477
kda,1508,2.9645,2.7294,0.081134
kda,1509,2.9665,2.6982,0.08128
kda,1510,2.9684,2.6993,0.084745
kda,1511,2.9704,2.7449,0.082623
kda,1512,2.9724,2.738,0.077286
kda,1513,2.9743,2.7265,0.077824
kda,1514,2.9763,2.7881,0.073048
kda,1515,2.9782,2.7328,0.069354
kda,1516,2.9802,2.7418,0.080813
kda,1517,2.9822,2.677,0.071249
kda,1518,2.9841,2.6854,0.068807
kda,1519,2.9861,2.7244,0.066329
kda,1520,2.9881,2.6977,0.07472
kda,1521,2.99,2.6886,0.075784
kda,1522,2.992,2.6889,0.074215
kda,1523,2.994,2.7186,0.073195
kda,1524,2.9959,2.6735,0.07107
kda,1525,2.9979,2.7007,0.071174
kda,1526,2.9999,2.6836,0.076757
kda,1527,3.0018,2.6997,0.074869
kda,1528,3.0038,2.7273,0.070294
kda,1529,3.0058,2.706,0.071253
kda,1530,3.0077,2.7056,0.072256
kda,1531,3.0097,2.6981,0.075259
kda,1532,3.0117,2.7448,0.076617
kda,1533,3.0136,2.7276,0.075364
kda,1534,3.0156,2.7193,0.067413
kda,1535,3.0176,2.7455,0.066347
kda,1536,3.0195,2.7256,0.065551
kda,1537,3.0215,2.7048,0.066951
kda,1538,3.0235,2.7194,0.068965
kda,1539,3.0254,2.6865,0.070304
kda,1540,3.0274,2.7217,0.07535
kda,1541,3.0294,2.7415,0.068008
kda,1542,3.0313,2.6768,0.067166
kda,1543,3.0333,2.7067,0.072326
kda,1544,3.0353,2.671,0.074735
kda,1545,3.0372,2.7084,0.073541
kda,1546,3.0392,2.7136,0.075958
kda,1547,3.0412,2.6979,0.072557
kda,1548,3.0431,2.6737,0.074342
kda,1549,3.0451,2.7365,0.078541
kda,1550,3.0471,2.6822,0.092769
kda,1551,3.049,2.7298,0.067079
kda,1552,3.051,2.6547,0.070141
kda,1553,3.0529,2.7262,0.073872
kda,1554,3.0549,2.6919,0.072792
kda,1555,3.0569,2.7336,0.068198
kda,1556,3.0588,2.7092,0.067835
kda,1557,3.0608,2.6933,0.069122
kda,1558,3.0628,2.6906,0.069362
kda,1559,3.0647,2.672,0.072389
kda,1560,3.0667,2.7019,0.074388
kda,1561,3.0687,2.6736,0.074677
kda,1562,3.0706,2.6855,0.070904
kda,1563,3.0726,2.7205,0.069585
kda,1564,3.0746,2.7215,0.069867
kda,1565,3.0765,2.6767,0.068084
kda,1566,3.0785,2.7086,0.0694
kda,1567,3.0805,2.7116,0.070397
kda,1568,3.0824,2.7341,0.068161
kda,1569,3.0844,2.6712,0.070713
kda,1570,3.0864,2.6935,0.072155
kda,1571,3.0883,2.67,0.069773
kda,1572,3.0903,2.7274,0.067389
kda,1573,3.0923,2.6967,0.095307
kda,1574,3.0942,2.6784,0.082095
kda,1575,3.0962,2.7397,0.085216
kda,1576,3.0982,2.6787,0.067747
kda,1577,3.1001,2.6937,0.065575
kda,1578,3.1021,2.7633,0.06677
kda,1579,3.1041,2.7028,0.072047
kda,1580,3.106,2.6794,0.069322
kda,1581,3.108,2.6891,0.069169
kda,1582,3.11,2.7099,0.072883
kda,1583,3.1119,2.7259,0.072889
kda,1584,3.1139,2.7037,0.073066
kda,1585,3.1159,2.6893,0.074589
kda,1586,3.1178,2.7022,0.070851
kda,1587,3.1198,2.7198,0.069497
kda,1588,3.1218,2.737,0.067666
kda,1589,3.1237,2.6964,0.075066
kda,1590,3.1257,2.6871,0.074904
kda,1591,3.1277,2.6943,0.075062
kda,1592,3.1296,2.712,0.070509
kda,1593,3.1316,2.6895,0.070985
kda,1594,3.1335,2.6862,0.067306
kda,1595,3.1355,2.6866,0.066359
kda,1596,3.1375,2.6923,0.070619
kda,1597,3.1394,2.6909,0.073935
kda,1598,3.1414,2.6923,0.07002
kda,1599,3.1434,2.7024,0.070046
kda,1600,3.1453,2.6645,0.068466
kda,1601,3.1473,2.6924,0.068019
kda,1602,3.1493,2.693,0.0674
kda,1603,3.1512,2.73,0.067024
kda,1604,3.1532,2.6934,0.06834
kda,1605,3.1552,2.6852,0.070781
kda,1606,3.1571,2.6862,0.069081
kda,1607,3.1591,2.674,0.071781
kda,1608,3.1611,2.6896,0.073647
kda,1609,3.163,2.7602,0.072935
kda,1610,3.165,2.6847,0.071533
kda,1611,3.167,2.6992,0.067657
kda,1612,3.1689,2.6845,0.068463
kda,1613,3.1709,2.6951,0.072555
kda,1614,3.1729,2.7363,0.07453
kda,1615,3.1748,2.6903,0.06916
kda,1616,3.1768,2.7308,0.070802
kda,1617,3.1788,2.6663,0.071389
kda,1618,3.1807,2.688,0.067769
kda,1619,3.1827,2.7136,0.075904
kda,1620,3.1847,2.6688,0.073211
kda,1621,3.1866,2.6775,0.11575
kda,1622,3.1886,2.6875,0.072729
kda,1623,3.1906,2.7131,0.070251
kda,1624,3.1925,2.7169,0.071294
kda,1625,3.1945,2.6908,0.072223
kda,1626,3.1965,2.6773,0.068269
kda,1627,3.1984,2.6776,0.066588
kda,1628,3.2004,2.7055,0.07198
kda,1629,3.2024,2.6886,0.074375
kda,1630,3.2043,2.6779,0.066984
kda,1631,3.2063,2.7011,0.068163
kda,1632,3.2083,2.7232,0.069905
kda,1633,3.2102,2.6825,0.063349
kda,1634,3.2122,2.7045,0.066513
kda,1635,3.2141,2.6734,0.072488
kda,1636,3.2161,2.6769,0.0765
kda,1637,3.2181,2.6834,0.079851
kda,1638,3.22,2.677,0.070752
kda,1639,3.222,2.669,0.062955
kda,1640,3.224,2.707,0.067722
kda,1641,3.2259,2.6847,0.066194
kda,1642,3.2279,2.6912,0.0664
kda,1643,3.2299,2.6976,0.06779
kda,1644,3.2318,2.6848,0.069592
kda,1645,3.2338,2.6889,0.06748
kda,1646,3.2358,2.6916,0.067811
kda,1647,3.2377,2.6892,0.066606
kda,1648,3.2397,2.6511,0.066836
kda,1649,3.2417,2.6035,0.069495
kda,1650,3.2436,2.7109,0.067485
kda,1651,3.2456,2.6975,0.068938
kda,1652,3.2476,2.661,0.065462
kda,1653,3.2495,2.6846,0.06461
kda,1654,3.2515,2.696,0.063617
kda,1655,3.2535,2.6893,0.064886
kda,1656,3.2554,2.7277,0.070747
kda,1657,3.2574,2.6808,0.067129
kda,1658,3.2594,2.6702,0.064068
kda,1659,3.2613,2.6951,0.066948
kda,1660,3.2633,2.687,0.071129
kda,1661,3.2653,2.6926,0.06838
kda,1662,3.2672,2.6944,0.069714
kda,1663,3.2692,2.667,0.065923
kda,1664,3.2712,2.7098,0.067574
kda,1665,3.2731,2.6953,0.068368
kda,1666,3.2751,2.6832,0.066474
kda,1667,3.2771,2.6743,0.068064
kda,1668,3.279,2.6824,0.07208
kda,1669,3.281,2.7465,0.071797
kda,1670,3.283,2.6718,0.079626
kda,1671,3.2849,2.6944,0.067357
kda,1672,3.2869,2.6804,0.061542
kda,1673,3.2889,2.6932,0.064073
kda,1674,3.2908,2.6553,0.066176
kda,1675,3.2928,2.6559,0.067393
kda,1676,3.2947,2.6959,0.066653
kda,1677,3.2967,2.6716,0.068342
kda,1678,3.2987,2.6847,0.063808
kda,1679,3.3006,2.6565,0.063335
kda,1680,3.3026,2.6731,0.06515
kda,1681,3.3046,2.6621,0.064672
kda,1682,3.3065,2.6971,0.06731
kda,1683,3.3085,2.6699,0.070549
kda,1684,3.3105,2.7071,0.08075
kda,1685,3.3124,2.6562,0.063753
kda,1686,3.3144,2.6844,0.062863
kda,1687,3.3164,2.6972,0.068917
kda,1688,3.3183,2.6918,0.066884
kda,1689,3.3203,2.6885,0.066495
kda,1690,3.3223,2.6613,0.070471
kda,1691,3.3242,2.6937,0.068158
kda,1692,3.3262,2.6524,0.065371
kda,1693,3.3282,2.6888,0.065263
kda,1694,3.3301,2.6766,0.06314
kda,1695,3.3321,2.6613,0.067768
kda,1696,3.3341,2.6973,0.071104
kda,1697,3.336,2.6765,0.071813
kda,1698,3.338,2.6912,0.06908
kda,1699,3.34,2.6471,0.069754
kda,1700,3.3419,2.6817,0.07065
kda,1701,3.3439,2.6411,0.064975
kda,1702,3.3459,2.7003,0.067797
kda,1703,3.3478,2.678,0.072099
kda,1704,3.3498,2.6533,0.072328
kda,1705,3.3518,2.6781,0.064661
kda,1706,3.3537,2.6884,0.068593
kda,1707,3.3557,2.669,0.067635
kda,1708,3.3577,2.709,0.066382
kda,1709,3.3596,2.6965,0.06366
kda,1710,3.3616,2.6641,0.066185
kda,1711,3.3636,2.6998,0.069978
kda,1712,3.3655,2.6986,0.070391
kda,1713,3.3675,2.6603,0.067738
kda,1714,3.3694,2.6975,0.070219
kda,1715,3.3714,2.6877,0.065389
kda,1716,3.3734,2.6857,0.063369
kda,1717,3.3753,2.6278,0.064235
kda,1718,3.3773,2.6778,0.069411
kda,1719,3.3793,2.7284,0.069056
kda,1720,3.3812,2.6669,0.067482
kda,1721,3.3832,2.6905,0.062143
kda,1722,3.3852,2.671,0.064638
kda,1723,3.3871,2.669,0.064562
kda,1724,3.3891,2.6486,0.068856
kda,1725,3.3911,2.7128,0.070163
kda,1726,3.393,2.6445,0.07001
kda,1727,3.395,2.6783,0.067213
kda,1728,3.397,2.6617,0.066277
kda,1729,3.3989,2.6784,0.066153
kda,1730,3.4009,2.6763,0.065246
kda,1731,3.4029,2.7103,0.065864
kda,1732,3.4048,2.6166,0.06165
kda,1733,3.4068,2.6644,0.06102
kda,1734,3.4088,2.6759,0.061735
kda,1735,3.4107,2.6741,0.064297
kda,1736,3.4127,2.6793,0.066734
kda,1737,3.4147,2.6427,0.065469
kda,1738,3.4166,2.7091,0.067685
kda,1739,3.4186,2.6959,0.068388
kda,1740,3.4206,2.6501,0.081461
kda,1741,3.4225,2.6744,0.064863
kda,1742,3.4245,2.6418,0.068226
kda,1743,3.4265,2.67,0.072435
kda,1744,3.4284,2.6741,0.069364
kda,1745,3.4304,2.6794,0.068252
kda,1746,3.4324,2.6901,0.080338
kda,1747,3.4343,2.6715,0.064987
kda,1748,3.4363,2.6527,0.06158
kda,1749,3.4383,2.6959,0.063584
kda,1750,3.4402,2.6763,0.069151
kda,1751,3.4422,2.6547,0.068195
kda,1752,3.4442,2.6606,0.061982
kda,1753,3.4461,2.6915,0.064295
kda,1754,3.4481,2.6292,0.064457
kda,1755,3.45,2.6511,0.064421
kda,1756,3.452,2.677,0.068368
kda,1757,3.454,2.6596,0.063088
kda,1758,3.4559,2.5683,0.068445
kda,1759,3.4579,2.6838,0.065714
kda,1760,3.4599,2.6601,0.064581
kda,1761,3.4618,2.6398,0.065839
kda,1762,3.4638,2.6761,0.067878
kda,1763,3.4658,2.6576,0.067955
kda,1764,3.4677,2.6546,0.066688
kda,1765,3.4697,2.6773,0.064116
kda,1766,3.4717,2.6679,0.062679
kda,1767,3.4736,2.6411,0.063343
kda,1768,3.4756,2.7198,0.070956
kda,1769,3.4776,2.7006,0.06117
kda,1770,3.4795,2.6216,0.060526
kda,1771,3.4815,2.69,0.059424
kda,1772,3.4835,2.658,0.069914
kda,1773,3.4854,2.6928,0.06102
kda,1774,3.4874,2.6788,0.066285
kda,1775,3.4894,2.6604,0.065957
kda,1776,3.4913,2.6429,0.064674
kda,1777,3.4933,2.6853,0.067438
kda,1778,3.4953,2.673,0.067152
kda,1779,3.4972,2.6787,0.065785
kda,1780,3.4992,2.6528,0.067326
kda,1781,3.5012,2.6273,0.062999
kda,1782,3.5031,2.6691,0.063962
kda,1783,3.5051,2.6971,0.069284
kda,1784,3.5071,2.676,0.066876
kda,1785,3.509,2.6983,0.068835
kda,1786,3.511,2.6817,0.074455
kda,1787,3.513,2.6582,0.069952
kda,1788,3.5149,2.6779,0.067128
kda,1789,3.5169,2.6614,0.065618
kda,1790,3.5189,2.6198,0.060647
kda,1791,3.5208,2.6825,0.063634
kda,1792,3.5228,2.7005,0.067099
kda,1793,3.5248,2.6739,0.064667
kda,1794,3.5267,2.6516,0.06369
kda,1795,3.5287,2.6439,0.060107
kda,1796,3.5306,2.6452,0.061236
kda,1797,3.5326,2.6473,0.067794
kda,1798,3.5346,2.6801,0.061376
kda,1799,3.5365,2.6611,0.059198
kda,1800,3.5385,2.703,0.059751
kda,1801,3.5405,2.6417,0.061573
kda,1802,3.5424,2.6869,0.063822
kda,1803,3.5444,2.6814,0.069095
kda,1804,3.5464,2.6646,0.064314
kda,1805,3.5483,2.6421,0.060731
kda,1806,3.5503,2.6532,0.06153
kda,1807,3.5523,2.6693,0.061525
kda,1808,3.5542,2.6354,0.060696
kda,1809,3.5562,2.6418,0.06492
kda,1810,3.5582,2.6311,0.062535
kda,1811,3.5601,2.6513,0.061326
kda,1812,3.5621,2.6617,0.06398
kda,1813,3.5641,2.6624,0.061917
kda,1814,3.566,2.6501,0.061181
kda,1815,3.568,2.6406,0.064862
kda,1816,3.57,2.6471,0.066614
kda,1817,3.5719,2.6427,0.065548
kda,1818,3.5739,2.6872,0.06205
kda,1819,3.5759,2.6833,0.066282
kda,1820,3.5778,2.6262,0.072425
kda,1821,3.5798,2.6516,0.062067
kda,1822,3.5818,2.6598,0.062102
kda,1823,3.5837,2.6394,0.068342
kda,1824,3.5857,2.6386,0.069934
kda,1825,3.5877,2.6499,0.067122
kda,1826,3.5896,2.645,0.065112
kda,1827,3.5916,2.641,0.065908
kda,1828,3.5936,2.6786,0.059357
kda,1829,3.5955,2.6696,0.058052
kda,1830,3.5975,2.6507,0.059181
kda,1831,3.5995,2.6617,0.061435
kda,1832,3.6014,2.6253,0.064444
kda,1833,3.6034,2.6422,0.062705
kda,1834,3.6054,2.6532,0.063071
kda,1835,3.6073,2.7106,0.066526
kda,1836,3.6093,2.6939,0.065217
kda,1837,3.6112,2.6548,0.059346
kda,1838,3.6132,2.6575,0.059822
kda,1839,3.6152,2.6818,0.06268
kda,1840,3.6171,2.6436,0.063102
kda,1841,3.6191,2.6644,0.06647
kda,1842,3.6211,2.621,0.06246
kda,1843,3.623,2.6287,0.063778
kda,1844,3.625,2.6643,0.065662
kda,1845,3.627,2.6603,0.06425
kda,1846,3.6289,2.6605,0.062936
kda,1847,3.6309,2.6737,0.059043
kda,1848,3.6329,2.6221,0.063538
kda,1849,3.6348,2.663,0.062592
kda,1850,3.6368,2.6427,0.060664
kda,1851,3.6388,2.668,0.059928
kda,1852,3.6407,2.6614,0.059286
kda,1853,3.6427,2.7046,0.057179
kda,1854,3.6447,2.666,0.061398
kda,1855,3.6466,2.6519,0.067044
kda,1856,3.6486,2.6192,0.066902
kda,1857,3.6506,2.6623,0.061739
kda,1858,3.6525,2.6564,0.06528
kda,1859,3.6545,2.6248,0.065643
kda,1860,3.6565,2.6892,0.067511
kda,1861,3.6584,2.6491,0.060341
kda,1862,3.6604,2.643,0.061017
kda,1863,3.6624,2.6652,0.064458
kda,1864,3.6643,2.6379,0.062472
kda,1865,3.6663,2.6683,0.060115
kda,1866,3.6683,2.6599,0.060993
kda,1867,3.6702,2.63,0.068861
kda,1868,3.6722,2.653,0.064294
kda,1869,3.6742,2.6647,0.055669
kda,1870,3.6761,2.6583,0.059001
kda,1871,3.6781,2.6369,0.058615
kda,1872,3.6801,2.6185,0.05902
kda,1873,3.682,2.6005,0.061753
kda,1874,3.684,2.6188,0.05781
kda,1875,3.686,2.6432,0.058157
kda,1876,3.6879,2.6511,0.061478
kda,1877,3.6899,2.6563,0.062262
kda,1878,3.6918,2.681,0.065856
kda,1879,3.6938,2.6471,0.068426
kda,1880,3.6958,2.6561,0.060749
kda,1881,3.6977,2.6566,0.058145
kda,1882,3.6997,2.653,0.062859
kda,1883,3.7017,2.6347,0.060044
kda,1884,3.7036,2.6389,0.061548
kda,1885,3.7056,2.6492,0.058839
kda,1886,3.7076,2.6257,0.057947
kda,1887,3.7095,2.631,0.059943
kda,1888,3.7115,2.6322,0.063926
kda,1889,3.7135,2.6332,0.060376
kda,1890,3.7154,2.679,0.062019
kda,1891,3.7174,2.6046,0.061585
kda,1892,3.7194,2.663,0.064462
kda,1893,3.7213,2.6739,0.066927
kda,1894,3.7233,2.6428,0.061881
kda,1895,3.7253,2.6715,0.06142
kda,1896,3.7272,2.6336,0.059097
kda,1897,3.7292,2.6513,0.055944
kda,1898,3.7312,2.6617,0.057657
kda,1899,3.7331,2.6524,0.061822
kda,1900,3.7351,2.7093,0.06101
kda,1901,3.7371,2.6315,0.056854
kda,1902,3.739,2.6295,0.068975
kda,1903,3.741,2.635,0.059556
kda,1904,3.743,2.6876,0.058426
kda,1905,3.7449,2.652,0.059906
kda,1906,3.7469,2.6353,0.059515
kda,1907,3.7489,2.6547,0.057216
kda,1908,3.7508,2.6446,0.059488
kda,1909,3.7528,2.6225,0.057921
kda,1910,3.7548,2.6215,0.059635
kda,1911,3.7567,2.6423,0.061396
kda,1912,3.7587,2.6748,0.059245
kda,1913,3.7607,2.6444,0.059065
kda,1914,3.7626,2.6208,0.063483
kda,1915,3.7646,2.617,0.05704
kda,1916,3.7665,2.6642,0.05821
kda,1917,3.7685,2.6195,0.06257
kda,1918,3.7705,2.6604,0.067343
kda,1919,3.7724,2.6591,0.064689
kda,1920,3.7744,2.6736,0.069939
kda,1921,3.7764,2.6484,0.061664
kda,1922,3.7783,2.6392,0.062079
kda,1923,3.7803,2.6526,0.061554
kda,1924,3.7823,2.6746,0.058384
kda,1925,3.7842,2.6109,0.057512
kda,1926,3.7862,2.6307,0.055992
kda,1927,3.7882,2.6501,0.058033
kda,1928,3.7901,2.6515,0.059094
kda,1929,3.7921,2.6339,0.055961
kda,1930,3.7941,2.6391,0.057279
kda,1931,3.796,2.6568,0.056665
kda,1932,3.798,2.6939,0.060251
kda,1933,3.8,2.651,0.061937
kda,1934,3.8019,2.6224,0.060386
kda,1935,3.8039,2.6221,0.060483
kda,1936,3.8059,2.6475,0.060311
kda,1937,3.8078,2.6826,0.058754
kda,1938,3.8098,2.6354,0.06358
kda,1939,3.8118,2.6119,0.062063
kda,1940,3.8137,2.6839,0.058945
kda,1941,3.8157,2.6537,0.059361
kda,1942,3.8177,2.6791,0.060144
kda,1943,3.8196,2.6902,0.060274
kda,1944,3.8216,2.6603,0.070319
kda,1945,3.8236,2.6528,0.05909
kda,1946,3.8255,2.6278,0.060938
kda,1947,3.8275,2.6325,0.060726
kda,1948,3.8295,2.6329,0.060629
kda,1949,3.8314,2.6495,0.059424
kda,1950,3.8334,2.6347,0.059674
kda,1951,3.8354,2.689,0.058327
kda,1952,3.8373,2.6274,0.059772
kda,1953,3.8393,2.619,0.058939
kda,1954,3.8413,2.6539,0.059666
kda,1955,3.8432,2.6366,0.05781
kda,1956,3.8452,2.6424,0.060374
kda,1957,3.8471,2.6483,0.064988
kda,1958,3.8491,2.6567,0.066272
kda,1959,3.8511,2.6308,0.065913
kda,1960,3.853,2.6559,0.067677
kda,1961,3.855,2.6475,0.057737
kda,1962,3.857,2.6224,0.054495
kda,1963,3.8589,2.6273,0.057613
kda,1964,3.8609,2.6459,0.056582
kda,1965,3.8629,2.6276,0.05853
kda,1966,3.8648,2.62,0.06063
kda,1967,3.8668,2.6331,0.058961
kda,1968,3.8688,2.6026,0.061368
kda,1969,3.8707,2.606,0.059004
kda,1970,3.8727,2.624,0.058492
kda,1971,3.8747,2.6298,0.058742
kda,1972,3.8766,2.6585,0.063658
kda,1973,3.8786,2.6354,0.14674
kda,1974,3.8806,2.6296,0.057078
kda,1975,3.8825,2.6365,0.059465
kda,1976,3.8845,2.6383,0.057704
kda,1977,3.8865,2.6367,0.057988
kda,1978,3.8884,2.612,0.056382
kda,1979,3.8904,2.6485,0.059296
kda,1980,3.8924,2.6276,0.05872
kda,1981,3.8943,2.648,0.056142
kda,1982,3.8963,2.6622,0.056398
kda,1983,3.8983,2.6596,0.059455
kda,1984,3.9002,2.6828,0.061517
kda,1985,3.9022,2.6258,0.057712
kda,1986,3.9042,2.6266,0.058818
kda,1987,3.9061,2.6074,0.058937
kda,1988,3.9081,2.6536,0.056957
kda,1989,3.9101,2.627,0.056383
kda,1990,3.912,2.6736,0.05709
kda,1991,3.914,2.6352,0.060552
kda,1992,3.916,2.6514,0.063475
kda,1993,3.9179,2.6362,0.060674
kda,1994,3.9199,2.6715,0.061116
kda,1995,3.9219,2.614,0.061264
kda,1996,3.9238,2.6445,0.057739
kda,1997,3.9258,2.664,0.05634
kda,1998,3.9277,2.6332,0.0576
kda,1999,3.9297,2.6635,0.058739
kda,2000,3.9317,2.6295,0.05951
kda,2001,3.9336,2.6488,0.056574
kda,2002,3.9356,2.6358,0.059609
kda,2003,3.9376,2.6325,0.057499
kda,2004,3.9395,2.6312,0.057596
kda,2005,3.9415,2.6003,0.062245
kda,2006,3.9435,2.647,0.060074
kda,2007,3.9454,2.6182,0.0568
kda,2008,3.9474,2.6284,0.055871
kda,2009,3.9494,2.6262,0.055815
kda,2010,3.9513,2.6133,0.056668
kda,2011,3.9533,2.6193,0.054366
kda,2012,3.9553,2.649,0.055939
kda,2013,3.9572,2.6377,0.05659
kda,2014,3.9592,2.6055,0.061197
kda,2015,3.9612,2.6215,0.057944
kda,2016,3.9631,2.667,0.061837
kda,2017,3.9651,2.628,0.064382
kda,2018,3.9671,2.6398,0.059272
kda,2019,3.969,2.636,0.057107
kda,2020,3.971,2.6628,0.058544
kda,2021,3.973,2.7095,0.05921
kda,2022,3.9749,2.6771,0.061779
kda,2023,3.9769,2.6019,0.065265
kda,2024,3.9789,2.6349,0.062377
kda,2025,3.9808,2.6678,0.059899
kda,2026,3.9828,2.6234,0.062927
kda,2027,3.9848,2.629,0.060537
kda,2028,3.9867,2.5878,0.056643
kda,2029,3.9887,2.6182,0.054678
kda,2030,3.9907,2.7009,0.058282
kda,2031,3.9926,2.6325,0.057594
kda,2032,3.9946,2.6256,0.059759
kda,2033,3.9966,2.6898,0.061154
kda,2034,3.9985,2.625,0.055692
kda,2035,4.0005,2.6513,0.057726
kda,2036,4.0025,2.6242,0.056835
kda,2037,4.0044,2.6173,0.058839
kda,2038,4.0064,2.6301,0.056882
kda,2039,4.0083,2.6456,0.060668
kda,2040,4.0103,2.6654,0.056966
kda,2041,4.0123,2.6699,0.058891
kda,2042,4.0142,2.6472,0.062838
kda,2043,4.0162,2.6473,0.061765
kda,2044,4.0182,2.6474,0.060704
kda,2045,4.0201,2.6438,0.060068
kda,2046,4.0221,2.6269,0.058394
kda,2047,4.0241,2.5965,0.055089
kda,2048,4.026,2.6676,0.057212
kda,2049,4.028,2.6005,0.057632
kda,2050,4.03,2.6411,0.055115
kda,2051,4.0319,2.6361,0.055631
kda,2052,4.0339,2.612,0.061041
kda,2053,4.0359,2.6072,0.057436
kda,2054,4.0378,2.615,0.058523
kda,2055,4.0398,2.6158,0.058207
kda,2056,4.0418,2.6403,0.056863
kda,2057,4.0437,2.6407,0.061427
kda,2058,4.0457,2.6288,0.057539
kda,2059,4.0477,2.6303,0.058844
kda,2060,4.0496,2.6182,0.058961
kda,2061,4.0516,2.624,0.055732
kda,2062,4.0536,2.6196,0.054453
kda,2063,4.0555,2.6046,0.054095
kda,2064,4.0575,2.6522,0.054024
kda,2065,4.0595,2.6057,0.05495
kda,2066,4.0614,2.6228,0.055563
kda,2067,4.0634,2.6343,0.065623
kda,2068,4.0654,2.6249,0.05539
kda,2069,4.0673,2.6231,0.054806
kda,2070,4.0693,2.6537,0.055727
kda,2071,4.0713,2.6147,0.055056
kda,2072,4.0732,2.6012,0.056055
kda,2073,4.0752,2.6362,0.054921
kda,2074,4.0772,2.6244,0.056841
kda,2075,4.0791,2.6203,0.05786
kda,2076,4.0811,2.6118,0.055475
kda,2077,4.083,2.702,0.058142
kda,2078,4.085,2.6302,0.055576
kda,2079,4.087,2.5973,0.057161
kda,2080,4.0889,2.6475,0.064323
kda,2081,4.0909,2.6496,0.060553
kda,2082,4.0929,2.6187,0.063413
kda,2083,4.0948,2.6737,0.057916
kda,2084,4.0968,2.6134,0.056352
kda,2085,4.0988,2.6292,0.058863
kda,2086,4.1007,2.6454,0.057617
kda,2087,4.1027,2.598,0.055189
kda,2088,4.1047,2.6312,0.054648
kda,2089,4.1066,2.6257,0.055413
kda,2090,4.1086,2.6431,0.056402
kda,2091,4.1106,2.6023,0.055149
kda,2092,4.1125,2.6249,0.056372
kda,2093,4.1145,2.6298,0.056453
kda,2094,4.1165,2.619,0.055549
kda,2095,4.1184,2.6503,0.054093
kda,2096,4.1204,2.6506,0.054796
kda,2097,4.1224,2.6158,0.055566
kda,2098,4.1243,2.6375,0.05454
kda,2099,4.1263,2.6489,0.05537
kda,2100,4.1283,2.6346,0.055487
kda,2101,4.1302,2.6137,0.058884
kda,2102,4.1322,2.6183,0.057951
kda,2103,4.1342,2.6356,0.059961
kda,2104,4.1361,2.6186,0.058169
kda,2105,4.1381,2.615,0.056145
kda,2106,4.1401,2.6346,0.054586
kda,2107,4.142,2.6407,0.055195
kda,2108,4.144,2.6251,0.055653
kda,2109,4.146,2.601,0.054952
kda,2110,4.1479,2.6466,0.054818
kda,2111,4.1499,2.6016,0.055379
kda,2112,4.1519,2.6346,0.054668
kda,2113,4.1538,2.6551,0.057246
kda,2114,4.1558,2.6176,0.057335
kda,2115,4.1578,2.6183,0.055836
kda,2116,4.1597,2.6309,0.056188
kda,2117,4.1617,2.6352,0.059202
kda,2118,4.1636,2.6032,0.054745
kda,2119,4.1656,2.6282,0.056989
kda,2120,4.1676,2.6105,0.056712
kda,2121,4.1695,2.6169,0.054943
kda,2122,4.1715,2.6582,0.054571
kda,2123,4.1735,2.6186,0.053196
kda,2124,4.1754,2.6257,0.053641
kda,2125,4.1774,2.6227,0.057983
kda,2126,4.1794,2.6418,0.058601
kda,2127,4.1813,2.6217,0.056917
kda,2128,4.1833,2.6236,0.058305
kda,2129,4.1853,2.6116,0.056886
kda,2130,4.1872,2.627,0.054021
kda,2131,4.1892,2.5856,0.057181
kda,2132,4.1912,2.6368,0.057703
kda,2133,4.1931,2.6321,0.060092
kda,2134,4.1951,2.643,0.063341
kda,2135,4.1971,2.6226,0.057419
kda,2136,4.199,2.63,0.056928
kda,2137,4.201,2.6082,0.055104
kda,2138,4.203,2.6256,0.054347
kda,2139,4.2049,2.5964,0.056931
kda,2140,4.2069,2.6405,0.057562
kda,2141,4.2089,2.6234,0.055517
kda,2142,4.2108,2.6255,0.056215
kda,2143,4.2128,2.6393,0.057682
kda,2144,4.2148,2.6314,0.06067
kda,2145,4.2167,2.6176,0.057425
kda,2146,4.2187,2.6043,0.056184
kda,2147,4.2207,2.6225,0.058226
kda,2148,4.2226,2.6082,0.055789
kda,2149,4.2246,2.5814,0.054638
kda,2150,4.2266,2.5967,0.054605
kda,2151,4.2285,2.643,0.057868
kda,2152,4.2305,2.5968,0.055897
kda,2153,4.2325,2.62,0.056172
kda,2154,4.2344,2.5978,0.054343
kda,2155,4.2364,2.5773,0.056988
kda,2156,4.2384,2.6011,0.055641
kda,2157,4.2403,2.6532,0.056638
kda,2158,4.2423,2.6023,0.053483
kda,2159,4.2442,2.6196,0.058522
kda,2160,4.2462,2.5996,0.058876
kda,2161,4.2482,2.624,0.058078
kda,2162,4.2501,2.6054,0.059057
kda,2163,4.2521,2.5971,0.056644
kda,2164,4.2541,2.6467,0.06077
kda,2165,4.256,2.6368,0.058992
kda,2166,4.258,2.6272,0.058429
kda,2167,4.26,2.6345,0.054079
kda,2168,4.2619,2.6604,0.055222
kda,2169,4.2639,2.6123,0.05491
kda,2170,4.2659,2.6462,0.058924
kda,2171,4.2678,2.6162,0.059093
kda,2172,4.2698,2.6262,0.057976
kda,2173,4.2718,2.6274,0.057361
kda,2174,4.2737,2.6153,0.061039
kda,2175,4.2757,2.6104,0.067394
kda,2176,4.2777,2.6001,0.057058
kda,2177,4.2796,2.6437,0.059764
kda,2178,4.2816,2.5794,0.054399
kda,2179,4.2836,2.6451,0.052875
kda,2180,4.2855,2.6259,0.05449
kda,2181,4.2875,2.6335,0.054662
kda,2182,4.2895,2.5981,0.056397
kda,2183,4.2914,2.6174,0.056352
kda,2184,4.2934,2.6169,0.054721
kda,2185,4.2954,2.6116,0.055905
kda,2186,4.2973,2.607,0.052492
kda,2187,4.2993,2.5687,0.055155
kda,2188,4.3013,2.5894,0.053919
kda,2189,4.3032,2.6242,0.056663
kda,2190,4.3052,2.6008,0.054085
kda,2191,4.3072,2.597,0.053333
kda,2192,4.3091,2.6474,0.054853
kda,2193,4.3111,2.6256,0.058491
kda,2194,4.3131,2.599,0.057739
kda,2195,4.315,2.6304,0.055861
kda,2196,4.317,2.6463,0.055452
kda,2197,4.319,2.6306,0.053861
kda,2198,4.3209,2.6127,0.052609
kda,2199,4.3229,2.6275,0.054615
kda,2200,4.3248,2.6478,0.05505
kda,2201,4.3268,2.6213,0.054899
kda,2202,4.3288,2.6362,0.055022
kda,2203,4.3307,2.5926,0.055369
kda,2204,4.3327,2.5862,0.053738
kda,2205,4.3347,2.6368,0.053813
kda,2206,4.3366,2.6051,0.056946
kda,2207,4.3386,2.6391,0.055006
kda,2208,4.3406,2.608,0.053065
kda,2209,4.3425,2.6172,0.054835
kda,2210,4.3445,2.5932,0.053269
kda,2211,4.3465,2.6216,0.052993
kda,2212,4.3484,2.602,0.053498
kda,2213,4.3504,2.6154,0.056851
kda,2214,4.3524,2.6235,0.054845
kda,2215,4.3543,2.5854,0.054378
kda,2216,4.3563,2.6131,0.065616
kda,2217,4.3583,2.6143,0.055661
kda,2218,4.3602,2.6156,0.052356
kda,2219,4.3622,2.6094,0.054555
kda,2220,4.3642,2.5915,0.056669
kda,2221,4.3661,2.5917,0.052936
kda,2222,4.3681,2.6322,0.053307
kda,2223,4.3701,2.6246,0.063569
kda,2224,4.372,2.6337,0.054013
kda,2225,4.374,2.6115,0.059302
kda,2226,4.376,2.5775,0.055064
kda,2227,4.3779,2.6161,0.056744
kda,2228,4.3799,2.6035,0.054624
kda,2229,4.3819,2.5976,0.055405
kda,2230,4.3838,2.6041,0.054283
kda,2231,4.3858,2.6191,0.055372
kda,2232,4.3878,2.6331,0.055511
kda,2233,4.3897,2.6097,0.05344
kda,2234,4.3917,2.6009,0.054444
kda,2235,4.3937,2.6213,0.056035
kda,2236,4.3956,2.6126,0.053598
kda,2237,4.3976,2.5909,0.05394
kda,2238,4.3995,2.6072,0.053089
kda,2239,4.4015,2.5907,0.053309
kda,2240,4.4035,2.5835,0.053556
kda,2241,4.4054,2.5868,0.054786
kda,2242,4.4074,2.6048,0.05281
kda,2243,4.4094,2.5817,0.051187
kda,2244,4.4113,2.6228,0.05304
kda,2245,4.4133,2.6122,0.052857
kda,2246,4.4153,2.5834,0.057693
kda,2247,4.4172,2.6062,0.054468
kda,2248,4.4192,2.6027,0.054712
kda,2249,4.4212,2.5731,0.054289
kda,2250,4.4231,2.5886,0.055595
kda,2251,4.4251,2.5945,0.055196
kda,2252,4.4271,2.6047,0.05489
kda,2253,4.429,2.6101,0.053718
kda,2254,4.431,2.5966,0.053776
kda,2255,4.433,2.6461,0.059239
kda,2256,4.4349,2.5801,0.061345
kda,2257,4.4369,2.6389,0.054863
kda,2258,4.4389,2.6267,0.053784
kda,2259,4.4408,2.6218,0.054804
kda,2260,4.4428,2.5719,0.056542
kda,2261,4.4448,2.597,0.056089
kda,2262,4.4467,2.5828,0.055037
kda,2263,4.4487,2.5908,0.055246
kda,2264,4.4507,2.6103,0.053708
kda,2265,4.4526,2.6209,0.055884
kda,2266,4.4546,2.618,0.055801
kda,2267,4.4566,2.6192,0.055466
kda,2268,4.4585,2.5948,0.054756
kda,2269,4.4605,2.6304,0.056608
kda,2270,4.4625,2.6116,0.053861
kda,2271,4.4644,2.6085,0.054215
kda,2272,4.4664,2.5829,0.052951
kda,2273,4.4684,2.6184,0.054124
kda,2274,4.4703,2.5984,0.055216
kda,2275,4.4723,2.6172,0.055965
kda,2276,4.4743,2.5939,0.055058
kda,2277,4.4762,2.5637,0.054086
kda,2278,4.4782,2.6199,0.052641
kda,2279,4.4801,2.6341,0.054832
kda,2280,4.4821,2.5782,0.052844
kda,2281,4.4841,2.5585,0.053667
kda,2282,4.486,2.589,0.052922
kda,2283,4.488,2.5863,0.05222
kda,2284,4.49,2.6157,0.054092
kda,2285,4.4919,2.5772,0.052833
kda,2286,4.4939,2.5946,0.053169
kda,2287,4.4959,2.5626,0.05309
kda,2288,4.4978,2.5958,0.054092
kda,2289,4.4998,2.5941,0.052871
kda,2290,4.5018,2.6025,0.057334
kda,2291,4.5037,2.6069,0.058305
kda,2292,4.5057,2.6119,0.061422
kda,2293,4.5077,2.6462,0.056831
kda,2294,4.5096,2.6075,0.053934
kda,2295,4.5116,2.6111,0.053409
kda,2296,4.5136,2.5979,0.053779
kda,2297,4.5155,2.6458,0.058264
kda,2298,4.5175,2.6266,0.052423
kda,2299,4.5195,2.5622,0.052911
kda,2300,4.5214,2.6217,0.054687
kda,2301,4.5234,2.6108,0.057639
kda,2302,4.5254,2.5914,0.054873
kda,2303,4.5273,2.582,0.054715
kda,2304,4.5293,2.5929,0.052287
kda,2305,4.5313,2.6036,0.054388
kda,2306,4.5332,2.6159,0.055198
kda,2307,4.5352,2.5888,0.057376
kda,2308,4.5372,2.6185,0.055295
kda,2309,4.5391,2.6118,0.053541
kda,2310,4.5411,2.5963,0.054642
kda,2311,4.5431,2.6114,0.053133
kda,2312,4.545,2.627,0.054388
kda,2313,4.547,2.6088,0.052087
kda,2314,4.549,2.6276,0.053374
kda,2315,4.5509,2.6051,0.061643
kda,2316,4.5529,2.5745,0.053189
kda,2317,4.5549,2.6023,0.057595
kda,2318,4.5568,2.5932,0.05457
kda,2319,4.5588,2.634,0.055963
kda,2320,4.5607,2.6156,0.054613
kda,2321,4.5627,2.6058,0.054117
kda,2322,4.5647,2.5863,0.05445
kda,2323,4.5666,2.6451,0.054674
kda,2324,4.5686,2.6194,0.052988
kda,2325,4.5706,2.6086,0.052653
kda,2326,4.5725,2.5979,0.054589
kda,2327,4.5745,2.6081,0.054845
kda,2328,4.5765,2.6219,0.056269
kda,2329,4.5784,2.6045,0.054512
kda,2330,4.5804,2.5851,0.053312
kda,2331,4.5824,2.638,0.054302
kda,2332,4.5843,2.6191,0.05318
kda,2333,4.5863,2.6128,0.053852
kda,2334,4.5883,2.5618,0.052641
kda,2335,4.5902,2.5435,0.058435
kda,2336,4.5922,2.5959,0.054599
kda,2337,4.5942,2.6006,0.056457
kda,2338,4.5961,2.5735,0.057229
kda,2339,4.5981,2.6093,0.053549
kda,2340,4.6001,2.5708,0.053409
kda,2341,4.602,2.6124,0.053253
kda,2342,4.604,2.5831,0.052274
kda,2343,4.606,2.6128,0.055681
kda,2344,4.6079,2.6014,0.0558
kda,2345,4.6099,2.5696,0.054293
kda,2346,4.6119,2.5827,0.052343
kda,2347,4.6138,2.605,0.056565
kda,2348,4.6158,2.5683,0.057481
kda,2349,4.6178,2.5784,0.055172
kda,2350,4.6197,2.5913,0.053905
kda,2351,4.6217,2.6255,0.053636
kda,2352,4.6237,2.5699,0.052321
kda,2353,4.6256,2.5919,0.052574
kda,2354,4.6276,2.617,0.055673
kda,2355,4.6296,2.6148,0.05466
kda,2356,4.6315,2.5934,0.052596
kda,2357,4.6335,2.6136,0.05181
kda,2358,4.6355,2.6108,0.053258
kda,2359,4.6374,2.5827,0.053226
kda,2360,4.6394,2.652,0.052632
kda,2361,4.6413,2.6321,0.053864
kda,2362,4.6433,2.5946,0.053052
kda,2363,4.6453,2.6317,0.053407
kda,2364,4.6472,2.68,0.054568
kda,2365,4.6492,2.603,0.054244
kda,2366,4.6512,2.582,0.052063
kda,2367,4.6531,2.566,0.051258
kda,2368,4.6551,2.6067,0.052391
kda,2369,4.6571,2.5887,0.052951
kda,2370,4.659,2.6486,0.053148
kda,2371,4.661,2.6085,0.055336
kda,2372,4.663,2.6346,0.055531
kda,2373,4.6649,2.5945,0.054608
kda,2374,4.6669,2.6099,0.052222
kda,2375,4.6689,2.6145,0.052328
kda,2376,4.6708,2.6028,0.052485
kda,2377,4.6728,2.5953,0.088129
kda,2378,4.6748,2.5997,0.055118
kda,2379,4.6767,2.5945,0.052568
kda,2380,4.6787,2.5825,0.05346
kda,2381,4.6807,2.6183,0.05268
kda,2382,4.6826,2.5903,0.051632
kda,2383,4.6846,2.6178,0.055322
kda,2384,4.6866,2.6708,0.062902
kda,2385,4.6885,2.5933,0.054664
kda,2386,4.6905,2.6102,0.054771
kda,2387,4.6925,2.6005,0.052264
kda,2388,4.6944,2.6114,0.053445
kda,2389,4.6964,2.5712,0.054899
kda,2390,4.6984,2.619,0.052969
kda,2391,4.7003,2.6048,0.053282
kda,2392,4.7023,2.5901,0.051835
kda,2393,4.7043,2.609,0.05332
kda,2394,4.7062,2.5959,0.052291
kda,2395,4.7082,2.5819,0.050818
kda,2396,4.7102,2.5936,0.053986
kda,2397,4.7121,2.6115,0.053969
kda,2398,4.7141,2.6752,0.055321
kda,2399,4.7161,2.6177,0.053919
kda,2400,4.718,2.5758,0.052291
kda,2401,4.72,2.6443,0.056065
kda,2402,4.7219,2.5961,0.051826
kda,2403,4.7239,2.6186,0.052932
kda,2404,4.7259,2.5895,0.052981
kda,2405,4.7278,2.6149,0.053702
kda,2406,4.7298,2.5665,0.052478
kda,2407,4.7318,2.5827,0.052637
kda,2408,4.7337,2.6161,0.05363
kda,2409,4.7357,2.6381,0.052219
kda,2410,4.7377,2.6197,0.052972
kda,2411,4.7396,2.6317,0.054314
kda,2412,4.7416,2.5992,0.052234
kda,2413,4.7436,2.619,0.053574
kda,2414,4.7455,2.6012,0.052225
kda,2415,4.7475,2.5667,0.05428
kda,2416,4.7495,2.6273,0.056254
kda,2417,4.7514,2.624,0.057144
kda,2418,4.7534,2.5837,0.051994
kda,2419,4.7554,2.5857,0.05733
kda,2420,4.7573,2.6165,0.054148
kda,2421,4.7593,2.5954,0.052399
kda,2422,4.7613,2.5628,0.052335
kda,2423,4.7632,2.6059,0.052886
kda,2424,4.7652,2.5823,0.051569
kda,2425,4.7672,2.5838,0.052035
kda,2426,4.7691,2.5968,0.054788
kda,2427,4.7711,2.5672,0.052474
kda,2428,4.7731,2.6001,0.051747
kda,2429,4.775,2.5868,0.053052
kda,2430,4.777,2.5976,0.052069
kda,2431,4.779,2.5914,0.051499
kda,2432,4.7809,2.6433,0.052447
kda,2433,4.7829,2.5916,0.052794
kda,2434,4.7849,2.5859,0.051571
kda,2435,4.7868,2.5887,0.055969
kda,2436,4.7888,2.6267,0.059536
kda,2437,4.7908,2.5691,0.053515
kda,2438,4.7927,2.589,0.052495
kda,2439,4.7947,2.577,0.055659
kda,2440,4.7966,2.5872,0.055941
kda,2441,4.7986,2.5973,0.051361
kda,2442,4.8006,2.606,0.053126
kda,2443,4.8025,2.5729,0.053795
kda,2444,4.8045,2.5773,0.052833
kda,2445,4.8065,2.558,0.053054
kda,2446,4.8084,2.5999,0.050822
kda,2447,4.8104,2.616,0.054047
kda,2448,4.8124,2.6118,0.054146
kda,2449,4.8143,2.5954,0.053421
kda,2450,4.8163,2.5822,0.051624
kda,2451,4.8183,2.5892,0.052666
kda,2452,4.8202,2.6228,0.054214
kda,2453,4.8222,2.5749,0.051786
kda,2454,4.8242,2.6103,0.052006
kda,2455,4.8261,2.5991,0.05315
kda,2456,4.8281,2.5953,0.052785
kda,2457,4.8301,2.591,0.052216
kda,2458,4.832,2.6097,0.052123
kda,2459,4.834,2.5866,0.053395
kda,2460,4.836,2.5789,0.054861
kda,2461,4.8379,2.5853,0.066607
kda,2462,4.8399,2.6036,0.054373
kda,2463,4.8419,2.6043,0.054857
kda,2464,4.8438,2.6036,0.051154
kda,2465,4.8458,2.6168,0.054554
kda,2466,4.8478,2.5699,0.052908
kda,2467,4.8497,2.6074,0.052746
kda,2468,4.8517,2.5785,0.053353
kda,2469,4.8537,2.5769,0.051695
kda,2470,4.8556,2.5953,0.051512
kda,2471,4.8576,2.6276,0.055167
kda,2472,4.8596,2.6536,0.053092
kda,2473,4.8615,2.6484,0.069971
kda,2474,4.8635,2.597,0.054261
kda,2475,4.8655,2.5807,0.050764
kda,2476,4.8674,2.601,0.054295
kda,2477,4.8694,2.5884,0.053355
kda,2478,4.8714,2.5756,0.052795
kda,2479,4.8733,2.5691,0.055746
kda,2480,4.8753,2.5706,0.05362
kda,2481,4.8772,2.5708,0.052646
kda,2482,4.8792,2.5848,0.053939
kda,2483,4.8812,2.5934,0.053114
kda,2484,4.8831,2.6195,0.052247
kda,2485,4.8851,2.5777,0.052889
kda,2486,4.8871,2.599,0.052543
kda,2487,4.889,2.5746,0.051897
kda,2488,4.891,2.6883,0.052935
kda,2489,4.893,2.5992,0.052595
kda,2490,4.8949,2.5986,0.053556
kda,2491,4.8969,2.6654,0.055014
kda,2492,4.8989,2.6274,0.052129
kda,2493,4.9008,2.5844,0.05208
kda,2494,4.9028,2.5799,0.052726
kda,2495,4.9048,2.5757,0.054124
kda,2496,4.9067,2.5797,0.052996
kda,2497,4.9087,2.593,0.050339
kda,2498,4.9107,2.6113,0.054391
kda,2499,4.9126,2.5962,0.05501
kda,2500,4.9146,2.6076,0.052978
kda,2501,4.9166,2.6076,0.053
kda,2502,4.9185,2.5648,0.054809
kda,2503,4.9205,2.6014,0.054976
kda,2504,4.9225,2.5963,0.056167
kda,2505,4.9244,2.5596,0.052873
kda,2506,4.9264,2.5727,0.053184
kda,2507,4.9284,2.5873,0.053531
kda,2508,4.9303,2.5776,0.052937
kda,2509,4.9323,2.5999,0.051757
kda,2510,4.9343,2.5898,0.053003
kda,2511,4.9362,2.618,0.051818
kda,2512,4.9382,2.5779,0.052586
kda,2513,4.9402,2.6227,0.050962
kda,2514,4.9421,2.612,0.054701
kda,2515,4.9441,2.5748,0.052976
kda,2516,4.9461,2.5496,0.051912
kda,2517,4.948,2.5639,0.057618
kda,2518,4.95,2.6436,0.05403
kda,2519,4.952,2.5862,0.055813
kda,2520,4.9539,2.6133,0.054587
kda,2521,4.9559,2.5681,0.052417
kda,2522,4.9578,2.585,0.052697
kda,2523,4.9598,2.5851,0.054786
kda,2524,4.9618,2.6191,0.053861
kda,2525,4.9637,2.5847,0.051988
kda,2526,4.9657,2.5418,0.051918
kda,2527,4.9677,2.5818,0.054719
kda,2528,4.9696,2.5893,0.054507
kda,2529,4.9716,2.5481,0.051935
kda,2530,4.9736,2.5859,0.053342
kda,2531,4.9755,2.6208,0.053092
kda,2532,4.9775,2.6217,0.050784
kda,2533,4.9795,2.574,0.051691
kda,2534,4.9814,2.5746,0.054273
kda,2535,4.9834,2.564,0.051003
kda,2536,4.9854,2.5949,0.053065
kda,2537,4.9873,2.583,0.053982
kda,2538,4.9893,2.5637,0.050891
kda,2539,4.9913,2.5995,0.054778
kda,2540,4.9932,2.5968,0.052665
kda,2541,4.9952,2.595,0.052089
kda,2542,4.9972,2.6052,0.051751
kda,2543,4.9991,2.6045,0.051695
kda,2544,5.0011,2.5982,0.056862
kda,2545,5.0031,2.6063,0.055469
kda,2546,5.005,2.5933,0.052706
kda,2547,5.007,2.5771,0.05292
kda,2548,5.009,2.5604,0.052495
kda,2549,5.0109,2.5797,0.052106
kda,2550,5.0129,2.5929,0.057196
kda,2551,5.0149,2.6151,0.055016
kda,2552,5.0168,2.5842,0.052613
kda,2553,5.0188,2.6193,0.052488
kda,2554,5.0208,2.5506,0.05167
kda,2555,5.0227,2.5694,0.05316
kda,2556,5.0247,2.584,0.051297
kda,2557,5.0267,2.5943,0.053146
kda,2558,5.0286,2.578,0.0527
kda,2559,5.0306,2.5758,0.052742
kda,2560,5.0326,2.573,0.053039
kda,2561,5.0345,2.5732,0.05226
kda,2562,5.0365,2.575,0.052821
kda,2563,5.0384,2.6257,0.054481
kda,2564,5.0404,2.5905,0.052307
kda,2565,5.0424,2.568,0.05263
kda,2566,5.0443,2.611,0.051788
kda,2567,5.0463,2.5612,0.05194
kda,2568,5.0483,2.5808,0.056594
kda,2569,5.0502,2.5847,0.051653
kda,2570,5.0522,2.5906,0.054179
kda,2571,5.0542,2.6085,0.053741
kda,2572,5.0561,2.5781,0.052172
kda,2573,5.0581,2.6096,0.052361
kda,2574,5.0601,2.586,0.054279
kda,2575,5.062,2.6098,0.05349
kda,2576,5.064,2.5921,0.055028
kda,2577,5.066,2.6065,0.058853
kda,2578,5.0679,2.5966,0.052463
kda,2579,5.0699,2.5617,0.053123
kda,2580,5.0719,2.5915,0.051896
kda,2581,5.0738,2.5646,0.053599
kda,2582,5.0758,2.597,0.05529
kda,2583,5.0778,2.5752,0.051352
kda,2584,5.0797,2.614,0.054335
kda,2585,5.0817,2.5921,0.055818
kda,2586,5.0837,2.567,0.051965
kda,2587,5.0856,2.5898,0.052775
kda,2588,5.0876,2.5821,0.052062
kda,2589,5.0896,2.5999,0.050183
kda,2590,5.0915,2.5757,0.050955
kda,2591,5.0935,2.6164,0.052076
kda,2592,5.0955,2.587,0.051914
kda,2593,5.0974,2.6021,0.052515
kda,2594,5.0994,2.6007,0.050705
kda,2595,5.1014,2.6021,0.055749
kda,2596,5.1033,2.5899,0.051768
kda,2597,5.1053,2.5946,0.052658
kda,2598,5.1073,2.5805,0.049871
kda,2599,5.1092,2.6021,0.053554
kda,2600,5.1112,2.5749,0.053028
kda,2601,5.1131,2.6136,0.054008
kda,2602,5.1151,2.5907,0.052377
kda,2603,5.1171,2.6042,0.051751
kda,2604,5.119,2.5784,0.052654
kda,2605,5.121,2.5811,0.052317
kda,2606,5.123,2.5764,0.052421
kda,2607,5.1249,2.6266,0.053104
kda,2608,5.1269,2.5684,0.052041
kda,2609,5.1289,2.5748,0.053766
kda,2610,5.1308,2.5957,0.052398
kda,2611,5.1328,2.5589,0.054768
kda,2612,5.1348,2.6141,0.05285
kda,2613,5.1367,2.5605,0.049914
kda,2614,5.1387,2.5785,0.050686
kda,2615,5.1407,2.565,0.050637
kda,2616,5.1426,2.5794,0.051459
kda,2617,5.1446,2.5762,0.051867
kda,2618,5.1466,2.6481,0.05592
kda,2619,5.1485,2.5728,0.051668
kda,2620,5.1505,2.5838,0.053358
kda,2621,5.1525,2.5587,0.05171
kda,2622,5.1544,2.5685,0.053784
kda,2623,5.1564,2.5975,0.052214
kda,2624,5.1584,2.5613,0.052348
kda,2625,5.1603,2.5491,0.051047
kda,2626,5.1623,2.5842,0.050428
kda,2627,5.1643,2.6034,0.053061
kda,2628,5.1662,2.5778,0.051445
kda,2629,5.1682,2.5936,0.052981
kda,2630,5.1702,2.5798,0.052896
kda,2631,5.1721,2.5841,0.0525
kda,2632,5.1741,2.5578,0.054892
kda,2633,5.1761,2.6147,0.052991
kda,2634,5.178,2.5665,0.052709
kda,2635,5.18,2.6526,0.05325
kda,2636,5.182,2.5716,0.050972
kda,2637,5.1839,2.6329,0.052372
kda,2638,5.1859,2.5555,0.051901
kda,2639,5.1879,2.5902,0.052941
kda,2640,5.1898,2.5879,0.051853
kda,2641,5.1918,2.6087,0.050667
kda,2642,5.1937,2.5769,0.05256
kda,2643,5.1957,2.5819,0.050252
kda,2644,5.1977,2.6138,0.051611
kda,2645,5.1996,2.6304,0.053653
kda,2646,5.2016,2.5739,0.053337
kda,2647,5.2036,2.6334,0.053566
kda,2648,5.2055,2.6036,0.05345
kda,2649,5.2075,2.5786,0.050843
kda,2650,5.2095,2.6158,0.052454
kda,2651,5.2114,2.5797,0.051027
kda,2652,5.2134,2.5881,0.053554
kda,2653,5.2154,2.5653,0.051084
kda,2654,5.2173,2.5799,0.051293
kda,2655,5.2193,2.6103,0.05364
kda,2656,5.2213,2.5612,0.051973
kda,2657,5.2232,2.5566,0.053084
kda,2658,5.2252,2.522,0.052423
kda,2659,5.2272,2.5941,0.052775
kda,2660,5.2291,2.6071,0.053384
kda,2661,5.2311,2.5877,0.054847
kda,2662,5.2331,2.5344,0.051744
kda,2663,5.235,2.5909,0.053973
kda,2664,5.237,2.568,0.052691
kda,2665,5.239,2.5651,0.052489
kda,2666,5.2409,2.5777,0.052979
kda,2667,5.2429,2.607,0.051175
kda,2668,5.2449,2.6096,0.052093
kda,2669,5.2468,2.563,0.052996
kda,2670,5.2488,2.5948,0.051769
kda,2671,5.2508,2.5986,0.050584
kda,2672,5.2527,2.6092,0.05325
kda,2673,5.2547,2.5875,0.053537
kda,2674,5.2567,2.5687,0.051794
kda,2675,5.2586,2.5716,0.051235
kda,2676,5.2606,2.5672,0.05164
kda,2677,5.2626,2.6248,0.059546
kda,2678,5.2645,2.5725,0.053603
kda,2679,5.2665,2.5862,0.053691
kda,2680,5.2685,2.6079,0.052689
kda,2681,5.2704,2.5634,0.052205
kda,2682,5.2724,2.5845,0.052031
kda,2683,5.2743,2.5939,0.051951
kda,2684,5.2763,2.5796,0.051971
kda,2685,5.2783,2.5872,0.05439
kda,2686,5.2802,2.5488,0.053149
kda,2687,5.2822,2.586,0.05318
kda,2688,5.2842,2.5432,0.052096
kda,2689,5.2861,2.6012,0.053223
kda,2690,5.2881,2.5775,0.051659
kda,2691,5.2901,2.5948,0.051512
kda,2692,5.292,2.5906,0.050929
kda,2693,5.294,2.5687,0.052913
kda,2694,5.296,2.5943,0.059315
kda,2695,5.2979,2.5595,0.054101
kda,2696,5.2999,2.6079,0.053177
kda,2697,5.3019,2.5794,0.051585
kda,2698,5.3038,2.5706,0.053678
kda,2699,5.3058,2.5791,0.051434
kda,2700,5.3078,2.6003,0.051889
kda,2701,5.3097,2.6039,0.051514
kda,2702,5.3117,2.5527,0.052483
kda,2703,5.3137,2.5757,0.052254
kda,2704,5.3156,2.6122,0.054637
kda,2705,5.3176,2.5618,0.052232
kda,2706,5.3196,2.5669,0.052646
kda,2707,5.3215,2.5651,0.051096
kda,2708,5.3235,2.5969,0.053017
kda,2709,5.3255,2.6119,0.052738
kda,2710,5.3274,2.5593,0.054164
kda,2711,5.3294,2.5826,0.051525
kda,2712,5.3314,2.5803,0.054097
kda,2713,5.3333,2.6087,0.051399
kda,2714,5.3353,2.5827,0.053242
kda,2715,5.3373,2.5993,0.063618
kda,2716,5.3392,2.6127,0.05133
kda,2717,5.3412,2.5702,0.05197
kda,2718,5.3432,2.5612,0.051645
kda,2719,5.3451,2.5743,0.052611
kda,2720,5.3471,2.5892,0.053123
kda,2721,5.3491,2.5757,0.049761
kda,2722,5.351,2.581,0.051676
kda,2723,5.353,2.5638,0.049762
kda,2724,5.3549,2.614,0.052922
kda,2725,5.3569,2.5779,0.051071
kda,2726,5.3589,2.5896,0.052485
kda,2727,5.3608,2.5847,0.053424
kda,2728,5.3628,2.5761,0.052147
kda,2729,5.3648,2.6095,0.052514
kda,2730,5.3667,2.5623,0.053653
kda,2731,5.3687,2.5918,0.052761
kda,2732,5.3707,2.5588,0.062661
kda,2733,5.3726,2.5864,0.052719
kda,2734,5.3746,2.6376,0.054318
kda,2735,5.3766,2.593,0.052418
kda,2736,5.3785,2.5633,0.052471
kda,2737,5.3805,2.6845,0.053654
kda,2738,5.3825,2.566,0.052535
kda,2739,5.3844,2.611,0.05462
kda,2740,5.3864,2.602,0.051869
kda,2741,5.3884,2.6258,0.052665
kda,2742,5.3903,2.5808,0.05168
kda,2743,5.3923,2.6042,0.052114
kda,2744,5.3943,2.6019,0.052815
kda,2745,5.3962,2.5817,0.052164
kda,2746,5.3982,2.5565,0.051052
kda,2747,5.4002,2.5906,0.056153
kda,2748,5.4021,2.5894,0.055365
kda,2749,5.4041,2.6285,0.053653
kda,2750,5.4061,2.5911,0.054343
kda,2751,5.408,2.5618,0.051147
kda,2752,5.41,2.5803,0.052646
kda,2753,5.412,2.6082,0.053206
kda,2754,5.4139,2.5757,0.049956
kda,2755,5.4159,2.585,0.051817
kda,2756,5.4179,2.5797,0.053972
kda,2757,5.4198,2.5909,0.05165
kda,2758,5.4218,2.6086,0.053259
kda,2759,5.4238,2.5817,0.053527
kda,2760,5.4257,2.5774,0.053953
kda,2761,5.4277,2.5815,0.052934
kda,2762,5.4297,2.5534,0.052553
kda,2763,5.4316,2.5928,0.053183
kda,2764,5.4336,2.5866,0.051237
kda,2765,5.4355,2.5834,0.052094
kda,2766,5.4375,2.5576,0.053907
kda,2767,5.4395,2.5553,0.052476
kda,2768,5.4414,2.6066,0.051964
kda,2769,5.4434,2.6067,0.053936
kda,2770,5.4454,2.6235,0.051733
kda,2771,5.4473,2.584,0.051517
kda,2772,5.4493,2.6358,0.053562
kda,2773,5.4513,2.585,0.052585
kda,2774,5.4532,2.5792,0.053917
kda,2775,5.4552,2.5871,0.054333
kda,2776,5.4572,2.5716,0.05237
kda,2777,5.4591,2.6054,0.054242
kda,2778,5.4611,2.5718,0.054533
kda,2779,5.4631,2.6132,0.053661
kda,2780,5.465,2.5397,0.053197
kda,2781,5.467,2.5909,0.055954
kda,2782,5.469,2.5936,0.051145
kda,2783,5.4709,2.5582,0.051073
kda,2784,5.4729,2.5815,0.053197
kda,2785,5.4749,2.6059,0.051726
kda,2786,5.4768,2.6138,0.053391
kda,2787,5.4788,2.5742,0.051937
kda,2788,5.4808,2.5876,0.052739
kda,2789,5.4827,2.5983,0.051828
kda,2790,5.4847,2.5981,0.052043
kda,2791,5.4867,2.5834,0.051738
kda,2792,5.4886,2.5479,0.053374
kda,2793,5.4906,2.5775,0.053653
kda,2794,5.4926,2.6043,0.05192
kda,2795,5.4945,2.5756,0.051617
kda,2796,5.4965,2.5951,0.05378
kda,2797,5.4985,2.5678,0.053267
kda,2798,5.5004,2.5583,0.052999
kda,2799,5.5024,2.5737,0.053374
kda,2800,5.5044,2.6214,0.05314
kda,2801,5.5063,2.6181,0.051854
kda,2802,5.5083,2.5834,0.052135
kda,2803,5.5102,2.5459,0.05123
kda,2804,5.5122,2.5642,0.053287
kda,2805,5.5142,2.5946,0.051762
kda,2806,5.5161,2.6131,0.051905
kda,2807,5.5181,2.5748,0.050181
kda,2808,5.5201,2.5455,0.053472
kda,2809,5.522,2.5716,0.05455
kda,2810,5.524,2.5631,0.052894
kda,2811,5.526,2.601,0.054612
kda,2812,5.5279,2.5914,0.059282
kda,2813,5.5299,2.6105,0.05357
kda,2814,5.5319,2.5765,0.051019
kda,2815,5.5338,2.5631,0.050337
kda,2816,5.5358,2.5602,0.051464
kda,2817,5.5378,2.5739,0.052633
kda,2818,5.5397,2.5963,0.052917
kda,2819,5.5417,2.5883,0.052559
kda,2820,5.5437,2.572,0.051992
kda,2821,5.5456,2.5745,0.051349
kda,2822,5.5476,2.5416,0.050494
kda,2823,5.5496,2.5503,0.051535
kda,2824,5.5515,2.5818,0.052958
kda,2825,5.5535,2.5572,0.051559
kda,2826,5.5555,2.5929,0.051407
kda,2827,5.5574,2.5688,0.051684
kda,2828,5.5594,2.5644,0.0631
kda,2829,5.5614,2.5605,0.05081
kda,2830,5.5633,2.5782,0.05324
kda,2831,5.5653,2.5842,0.052928
kda,2832,5.5673,2.5985,0.052445
kda,2833,5.5692,2.5747,0.052147
kda,2834,5.5712,2.5739,0.052203
kda,2835,5.5732,2.5348,0.053656
kda,2836,5.5751,2.6628,0.079057
kda,2837,5.5771,2.6258,0.053766
kda,2838,5.5791,2.5749,0.053445
kda,2839,5.581,2.5702,0.050943
kda,2840,5.583,2.5772,0.053701
kda,2841,5.585,2.5797,0.053894
kda,2842,5.5869,2.5657,0.051778
kda,2843,5.5889,2.5436,0.050354
kda,2844,5.5908,2.5477,0.052098
kda,2845,5.5928,2.5628,0.052017
kda,2846,5.5948,2.6027,0.051405
kda,2847,5.5967,2.5702,0.050587
kda,2848,5.5987,2.5886,0.054649
kda,2849,5.6007,2.5657,0.051444
kda,2850,5.6026,2.5618,0.052776
kda,2851,5.6046,2.6142,0.053324
kda,2852,5.6066,2.5601,0.053871
kda,2853,5.6085,2.5627,0.051266
kda,2854,5.6105,2.5849,0.053633
kda,2855,5.6125,2.5933,0.05344
kda,2856,5.6144,2.5601,0.052106
kda,2857,5.6164,2.5653,0.051858
kda,2858,5.6184,2.601,0.051073
kda,2859,5.6203,2.6251,0.052695
kda,2860,5.6223,2.5874,0.051519
kda,2861,5.6243,2.5696,0.051454
kda,2862,5.6262,2.5922,0.053691
kda,2863,5.6282,2.5798,0.052093
kda,2864,5.6302,2.5668,0.052777
kda,2865,5.6321,2.5737,0.052523
kda,2866,5.6341,2.5513,0.053232
kda,2867,5.6361,2.5739,0.052368
kda,2868,5.638,2.5538,0.050986
kda,2869,5.64,2.5795,0.051554
kda,2870,5.642,2.5783,0.050605
kda,2871,5.6439,2.5694,0.0518
kda,2872,5.6459,2.5668,0.051377
kda,2873,5.6479,2.5593,0.053311
kda,2874,5.6498,2.5821,0.052992
kda,2875,5.6518,2.5849,0.054604
kda,2876,5.6538,2.5937,0.052504
kda,2877,5.6557,2.6032,0.054229
kda,2878,5.6577,2.559,0.051072
kda,2879,5.6597,2.5574,0.05235
kda,2880,5.6616,2.6095,0.052444
kda,2881,5.6636,2.5944,0.05279
kda,2882,5.6656,2.5697,0.051911
kda,2883,5.6675,2.5972,0.050443
kda,2884,5.6695,2.5715,0.054179
kda,2885,5.6714,2.5733,0.05308
kda,2886,5.6734,2.5456,0.051628
kda,2887,5.6754,2.5537,0.053497
kda,2888,5.6773,2.6072,0.05498
kda,2889,5.6793,2.5136,0.052285
kda,2890,5.6813,2.6101,0.053251
kda,2891,5.6832,2.5721,0.051816
kda,2892,5.6852,2.5251,0.051507
kda,2893,5.6872,2.5749,0.053073
kda,2894,5.6891,2.5452,0.051882
kda,2895,5.6911,2.5798,0.050521
kda,2896,5.6931,2.5624,0.05488
kda,2897,5.695,2.6003,0.052846
kda,2898,5.697,2.6041,0.05353
kda,2899,5.699,2.6319,0.052494
kda,2900,5.7009,2.6145,0.05056
kda,2901,5.7029,2.5683,0.051334
kda,2902,5.7049,2.5745,0.05011
kda,2903,5.7068,2.6047,0.051714
kda,2904,5.7088,2.5876,0.068378
kda,2905,5.7108,2.5815,0.051161
kda,2906,5.7127,2.5593,0.051118
kda,2907,5.7147,2.565,0.05189
kda,2908,5.7167,2.5554,0.051307
kda,2909,5.7186,2.5884,0.052688
kda,2910,5.7206,2.5913,0.051828
kda,2911,5.7226,2.5723,0.057259
kda,2912,5.7245,2.6136,0.051324
kda,2913,5.7265,2.5831,0.051987
kda,2914,5.7285,2.5926,0.050609
kda,2915,5.7304,2.5979,0.052562
kda,2916,5.7324,2.5936,0.051084
kda,2917,5.7344,2.5828,0.052379
kda,2918,5.7363,2.6005,0.053715
kda,2919,5.7383,2.5835,0.052796
kda,2920,5.7403,2.5917,0.053237
kda,2921,5.7422,2.558,0.053681
kda,2922,5.7442,2.585,0.05251
kda,2923,5.7462,2.5938,0.051693
kda,2924,5.7481,2.5701,0.050124
kda,2925,5.7501,2.5924,0.050847
kda,2926,5.752,2.5803,0.05198
kda,2927,5.754,2.5938,0.052658
kda,2928,5.756,2.5859,0.051343
kda,2929,5.7579,2.6009,0.051397
kda,2930,5.7599,2.6131,0.053139
kda,2931,5.7619,2.5757,0.051518
kda,2932,5.7638,2.6186,0.051353
kda,2933,5.7658,2.5671,0.056904
kda,2934,5.7678,2.6016,0.051996
kda,2935,5.7697,2.5395,0.050602
kda,2936,5.7717,2.6089,0.053695
kda,2937,5.7737,2.5908,0.056119
kda,2938,5.7756,2.5846,0.0527
kda,2939,5.7776,2.5671,0.054404
kda,2940,5.7796,2.5838,0.055947
kda,2941,5.7815,2.6196,0.051953
kda,2942,5.7835,2.5788,0.052248
kda,2943,5.7855,2.6021,0.051139
kda,2944,5.7874,2.5819,0.049807
kda,2945,5.7894,2.5941,0.053896
kda,2946,5.7914,2.5962,0.051754
kda,2947,5.7933,2.6002,0.051056
kda,2948,5.7953,2.6086,0.053994
kda,2949,5.7973,2.5811,0.052677
kda,2950,5.7992,2.5693,0.051371
kda,2951,5.8012,2.5527,0.051298
kda,2952,5.8032,2.5981,0.053443
kda,2953,5.8051,2.6158,0.053971
kda,2954,5.8071,2.5985,0.052807
kda,2955,5.8091,2.6187,0.054396
kda,2956,5.811,2.6005,0.053319
kda,2957,5.813,2.5884,0.05225
kda,2958,5.815,2.5908,0.052563
kda,2959,5.8169,2.5921,0.05514
kda,2960,5.8189,2.5624,0.051691
kda,2961,5.8209,2.5992,0.051024
kda,2962,5.8228,2.574,0.050761
kda,2963,5.8248,2.5726,0.051334
kda,2964,5.8267,2.54,0.052463
kda,2965,5.8287,2.5723,0.05331
kda,2966,5.8307,2.5713,0.056035
kda,2967,5.8326,2.5684,0.0526
kda,2968,5.8346,2.5798,0.050583
kda,2969,5.8366,2.5886,0.052217
kda,2970,5.8385,2.6052,0.054964
kda,2971,5.8405,2.5783,0.054424
kda,2972,5.8425,2.5888,0.051635
kda,2973,5.8444,2.6208,0.053803
kda,2974,5.8464,2.5989,0.052575
kda,2975,5.8484,2.5815,0.05142
kda,2976,5.8503,2.5624,0.051803
kda,2977,5.8523,2.5902,0.052057
kda,2978,5.8543,2.5998,0.052523
kda,2979,5.8562,2.5658,0.05108
kda,2980,5.8582,2.5377,0.051889
kda,2981,5.8602,2.5528,0.051016
kda,2982,5.8621,2.6003,0.050689
kda,2983,5.8641,2.6053,0.05134
kda,2984,5.8661,2.5697,0.051742
kda,2985,5.868,2.5627,0.052014
kda,2986,5.87,2.5712,0.052316
kda,2987,5.872,2.5708,0.050596
kda,2988,5.8739,2.5444,0.05503
kda,2989,5.8759,2.5352,0.052189
kda,2990,5.8779,2.5688,0.052423
kda,2991,5.8798,2.6226,0.053619
kda,2992,5.8818,2.5846,0.056548
kda,2993,5.8838,2.5742,0.055854
kda,2994,5.8857,2.5786,0.054103
kda,2995,5.8877,2.5992,0.054101
kda,2996,5.8897,2.579,0.050765
kda,2997,5.8916,2.578,0.05219
kda,2998,5.8936,2.5543,0.052292
kda,2999,5.8956,2.5532,0.070293
kda,3000,5.8975,2.5823,0.051615
kda,3001,5.8995,2.579,0.051516
kda,3002,5.9015,2.5828,0.054352
kda,3003,5.9034,2.5633,0.051454
kda,3004,5.9054,2.5881,0.052392
kda,3005,5.9073,2.6028,0.053048
kda,3006,5.9093,2.5391,0.053715
kda,3007,5.9113,2.5953,0.052074
kda,3008,5.9132,2.5823,0.050307
kda,3009,5.9152,2.6049,0.052644
kda,3010,5.9172,2.5613,0.052356
kda,3011,5.9191,2.5661,0.054426
kda,3012,5.9211,2.5652,0.05421
kda,3013,5.9231,2.5704,0.051583
kda,3014,5.925,2.5832,0.052562
kda,3015,5.927,2.585,0.053398
kda,3016,5.929,2.5745,0.05233
kda,3017,5.9309,2.5801,0.050566
kda,3018,5.9329,2.5488,0.051903
kda,3019,5.9349,2.564,0.052328
kda,3020,5.9368,2.5947,0.052932
kda,3021,5.9388,2.6053,0.052382
kda,3022,5.9408,2.6199,0.052355
kda,3023,5.9427,2.5621,0.052132
kda,3024,5.9447,2.5461,0.05097
kda,3025,5.9467,2.5579,0.051428
kda,3026,5.9486,2.573,0.053206
kda,3027,5.9506,2.5722,0.052723
kda,3028,5.9526,2.6095,0.051559
kda,3029,5.9545,2.5837,0.051533
kda,3030,5.9565,2.5974,0.051455
kda,3031,5.9585,2.6233,0.055471
kda,3032,5.9604,2.6042,0.052742
kda,3033,5.9624,2.5971,0.052105
kda,3034,5.9644,2.5621,0.051236
kda,3035,5.9663,2.5698,0.052388
kda,3036,5.9683,2.5323,0.052008
kda,3037,5.9703,2.5647,0.052242
kda,3038,5.9722,2.566,0.051859
kda,3039,5.9742,2.5987,0.051806
kda,3040,5.9762,2.5669,0.051226
kda,3041,5.9781,2.5497,0.0516
kda,3042,5.9801,2.5693,0.051851
kda,3043,5.9821,2.6029,0.05212
kda,3044,5.984,2.542,0.053861
kda,3045,5.986,2.5574,0.052278
kda,3046,5.9879,2.5898,0.051558
kda,3047,5.9899,2.5972,0.053337
kda,3048,5.9919,2.5915,0.052864
kda,3049,5.9938,2.5903,0.052552
kda,3050,5.9958,2.5465,0.053172
kda,3051,5.9978,2.5324,0.05139
kda,3052,5.9997,2.5971,0.051125
kda,3053,6.0017,2.5634,0.051366
ngram50,1,0.0019658,15.456,3.1562
ngram50,2,0.0039317,15.45,3.1406
ngram50,3,0.0058975,15.449,3.1406
ngram50,4,0.0078634,15.42,3.1562
ngram50,5,0.0098292,15.403,3.2188
ngram50,6,0.011795,15.356,3.25
ngram50,7,0.013761,15.291,3.2969
ngram50,8,0.015727,15.197,3.4531
ngram50,9,0.017693,15.08,3.625
ngram50,10,0.019658,14.919,3.7812
ngram50,11,0.021624,14.716,4.1875
ngram50,12,0.02359,14.47,4.75
ngram50,13,0.025556,14.189,5.3125
ngram50,14,0.027522,13.842,5.9688
ngram50,15,0.029488,13.446,6.8125
ngram50,16,0.031453,13.025,7.4062
ngram50,17,0.033419,12.54,7.9062
ngram50,18,0.035385,12.097,8.0625
ngram50,19,0.037351,11.639,7.6562
ngram50,20,0.039317,11.227,6.9062
ngram50,21,0.041283,10.884,5.875
ngram50,22,0.043248,10.604,4.9062
ngram50,23,0.045214,10.392,4.1875
ngram50,24,0.04718,10.204,3.7656
ngram50,25,0.049146,10.062,3.6094
ngram50,26,0.051112,9.9349,3.5
ngram50,27,0.053078,9.8107,3.5156
ngram50,28,0.055044,9.7011,3.4375
ngram50,29,0.057009,9.5853,3.4219
ngram50,30,0.058975,9.4764,3.3594
ngram50,31,0.060941,9.3588,3.2969
ngram50,32,0.062907,9.2166,3.2344
ngram50,33,0.064873,9.086,3.0625
ngram50,34,0.066839,8.9394,2.9219
ngram50,35,0.068804,8.785,2.7188
ngram50,36,0.07077,8.6649,2.4375
ngram50,37,0.072736,8.5291,2.1875
ngram50,38,0.074702,8.381,1.9531
ngram50,39,0.076668,8.2742,1.8047
ngram50,40,0.078634,8.1658,1.6719
ngram50,41,0.080599,8.0274,1.5547
ngram50,42,0.082565,7.9212,1.3672
ngram50,43,0.084531,7.8398,1.1719
ngram50,44,0.086497,7.7327,1.1172
ngram50,45,0.088463,7.6612,1.1016
ngram50,46,0.090429,7.5914,0.95312
ngram50,47,0.092394,7.4928,0.77344
ngram50,48,0.09436,7.4097,0.66406
ngram50,49,0.096326,7.371,0.61719
ngram50,50,0.098292,7.3002,0.58203
ngram50,51,0.10026,7.274,0.52734
ngram50,52,0.10222,7.2369,0.47852
ngram50,53,0.10419,7.2089,0.45703
ngram50,54,0.10616,7.1707,0.48633
ngram50,55,0.10812,7.1105,0.47461
ngram50,56,0.11009,7.0519,0.53906
ngram50,57,0.11205,7.0282,0.72266
ngram50,58,0.11402,6.9987,1.1562
ngram50,59,0.11598,6.9811,1.8594
ngram50,60,0.11795,6.9379,1.3281
ngram50,61,0.11992,6.891,1.7734
ngram50,62,0.12188,6.8335,1.3672
ngram50,63,0.12385,6.8172,1.8516
ngram50,64,0.12581,6.7536,1.4609
ngram50,65,0.12778,6.7129,1.6406
ngram50,66,0.12975,6.6549,1.4844
ngram50,67,0.13171,6.6369,2.0469
ngram50,68,0.13368,6.5916,1.8984
ngram50,69,0.13564,6.5365,2.3125
ngram50,70,0.13761,6.518,1.4922
ngram50,71,0.13957,6.4583,1.7891
ngram50,72,0.14154,6.4107,1.4844
ngram50,73,0.14351,6.3772,1.6016
ngram50,74,0.14547,6.3442,1.6094
ngram50,75,0.14744,6.2773,1.625
ngram50,76,0.1494,6.2526,1.3125
ngram50,77,0.15137,6.1771,1.5938
ngram50,78,0.15334,6.182,1.6719
ngram50,79,0.1553,6.1412,2.2188
ngram50,80,0.15727,6.0727,1.5859
ngram50,81,0.15923,6.0375,1.4766
ngram50,82,0.1612,6.0035,1.3672
ngram50,83,0.16316,5.9337,1.2422
ngram50,84,0.16513,5.8909,1.0547
ngram50,85,0.1671,5.8535,1.1562
ngram50,86,0.16906,5.7984,0.96875
ngram50,87,0.17103,5.7883,1.4688
ngram50,88,0.17299,5.7643,1.25
ngram50,89,0.17496,5.6956,1.1406
ngram50,90,0.17693,5.6737,0.9375
ngram50,91,0.17889,5.6233,0.96484
ngram50,92,0.18086,5.5895,1.0938
ngram50,93,0.18282,5.5689,1.0859
ngram50,94,0.18479,5.5136,1.1328
ngram50,95,0.18675,5.5065,1.3125
ngram50,96,0.18872,5.484,1.2109
ngram50,97,0.19069,5.4633,1.0469
ngram50,98,0.19265,5.4134,1.1328
ngram50,99,0.19462,5.3821,1.0234
ngram50,100,0.19658,5.4018,1.0312
ngram50,101,0.19855,5.3332,0.77734
ngram50,102,0.20052,5.3167,0.85938
ngram50,103,0.20248,5.2979,1.0078
ngram50,104,0.20445,5.2849,1.0078
ngram50,105,0.20641,5.2763,0.99219
ngram50,106,0.20838,5.2751,1.0078
ngram50,107,0.21034,5.2454,0.82031
ngram50,108,0.21231,5.1854,1.0938
ngram50,109,0.21428,5.253,0.98438
ngram50,110,0.21624,5.1935,1.0312
ngram50,111,0.21821,5.1845,0.88672
ngram50,112,0.22017,5.1403,0.69531
ngram50,113,0.22214,5.1188,0.85547
ngram50,114,0.22411,5.1343,0.96875
ngram50,115,0.22607,5.0681,0.94141
ngram50,116,0.22804,5.0756,0.75391
ngram50,117,0.23,5.0383,0.61719
ngram50,118,0.23197,5.0404,0.76953
ngram50,119,0.23393,5.0606,1.0859
ngram50,120,0.2359,5.0168,0.92969
ngram50,121,0.23787,5.0128,0.80469
ngram50,122,0.23983,4.9646,0.61328
ngram50,123,0.2418,4.9778,0.58984
ngram50,124,0.24376,4.9819,0.80078
ngram50,125,0.24573,4.9476,0.875
ngram50,126,0.2477,4.9335,0.66797
ngram50,127,0.24966,4.8976,0.76953
ngram50,128,0.25163,4.8995,1.0234
ngram50,129,0.25359,4.9343,0.86328
ngram50,130,0.25556,4.9372,0.75391
ngram50,131,0.25753,4.9219,0.82422
ngram50,132,0.25949,4.8933,0.82031
ngram50,133,0.26146,4.8883,0.86328
ngram50,134,0.26342,4.8831,0.87891
ngram50,135,0.26539,4.8753,0.96875
ngram50,136,0.26735,4.8289,0.86328
ngram50,137,0.26932,4.8481,0.66797
ngram50,138,0.27129,4.8213,0.91797
ngram50,139,0.27325,4.8319,0.74219
ngram50,140,0.27522,4.7801,0.66406
ngram50,141,0.27718,4.8278,0.70703
ngram50,142,0.27915,4.7802,0.74219
ngram50,143,0.28112,4.7719,0.82031
ngram50,144,0.28308,4.7715,0.76562
ngram50,145,0.28505,4.7743,0.77734
ngram50,146,0.28701,4.739,0.79297
ngram50,147,0.28898,4.7497,0.68359
ngram50,148,0.29094,4.7276,0.74609
ngram50,149,0.29291,4.7281,0.85547
ngram50,150,0.29488,4.6998,0.66797
ngram50,151,0.29684,4.7141,0.6875
ngram50,152,0.29881,4.6873,0.55078
ngram50,153,0.30077,4.6676,0.55859
ngram50,154,0.30274,4.6777,0.79688
ngram50,155,0.30471,4.6787,0.78516
ngram50,156,0.30667,4.7,0.58984
ngram50,157,0.30864,4.667,0.57422
ngram50,158,0.3106,4.628,0.67969
ngram50,159,0.31257,4.6684,0.78125
ngram50,160,0.31453,4.6217,0.62109
ngram50,161,0.3165,4.6019,0.67578
ngram50,162,0.31847,4.5912,0.70312
ngram50,163,0.32043,4.5378,0.51172
ngram50,164,0.3224,4.5596,0.55859
ngram50,165,0.32436,4.5921,0.75391
ngram50,166,0.32633,4.542,0.71875
ngram50,167,0.3283,4.5728,0.58203
ngram50,168,0.33026,4.5586,0.51953
ngram50,169,0.33223,4.5188,0.53516
ngram50,170,0.33419,4.5207,0.54297
ngram50,171,0.33616,4.5066,0.69531
ngram50,172,0.33812,4.4857,0.71094
ngram50,173,0.34009,4.5043,0.66016
ngram50,174,0.34206,4.5445,0.69922
ngram50,175,0.34402,4.4702,0.71094
ngram50,176,0.34599,4.5906,0.5625
ngram50,177,0.34795,4.4578,0.48828
ngram50,178,0.34992,4.4497,0.53516
ngram50,179,0.35189,4.4588,0.55859
ngram50,180,0.35385,4.4287,0.53125
ngram50,181,0.35582,4.424,0.59375
ngram50,182,0.35778,4.4232,0.59375
ngram50,183,0.35975,4.3665,0.5
ngram50,184,0.36171,4.3734,0.51172
ngram50,185,0.36368,4.4201,0.70703
ngram50,186,0.36565,4.3994,0.69141
ngram50,187,0.36761,4.3934,0.52344
ngram50,188,0.36958,4.375,0.52734
ngram50,189,0.37154,4.3751,0.4707
ngram50,190,0.37351,4.3641,0.44141
ngram50,191,0.37548,4.3493,0.44922
ngram50,192,0.37744,4.3197,0.44922
ngram50,193,0.37941,4.3786,0.54297
ngram50,194,0.38137,4.3178,0.55859
ngram50,195,0.38334,4.3395,0.4707
ngram50,196,0.3853,4.3127,0.48047
ngram50,197,0.38727,4.2934,0.45703
ngram50,198,0.38924,4.2944,0.46875
ngram50,199,0.3912,4.3058,0.49609
ngram50,200,0.39317,4.328,0.51172
ngram50,201,0.39513,4.301,0.45898
ngram50,202,0.3971,4.2767,0.41211
ngram50,203,0.39907,4.2538,0.42188
ngram50,204,0.40103,4.264,0.54688
ngram50,205,0.403,4.2283,0.57031
ngram50,206,0.40496,4.2466,0.57031
ngram50,207,0.40693,4.2428,0.64844
ngram50,208,0.40889,4.2212,0.41992
ngram50,209,0.41086,4.1939,0.42383
ngram50,210,0.41283,4.1996,0.46484
ngram50,211,0.41479,4.1873,0.42578
ngram50,212,0.41676,4.1954,0.44141
ngram50,213,0.41872,4.188,0.4375
ngram50,214,0.42069,4.1814,0.43359
ngram50,215,0.42266,4.1994,0.42578
ngram50,216,0.42462,4.1323,0.39453
ngram50,217,0.42659,4.1601,0.4375
ngram50,218,0.42855,4.1802,0.51562
ngram50,219,0.43052,4.1959,0.52344
ngram50,220,0.43248,4.1402,0.60938
ngram50,221,0.43445,4.1496,0.48438
ngram50,222,0.43642,4.1038,0.43555
ngram50,223,0.43838,4.1516,0.48633
ngram50,224,0.44035,4.1405,0.41602
ngram50,225,0.44231,4.1327,0.39844
ngram50,226,0.44428,4.1329,0.41016
ngram50,227,0.44625,4.0726,0.35547
ngram50,228,0.44821,4.0866,0.35742
ngram50,229,0.45018,4.1148,0.36133
ngram50,230,0.45214,4.0694,0.36133
ngram50,231,0.45411,4.0437,0.37109
ngram50,232,0.45607,4.0726,0.37695
ngram50,233,0.45804,4.0671,0.4082
ngram50,234,0.46001,4.0436,0.40039
ngram50,235,0.46197,4.0354,0.33008
ngram50,236,0.46394,4.031,0.37891
ngram50,237,0.4659,4.0578,0.38477
ngram50,238,0.46787,4.0413,0.36133
ngram50,239,0.46984,4.0354,0.37695
ngram50,240,0.4718,4.0496,0.39258
ngram50,241,0.47377,4.06,0.40234
ngram50,242,0.47573,3.9906,0.44141
ngram50,243,0.4777,3.9811,0.42188
ngram50,244,0.47966,4.0214,0.39258
ngram50,245,0.48163,3.9892,0.38672
ngram50,246,0.4836,3.9829,0.34375
ngram50,247,0.48556,3.9979,0.33203
ngram50,248,0.48753,3.9786,0.37891
ngram50,249,0.48949,3.9682,0.40039
ngram50,250,0.49146,3.9764,0.35156
ngram50,251,0.49343,3.9482,0.3457
ngram50,252,0.49539,3.9521,0.4082
ngram50,253,0.49736,3.9842,0.4375
ngram50,254,0.49932,3.9653,0.42188
ngram50,255,0.50129,3.9167,0.39062
ngram50,256,0.50326,3.9016,0.37695
ngram50,257,0.50522,3.9351,0.34766
ngram50,258,0.50719,3.9239,0.43164
ngram50,259,0.50915,3.9096,0.42773
ngram50,260,0.51112,3.9085,0.35352
ngram50,261,0.51308,3.8904,0.35547
ngram50,262,0.51505,3.9064,0.34961
ngram50,263,0.51702,3.8831,0.35352
ngram50,264,0.51898,3.9131,0.3457
ngram50,265,0.52095,3.8468,0.30078
ngram50,266,0.52291,3.8389,0.27148
ngram50,267,0.52488,3.8768,0.29688
ngram50,268,0.52685,3.823,0.36914
ngram50,269,0.52881,3.8634,0.375
ngram50,270,0.53078,3.8271,0.35938
ngram50,271,0.53274,3.8128,0.3457
ngram50,272,0.53471,3.8165,0.33008
ngram50,273,0.53667,3.8095,0.42188
ngram50,274,0.53864,3.8401,0.36328
ngram50,275,0.54061,3.801,0.32227
ngram50,276,0.54257,3.8209,0.35352
ngram50,277,0.54454,3.7634,0.4043
ngram50,278,0.5465,3.8041,0.38281
ngram50,279,0.54847,3.8054,0.33203
ngram50,280,0.55044,3.7606,0.26953
ngram50,281,0.5524,3.7536,0.27734
ngram50,282,0.55437,3.7396,0.29297
ngram50,283,0.55633,3.751,0.31055
ngram50,284,0.5583,3.7969,0.33594
ngram50,285,0.56026,3.75,0.32812
ngram50,286,0.56223,3.7856,0.32422
ngram50,287,0.5642,3.7439,0.24023
ngram50,288,0.56616,3.7938,0.25195
ngram50,289,0.56813,3.7704,0.33008
ngram50,290,0.57009,3.7051,0.33008
ngram50,291,0.57206,3.7232,0.27344
ngram50,292,0.57403,3.7059,0.26172
ngram50,293,0.57599,3.6884,0.29102
ngram50,294,0.57796,3.7091,0.29297
ngram50,295,0.57992,3.7483,0.33203
ngram50,296,0.58189,3.6632,0.36719
ngram50,297,0.58385,3.7269,0.32227
ngram50,298,0.58582,3.6607,0.29297
ngram50,299,0.58779,3.6565,0.3457
ngram50,300,0.58975,3.6695,0.34766
ngram50,301,0.59172,3.6618,0.33398
ngram50,302,0.59368,3.6447,0.29688
ngram50,303,0.59565,3.6386,0.27344
ngram50,304,0.59762,3.6529,0.26562
ngram50,305,0.59958,3.6548,0.26172
ngram50,306,0.60155,3.6082,0.26758
ngram50,307,0.60351,3.6432,0.2832
ngram50,308,0.60548,3.6043,0.28711
ngram50,309,0.60744,3.6172,0.30664
ngram50,310,0.60941,3.641,0.32227
ngram50,311,0.61138,3.6264,0.29883
ngram50,312,0.61334,3.5892,0.30664
ngram50,313,0.61531,3.6665,0.3125
ngram50,314,0.61727,3.6086,0.30078
ngram50,315,0.61924,3.613,0.29297
ngram50,316,0.62121,3.5832,0.26562
ngram50,317,0.62317,3.5492,0.25
ngram50,318,0.62514,3.5802,0.26367
ngram50,319,0.6271,3.6256,0.25391
ngram50,320,0.62907,3.5904,0.24902
ngram50,321,0.63103,3.5703,0.27539
ngram50,322,0.633,3.6188,0.30078
ngram50,323,0.63497,3.5484,0.26172
ngram50,324,0.63693,3.5257,0.24316
ngram50,325,0.6389,3.558,0.27344
ngram50,326,0.64086,3.5956,0.30078
ngram50,327,0.64283,3.5486,0.26562
ngram50,328,0.6448,3.5561,0.26562
ngram50,329,0.64676,3.55,0.2793
ngram50,330,0.64873,3.5549,0.27734
ngram50,331,0.65069,3.5042,0.23145
ngram50,332,0.65266,3.4891,0.24023
ngram50,333,0.65462,3.5427,0.2793
ngram50,334,0.65659,3.5114,0.29102
ngram50,335,0.65856,3.5229,0.28125
ngram50,336,0.66052,3.5316,0.27148
ngram50,337,0.66249,3.5311,0.26172
ngram50,338,0.66445,3.6053,0.27148
ngram50,339,0.66642,3.5418,0.21777
ngram50,340,0.66839,3.5228,0.21289
ngram50,341,0.67035,3.5049,0.23535
ngram50,342,0.67232,3.4849,0.25781
ngram50,343,0.67428,3.4705,0.26367
ngram50,344,0.67625,3.4986,0.23828
ngram50,345,0.67821,3.5155,0.22754
ngram50,346,0.68018,3.5122,0.24707
ngram50,347,0.68215,3.4647,0.27148
ngram50,348,0.68411,3.4766,0.28711
ngram50,349,0.68608,3.4956,0.24902
ngram50,350,0.68804,3.455,0.22266
ngram50,351,0.69001,3.4869,0.24219
ngram50,352,0.69198,3.4718,0.26562
ngram50,353,0.69394,3.5035,0.31445
ngram50,354,0.69591,3.4497,0.26367
ngram50,355,0.69787,3.4554,0.2373
ngram50,356,0.69984,3.448,0.24512
ngram50,357,0.7018,3.4586,0.23438
ngram50,358,0.70377,3.4528,0.23047
ngram50,359,0.70574,3.4248,0.2207
ngram50,360,0.7077,3.4518,0.21582
ngram50,361,0.70967,3.4426,0.21484
ngram50,362,0.71163,3.4445,0.22461
ngram50,363,0.7136,3.4538,0.21484
ngram50,364,0.71557,3.438,0.21484
ngram50,365,0.71753,3.4401,0.19531
ngram50,366,0.7195,3.4262,0.20508
ngram50,367,0.72146,3.4655,0.22266
ngram50,368,0.72343,3.4911,0.23242
ngram50,369,0.72539,3.4341,0.23438
ngram50,370,0.72736,3.4431,0.23828
ngram50,371,0.72933,3.4255,0.22754
ngram50,372,0.73129,3.3994,0.2002
ngram50,373,0.73326,3.4117,0.18066
ngram50,374,0.73522,3.4138,0.18945
ngram50,375,0.73719,3.4084,0.22363
ngram50,376,0.73916,3.4386,0.25977
ngram50,377,0.74112,3.3698,0.2334
ngram50,378,0.74309,3.4,0.20508
ngram50,379,0.74505,3.4544,0.21094
ngram50,380,0.74702,3.3936,0.23145
ngram50,381,0.74899,3.3715,0.22949
ngram50,382,0.75095,3.4129,0.22461
ngram50,383,0.75292,3.3862,0.24121
ngram50,384,0.75488,3.3916,0.25391
ngram50,385,0.75685,3.3713,0.2334
ngram50,386,0.75881,3.3655,0.22363
ngram50,387,0.76078,3.3694,0.2002
ngram50,388,0.76275,3.3549,0.20996
ngram50,389,0.76471,3.3967,0.24609
ngram50,390,0.76668,3.3933,0.27539
ngram50,391,0.76864,3.3416,0.23926
ngram50,392,0.77061,3.3467,0.18457
ngram50,393,0.77258,3.37,0.17285
ngram50,394,0.77454,3.4058,0.2002
ngram50,395,0.77651,3.3973,0.20508
ngram50,396,0.77847,3.3336,0.2207
ngram50,397,0.78044,3.3452,0.22852
ngram50,398,0.7824,3.4233,0.22363
ngram50,399,0.78437,3.3486,0.19727
ngram50,400,0.78634,3.3365,0.18457
ngram50,401,0.7883,3.3544,0.1748
ngram50,402,0.79027,3.337,0.18945
ngram50,403,0.79223,3.3496,0.20605
ngram50,404,0.7942,3.3383,0.18848
ngram50,405,0.79617,3.4872,0.17676
ngram50,406,0.79813,3.2837,0.14551
ngram50,407,0.8001,3.329,0.1543
ngram50,408,0.80206,3.3334,0.1875
ngram50,409,0.80403,3.3435,0.19434
ngram50,410,0.80599,3.3727,0.18848
ngram50,411,0.80796,3.3333,0.17285
ngram50,412,0.80993,3.3462,0.19043
ngram50,413,0.81189,3.354,0.19629
ngram50,414,0.81386,3.3295,0.21777
ngram50,415,0.81582,3.3121,0.22168
ngram50,416,0.81779,3.3194,0.21191
ngram50,417,0.81976,3.3248,0.18555
ngram50,418,0.82172,3.3397,0.17773
ngram50,419,0.82369,3.3545,0.18359
ngram50,420,0.82565,3.2735,0.24316
ngram50,421,0.82762,3.3202,0.18945
ngram50,422,0.82958,3.3093,0.17676
ngram50,423,0.83155,3.312,0.17285
ngram50,424,0.83352,3.3076,0.19141
ngram50,425,0.83548,3.3351,0.19043
ngram50,426,0.83745,3.3234,0.18164
ngram50,427,0.83941,3.3094,0.17773
ngram50,428,0.84138,3.359,0.19922
ngram50,429,0.84335,3.3252,0.19531
ngram50,430,0.84531,3.3324,0.19043
ngram50,431,0.84728,3.3026,0.18164
ngram50,432,0.84924,3.2941,0.17969
ngram50,433,0.85121,3.3805,0.18555
ngram50,434,0.85317,3.2954,0.18848
ngram50,435,0.85514,3.3187,0.17188
ngram50,436,0.85711,3.3063,0.15527
ngram50,437,0.85907,3.3082,0.16016
ngram50,438,0.86104,3.3313,0.18359
ngram50,439,0.863,3.2893,0.18848
ngram50,440,0.86497,3.2671,0.17773
ngram50,441,0.86694,3.3478,0.16309
ngram50,442,0.8689,3.3156,0.16016
ngram50,443,0.87087,3.3221,0.16895
ngram50,444,0.87283,3.3082,0.1748
ngram50,445,0.8748,3.2532,0.1709
ngram50,446,0.87676,3.2733,0.19043
ngram50,447,0.87873,3.2901,0.21875
ngram50,448,0.8807,3.2677,0.22461
ngram50,449,0.88266,3.3155,0.20117
ngram50,450,0.88463,3.3188,0.18457
ngram50,451,0.88659,3.2887,0.17676
ngram50,452,0.88856,3.248,0.14844
ngram50,453,0.89053,3.2692,0.14746
ngram50,454,0.89249,3.2828,0.15137
ngram50,455,0.89446,3.2844,0.16895
ngram50,456,0.89642,3.3179,0.16992
ngram50,457,0.89839,3.2438,0.16602
ngram50,458,0.90035,3.2833,0.16504
ngram50,459,0.90232,3.2855,0.17871
ngram50,460,0.90429,3.2649,0.17773
ngram50,461,0.90625,3.2607,0.17676
ngram50,462,0.90822,3.2767,0.18359
ngram50,463,0.91018,3.2559,0.1709
ngram50,464,0.91215,3.2802,0.18359
ngram50,465,0.91412,3.2884,0.18359
ngram50,466,0.91608,3.2536,0.16699
ngram50,467,0.91805,3.2682,0.16113
ngram50,468,0.92001,3.2507,0.15918
ngram50,469,0.92198,3.2598,0.15625
ngram50,470,0.92394,3.2761,0.16797
ngram50,471,0.92591,3.2819,0.1543
ngram50,472,0.92788,3.2559,0.16406
ngram50,473,0.92984,3.2589,0.16992
ngram50,474,0.93181,3.2812,0.20312
ngram50,475,0.93377,3.2375,0.17676
ngram50,476,0.93574,3.2597,0.18262
ngram50,477,0.93771,3.2891,0.16406
ngram50,478,0.93967,3.2299,0.15332
ngram50,479,0.94164,3.2627,0.1582
ngram50,480,0.9436,3.2697,0.16113
ngram50,481,0.94557,3.2614,0.1582
ngram50,482,0.94753,3.2504,0.15625
ngram50,483,0.9495,3.2235,0.15723
ngram50,484,0.95147,3.2303,0.14941
ngram50,485,0.95343,3.2485,0.15137
ngram50,486,0.9554,3.2339,0.14746
ngram50,487,0.95736,3.2097,0.14453
ngram50,488,0.95933,3.2699,0.14355
ngram50,489,0.9613,3.2257,0.14648
ngram50,490,0.96326,3.1913,0.14258
ngram50,491,0.96523,3.1973,0.15234
ngram50,492,0.96719,3.2085,0.15039
ngram50,493,0.96916,3.2256,0.15234
ngram50,494,0.97112,3.2269,0.16699
ngram50,495,0.97309,3.2014,0.1748
ngram50,496,0.97506,3.19,0.16797
ngram50,497,0.97702,3.2025,0.16992
ngram50,498,0.97899,3.2344,0.17969
ngram50,499,0.98095,3.2191,0.18652
ngram50,500,0.98292,3.1977,0.17773
ngram50,501,0.98489,3.2005,0.16504
ngram50,502,0.98685,3.2302,0.15234
ngram50,503,0.98882,3.2083,0.15234
ngram50,504,0.99078,3.2062,0.15039
ngram50,505,0.99275,3.2315,0.16016
ngram50,506,0.99472,3.2328,0.17188
ngram50,507,0.99668,3.2225,0.18652
ngram50,508,0.99865,3.1954,0.17188
ngram50,509,1.0006,3.2018,0.15332
ngram50,510,1.0026,3.2406,0.13672
ngram50,511,1.0045,3.2199,0.14746
ngram50,512,1.0065,3.1828,0.14941
ngram50,513,1.0085,3.2066,0.16992
ngram50,514,1.0104,3.173,0.16699
ngram50,515,1.0124,3.1777,0.16406
ngram50,516,1.0144,3.2025,0.16797
ngram50,517,1.0163,3.1576,0.14844
ngram50,518,1.0183,3.2146,0.12891
ngram50,519,1.0203,3.2425,0.13867
ngram50,520,1.0222,3.1748,0.15723
ngram50,521,1.0242,3.1894,0.15137
ngram50,522,1.0262,3.1888,0.13867
ngram50,523,1.0281,3.2089,0.13184
ngram50,524,1.0301,3.1824,0.13574
ngram50,525,1.0321,3.2348,0.14648
ngram50,526,1.034,3.1927,0.15137
ngram50,527,1.036,3.1723,0.14844
ngram50,528,1.038,3.1991,0.14551
ngram50,529,1.0399,3.1932,0.14746
ngram50,530,1.0419,3.1601,0.14453
ngram50,531,1.0439,3.1707,0.14844
ngram50,532,1.0458,3.1557,0.14746
ngram50,533,1.0478,3.165,0.14258
ngram50,534,1.0498,3.1771,0.14648
ngram50,535,1.0517,3.2,0.16016
ngram50,536,1.0537,3.179,0.16895
ngram50,537,1.0557,3.1895,0.17285
ngram50,538,1.0576,3.2009,0.16406
ngram50,539,1.0596,3.1777,0.16113
ngram50,540,1.0616,3.171,0.15723
ngram50,541,1.0635,3.1937,0.16406
ngram50,542,1.0655,3.1572,0.16211
ngram50,543,1.0675,3.1878,0.16016
ngram50,544,1.0694,3.1581,0.14551
ngram50,545,1.0714,3.1736,0.14355
ngram50,546,1.0733,3.1573,0.15137
ngram50,547,1.0753,3.1809,0.14453
ngram50,548,1.0773,3.1612,0.1543
ngram50,549,1.0792,3.1499,0.16602
ngram50,550,1.0812,3.1951,0.1543
ngram50,551,1.0832,3.1538,0.14941
ngram50,552,1.0851,3.1563,0.13867
ngram50,553,1.0871,3.1787,0.13477
ngram50,554,1.0891,3.178,0.13574
ngram50,555,1.091,3.1313,0.14453
ngram50,556,1.093,3.1697,0.15137
ngram50,557,1.095,3.1686,0.15918
ngram50,558,1.0969,3.1471,0.16602
ngram50,559,1.0989,3.1673,0.16309
ngram50,560,1.1009,3.1667,0.13672
ngram50,561,1.1028,3.169,0.13574
ngram50,562,1.1048,3.1322,0.13867
ngram50,563,1.1068,3.16,0.14551
ngram50,564,1.1087,3.1528,0.15625
ngram50,565,1.1107,3.1397,0.13965
ngram50,566,1.1127,3.1475,0.14062
ngram50,567,1.1146,3.1789,0.14551
ngram50,568,1.1166,3.1557,0.14941
ngram50,569,1.1186,3.172,0.15039
ngram50,570,1.1205,3.1585,0.14648
ngram50,571,1.1225,3.1301,0.15234
ngram50,572,1.1245,3.1135,0.15625
ngram50,573,1.1264,3.1572,0.1543
ngram50,574,1.1284,3.159,0.14844
ngram50,575,1.1304,3.1299,0.14355
ngram50,576,1.1323,3.1398,0.14062
ngram50,577,1.1343,3.1149,0.125
ngram50,578,1.1363,3.1455,0.12402
ngram50,579,1.1382,3.0989,0.125
ngram50,580,1.1402,3.1206,0.12451
ngram50,581,1.1422,3.1441,0.12891
ngram50,582,1.1441,3.1456,0.12598
ngram50,583,1.1461,3.1158,0.13379
ngram50,584,1.1481,3.1197,0.12891
ngram50,585,1.15,3.0916,0.12695
ngram50,586,1.152,3.1381,0.12891
ngram50,587,1.1539,3.1066,0.14258
ngram50,588,1.1559,3.1168,0.14355
ngram50,589,1.1579,3.1424,0.15039
ngram50,590,1.1598,3.1478,0.13867
ngram50,591,1.1618,3.1764,0.13281
ngram50,592,1.1638,3.1371,0.13184
ngram50,593,1.1657,3.0986,0.12402
ngram50,594,1.1677,3.169,0.11621
ngram50,595,1.1697,3.1084,0.12256
ngram50,596,1.1716,3.1293,0.14648
ngram50,597,1.1736,3.0974,0.15723
ngram50,598,1.1756,3.1402,0.15723
ngram50,599,1.1775,3.1261,0.1709
ngram50,600,1.1795,3.1231,0.13965
ngram50,601,1.1815,3.1454,0.13672
ngram50,602,1.1834,3.1359,0.13086
ngram50,603,1.1854,3.1202,0.1377
ngram50,604,1.1874,3.0953,0.14648
ngram50,605,1.1893,3.16,0.14551
ngram50,606,1.1913,3.1383,0.1377
ngram50,607,1.1933,3.1548,0.13086
ngram50,608,1.1952,3.1676,0.13574
ngram50,609,1.1972,3.1709,0.14062
ngram50,610,1.1992,3.0905,0.14258
ngram50,611,1.2011,3.121,0.1377
ngram50,612,1.2031,3.1249,0.13184
ngram50,613,1.2051,3.1287,0.13379
ngram50,614,1.207,3.1225,0.16602
ngram50,615,1.209,3.1009,0.14453
ngram50,616,1.211,3.0967,0.15332
ngram50,617,1.2129,3.1041,0.14648
ngram50,618,1.2149,3.1113,0.14844
ngram50,619,1.2169,3.0795,0.1416
ngram50,620,1.2188,3.0997,0.13574
ngram50,621,1.2208,3.0983,0.1377
ngram50,622,1.2228,3.0912,0.13379
ngram50,623,1.2247,3.1453,0.12354
ngram50,624,1.2267,3.1154,0.12207
ngram50,625,1.2287,3.1299,0.12207
ngram50,626,1.2306,3.0823,0.12891
ngram50,627,1.2326,3.078,0.13379
ngram50,628,1.2345,3.1105,0.14355
ngram50,629,1.2365,3.1177,0.13281
ngram50,630,1.2385,3.0813,0.13867
ngram50,631,1.2404,3.0792,0.14648
ngram50,632,1.2424,3.0802,0.14453
ngram50,633,1.2444,3.1266,0.13379
ngram50,634,1.2463,3.1084,0.12695
ngram50,635,1.2483,3.0897,0.125
ngram50,636,1.2503,3.0912,0.12598
ngram50,637,1.2522,3.0698,0.13184
ngram50,638,1.2542,3.0709,0.1377
ngram50,639,1.2562,3.1483,0.14062
ngram50,640,1.2581,3.0807,0.12598
ngram50,641,1.2601,3.0692,0.13379
ngram50,642,1.2621,3.1093,0.12695
ngram50,643,1.264,3.0967,0.12891
ngram50,644,1.266,3.0724,0.1377
ngram50,645,1.268,3.0753,0.13379
ngram50,646,1.2699,3.1229,0.12793
ngram50,647,1.2719,3.0988,0.12207
ngram50,648,1.2739,3.0652,0.12402
ngram50,649,1.2758,3.0939,0.13477
ngram50,650,1.2778,3.1148,0.12695
ngram50,651,1.2798,3.0851,0.12891
ngram50,652,1.2817,3.0673,0.12793
ngram50,653,1.2837,3.0768,0.12988
ngram50,654,1.2857,3.0705,0.12793
ngram50,655,1.2876,3.0543,0.12695
ngram50,656,1.2896,3.0524,0.12793
ngram50,657,1.2916,3.0991,0.12451
ngram50,658,1.2935,3.0839,0.12012
ngram50,659,1.2955,3.0678,0.12305
ngram50,660,1.2975,3.1066,0.13086
ngram50,661,1.2994,3.0775,0.13574
ngram50,662,1.3014,3.0639,0.12695
ngram50,663,1.3034,3.1079,0.11865
ngram50,664,1.3053,3.0409,0.11523
ngram50,665,1.3073,3.0687,0.12598
ngram50,666,1.3092,3.0536,0.12891
ngram50,667,1.3112,3.0762,0.12695
ngram50,668,1.3132,3.0743,0.12256
ngram50,669,1.3151,3.0713,0.12891
ngram50,670,1.3171,3.0789,0.13574
ngram50,671,1.3191,3.0403,0.13867
ngram50,672,1.321,3.0588,0.12793
ngram50,673,1.323,3.0544,0.12109
ngram50,674,1.325,3.0717,0.12012
ngram50,675,1.3269,3.0805,0.12354
ngram50,676,1.3289,3.0601,0.12695
ngram50,677,1.3309,3.0661,0.13086
ngram50,678,1.3328,3.0996,0.13086
ngram50,679,1.3348,3.0782,0.13574
ngram50,680,1.3368,3.0625,0.14062
ngram50,681,1.3387,3.0715,0.14453
ngram50,682,1.3407,3.0296,0.13281
ngram50,683,1.3427,3.1179,0.12061
ngram50,684,1.3446,3.105,0.11865
ngram50,685,1.3466,3.0432,0.11377
ngram50,686,1.3486,3.0572,0.12451
ngram50,687,1.3505,3.069,0.13086
ngram50,688,1.3525,3.0753,0.12354
ngram50,689,1.3545,3.0533,0.13184
ngram50,690,1.3564,3.0358,0.13965
ngram50,691,1.3584,3.0343,0.13672
ngram50,692,1.3604,3.0643,0.125
ngram50,693,1.3623,3.0473,0.13379
ngram50,694,1.3643,3.0544,0.13086
ngram50,695,1.3663,3.0486,0.125
ngram50,696,1.3682,3.0501,0.12891
ngram50,697,1.3702,3.026,0.12988
ngram50,698,1.3722,3.024,0.13086
ngram50,699,1.3741,3.034,0.13184
ngram50,700,1.3761,3.0361,0.12256
ngram50,701,1.3781,3.0658,0.12012
ngram50,702,1.38,3.0393,0.12207
ngram50,703,1.382,3.0491,0.12793
ngram50,704,1.384,3.0808,0.13184
ngram50,705,1.3859,3.0733,0.125
ngram50,706,1.3879,3.0343,0.12207
ngram50,707,1.3898,3.07,0.13086
ngram50,708,1.3918,3.0289,0.1416
ngram50,709,1.3938,3.0407,0.1377
ngram50,710,1.3957,3.0614,0.13281
ngram50,711,1.3977,3.0394,0.14062
ngram50,712,1.3997,3.0525,0.14062
ngram50,713,1.4016,3.0643,0.12598
ngram50,714,1.4036,3.0315,0.11816
ngram50,715,1.4056,3.0356,0.11426
ngram50,716,1.4075,3.0751,0.11914
ngram50,717,1.4095,3.0429,0.12158
ngram50,718,1.4115,3.0397,0.12305
ngram50,719,1.4134,3.0518,0.12891
ngram50,720,1.4154,3.0362,0.12061
ngram50,721,1.4174,3.075,0.12109
ngram50,722,1.4193,3.0139,0.12012
ngram50,723,1.4213,3.0199,0.12256
ngram50,724,1.4233,3.0574,0.11621
ngram50,725,1.4252,3.0226,0.10938
ngram50,726,1.4272,3.0506,0.11865
ngram50,727,1.4292,3.042,0.1123
ngram50,728,1.4311,3.0484,0.12305
ngram50,729,1.4331,3.0182,0.125
ngram50,730,1.4351,3.0751,0.12988
ngram50,731,1.437,3.036,0.12695
ngram50,732,1.439,3.0276,0.12109
ngram50,733,1.441,3.0341,0.11621
ngram50,734,1.4429,3.0455,0.11475
ngram50,735,1.4449,3.0312,0.11182
ngram50,736,1.4469,3.0642,0.1123
ngram50,737,1.4488,3.0392,0.1167
ngram50,738,1.4508,3.059,0.1167
ngram50,739,1.4528,3.03,0.1167
ngram50,740,1.4547,3.0391,0.11328
ngram50,741,1.4567,3.0502,0.10645
ngram50,742,1.4587,3.0263,0.10791
ngram50,743,1.4606,3.0218,0.11523
ngram50,744,1.4626,3.0406,0.12988
ngram50,745,1.4646,3.0133,0.12451
ngram50,746,1.4665,3.0167,0.12158
ngram50,747,1.4685,3.0602,0.12598
ngram50,748,1.4704,2.9882,0.12988
ngram50,749,1.4724,3.0149,0.12988
ngram50,750,1.4744,3.0112,0.11816
ngram50,751,1.4763,3.0514,0.1123
ngram50,752,1.4783,2.9967,0.12109
ngram50,753,1.4803,2.9783,0.11719
ngram50,754,1.4822,3.0403,0.11133
ngram50,755,1.4842,3.029,0.10986
ngram50,756,1.4862,3.0255,0.10791
ngram50,757,1.4881,3.0453,0.12256
ngram50,758,1.4901,3.0368,0.15039
ngram50,759,1.4921,2.9837,0.16406
ngram50,760,1.494,3.0208,0.14746
ngram50,761,1.496,3.0318,0.13086
ngram50,762,1.498,3.0976,0.13281
ngram50,763,1.4999,3.0148,0.11426
ngram50,764,1.5019,3.0407,0.11865
ngram50,765,1.5039,3.0632,0.12793
ngram50,766,1.5058,3.0684,0.13379
ngram50,767,1.5078,3.0318,0.13574
ngram50,768,1.5098,2.995,0.14062
ngram50,769,1.5117,3.0048,0.15137
ngram50,770,1.5137,3.0107,0.14062
ngram50,771,1.5157,3.0071,0.13477
ngram50,772,1.5176,3.0337,0.12158
ngram50,773,1.5196,3.0308,0.12256
ngram50,774,1.5216,3.0163,0.11621
ngram50,775,1.5235,3.0075,0.10986
ngram50,776,1.5255,2.9631,0.12061
ngram50,777,1.5275,3.0259,0.12256
ngram50,778,1.5294,2.9933,0.12695
ngram50,779,1.5314,2.9827,0.12598
ngram50,780,1.5334,2.9878,0.13184
ngram50,781,1.5353,3.0393,0.12354
ngram50,782,1.5373,3.0246,0.11816
ngram50,783,1.5393,3.0355,0.12207
ngram50,784,1.5412,2.9917,0.13574
ngram50,785,1.5432,3.0038,0.13281
ngram50,786,1.5452,3.0081,0.11816
ngram50,787,1.5471,3.0115,0.11279
ngram50,788,1.5491,2.9928,0.11475
ngram50,789,1.551,2.9978,0.11865
ngram50,790,1.553,3.0077,0.11084
ngram50,791,1.555,2.9733,0.11279
ngram50,792,1.5569,3.0697,0.11279
ngram50,793,1.5589,2.9591,0.11377
ngram50,794,1.5609,2.9951,0.10449
ngram50,795,1.5628,2.9992,0.11084
ngram50,796,1.5648,2.9919,0.11963
ngram50,797,1.5668,3.0317,0.125
ngram50,798,1.5687,2.9895,0.12793
ngram50,799,1.5707,3.0116,0.12988
ngram50,800,1.5727,3.0213,0.12891
ngram50,801,1.5746,3.0233,0.12793
ngram50,802,1.5766,2.9672,0.11768
ngram50,803,1.5786,2.9731,0.12891
ngram50,804,1.5805,2.979,0.13672
ngram50,805,1.5825,2.9832,0.1377
ngram50,806,1.5845,3.0179,0.13086
ngram50,807,1.5864,2.988,0.13281
ngram50,808,1.5884,3.0545,0.12598
ngram50,809,1.5904,2.9831,0.11768
ngram50,810,1.5923,3.0089,0.11377
ngram50,811,1.5943,3.0322,0.12451
ngram50,812,1.5963,3.012,0.11865
ngram50,813,1.5982,2.9997,0.12158
ngram50,814,1.6002,2.9753,0.12012
ngram50,815,1.6022,2.9788,0.10791
ngram50,816,1.6041,2.9762,0.10303
ngram50,817,1.6061,2.9775,0.11279
ngram50,818,1.6081,3.0183,0.13184
ngram50,819,1.61,2.9979,0.12988
ngram50,820,1.612,2.9902,0.12207
ngram50,821,1.614,3.0261,0.11572
ngram50,822,1.6159,2.9631,0.10596
ngram50,823,1.6179,3.021,0.1123
ngram50,824,1.6199,2.9867,0.11963
ngram50,825,1.6218,2.9811,0.11279
ngram50,826,1.6238,3.0005,0.12109
ngram50,827,1.6257,2.973,0.12158
ngram50,828,1.6277,2.9885,0.11914
ngram50,829,1.6297,2.9829,0.12109
ngram50,830,1.6316,2.9958,0.11963
ngram50,831,1.6336,2.9705,0.13379
ngram50,832,1.6356,2.9963,0.1377
ngram50,833,1.6375,2.989,0.13281
ngram50,834,1.6395,2.9791,0.12695
ngram50,835,1.6415,3.0026,0.12451
ngram50,836,1.6434,3.003,0.12061
ngram50,837,1.6454,3.0264,0.11523
ngram50,838,1.6474,2.9775,0.10938
ngram50,839,1.6493,2.9657,0.12354
ngram50,840,1.6513,2.9776,0.11572
ngram50,841,1.6533,2.9742,0.1167
ngram50,842,1.6552,2.9883,0.11816
ngram50,843,1.6572,2.9658,0.12354
ngram50,844,1.6592,2.9902,0.12695
ngram50,845,1.6611,2.9668,0.12598
ngram50,846,1.6631,2.9837,0.11963
ngram50,847,1.6651,2.9679,0.1167
ngram50,848,1.667,3.0078,0.11279
ngram50,849,1.669,2.9874,0.11768
ngram50,850,1.671,3.0095,0.11621
ngram50,851,1.6729,2.9631,0.11133
ngram50,852,1.6749,2.9627,0.11133
ngram50,853,1.6769,2.9293,0.11279
ngram50,854,1.6788,2.9551,0.10449
ngram50,855,1.6808,2.9413,0.10938
ngram50,856,1.6828,2.9944,0.1167
ngram50,857,1.6847,2.9671,0.12158
ngram50,858,1.6867,2.9727,0.11963
ngram50,859,1.6887,3.0325,0.11816
ngram50,860,1.6906,2.9604,0.12061
ngram50,861,1.6926,2.9574,0.13477
ngram50,862,1.6946,2.9916,0.13867
ngram50,863,1.6965,2.9953,0.12598
ngram50,864,1.6985,2.9861,0.1167
ngram50,865,1.7005,2.9516,0.11426
ngram50,866,1.7024,2.9765,0.11475
ngram50,867,1.7044,2.9933,0.11328
ngram50,868,1.7063,2.9547,0.11279
ngram50,869,1.7083,2.9737,0.10352
ngram50,870,1.7103,2.9513,0.099609
ngram50,871,1.7122,2.9798,0.104
ngram50,872,1.7142,2.9761,0.11572
ngram50,873,1.7162,3.0052,0.1123
ngram50,874,1.7181,2.992,0.10498
ngram50,875,1.7201,2.9862,0.10791
ngram50,876,1.7221,2.9798,0.11328
ngram50,877,1.724,2.99,0.10303
ngram50,878,1.726,2.9725,0.10645
ngram50,879,1.728,2.9786,0.10693
ngram50,880,1.7299,2.979,0.11279
ngram50,881,1.7319,2.9552,0.10986
ngram50,882,1.7339,2.9676,0.10693
ngram50,883,1.7358,2.9804,0.10303
ngram50,884,1.7378,2.968,0.10352
ngram50,885,1.7398,2.9555,0.10547
ngram50,886,1.7417,2.998,0.12158
ngram50,887,1.7437,2.9847,0.12061
ngram50,888,1.7457,2.9458,0.11035
ngram50,889,1.7476,2.9471,0.11768
ngram50,890,1.7496,2.9875,0.10986
ngram50,891,1.7516,2.9547,0.10254
ngram50,892,1.7535,2.9536,0.11035
ngram50,893,1.7555,2.9522,0.11865
ngram50,894,1.7575,2.9678,0.12109
ngram50,895,1.7594,2.9327,0.12207
ngram50,896,1.7614,2.9784,0.11768
ngram50,897,1.7634,2.9527,0.1167
ngram50,898,1.7653,2.9649,0.11133
ngram50,899,1.7673,2.9457,0.104
ngram50,900,1.7693,2.9667,0.10303
ngram50,901,1.7712,2.9534,0.11182
ngram50,902,1.7732,2.9697,0.11865
ngram50,903,1.7752,2.9696,0.11865
ngram50,904,1.7771,2.9391,0.12402
ngram50,905,1.7791,2.9165,0.11426
ngram50,906,1.7811,2.9348,0.1084
ngram50,907,1.783,2.9745,0.10547
ngram50,908,1.785,2.9576,0.20215
ngram50,909,1.7869,2.9576,0.10547
ngram50,910,1.7889,2.9616,0.10742
ngram50,911,1.7909,2.9486,0.11768
ngram50,912,1.7928,2.9356,0.11475
ngram50,913,1.7948,2.988,0.10352
ngram50,914,1.7968,2.9476,0.098633
ngram50,915,1.7987,2.9734,0.095703
ngram50,916,1.8007,2.9555,0.10352
ngram50,917,1.8027,2.9723,0.10498
ngram50,918,1.8046,2.9391,0.10938
ngram50,919,1.8066,2.9203,0.11377
ngram50,920,1.8086,2.948,0.11914
ngram50,921,1.8105,2.9508,0.11963
ngram50,922,1.8125,2.9579,0.11621
ngram50,923,1.8145,2.9504,0.1167
ngram50,924,1.8164,2.9537,0.12012
ngram50,925,1.8184,2.9847,0.11621
ngram50,926,1.8204,2.9363,0.10986
ngram50,927,1.8223,2.9985,0.11084
ngram50,928,1.8243,2.9531,0.10352
ngram50,929,1.8263,2.935,0.10547
ngram50,930,1.8282,2.9688,0.11133
ngram50,931,1.8302,2.9511,0.11914
ngram50,932,1.8322,3.016,0.11914
ngram50,933,1.8341,2.977,0.1084
ngram50,934,1.8361,2.9696,0.11523
ngram50,935,1.8381,2.9373,0.11621
ngram50,936,1.84,2.9564,0.11035
ngram50,937,1.842,2.9342,0.10596
ngram50,938,1.844,2.955,0.11475
ngram50,939,1.8459,2.9617,0.12061
ngram50,940,1.8479,2.9644,0.11865
ngram50,941,1.8499,2.9455,0.11865
ngram50,942,1.8518,2.9187,0.11914
ngram50,943,1.8538,3.0153,0.11377
ngram50,944,1.8558,2.9066,0.10742
ngram50,945,1.8577,2.9676,0.10742
ngram50,946,1.8597,2.9643,0.1167
ngram50,947,1.8617,2.939,0.11865
ngram50,948,1.8636,2.9258,0.11084
ngram50,949,1.8656,2.9338,0.11377
ngram50,950,1.8675,3.0003,0.11963
ngram50,951,1.8695,2.941,0.10205
ngram50,952,1.8715,2.9237,0.10986
ngram50,953,1.8734,2.9433,0.1123
ngram50,954,1.8754,2.9589,0.1123
ngram50,955,1.8774,2.9517,0.11426
ngram50,956,1.8793,2.9083,0.11133
ngram50,957,1.8813,2.9285,0.10254
ngram50,958,1.8833,2.9631,0.099609
ngram50,959,1.8852,2.9348,0.10498
ngram50,960,1.8872,2.9616,0.11182
ngram50,961,1.8892,2.9206,0.11328
ngram50,962,1.8911,2.9372,0.1123
ngram50,963,1.8931,2.9285,0.11279
ngram50,964,1.8951,2.9317,0.10645
ngram50,965,1.897,2.9363,0.11084
ngram50,966,1.899,2.9958,0.11035
ngram50,967,1.901,2.9147,0.10059
ngram50,968,1.9029,2.9481,0.10791
ngram50,969,1.9049,2.9245,0.11426
ngram50,970,1.9069,2.9322,0.10986
ngram50,971,1.9088,2.9101,0.10889
ngram50,972,1.9108,2.9342,0.10938
ngram50,973,1.9128,2.9549,0.10791
ngram50,974,1.9147,2.9237,0.104
ngram50,975,1.9167,2.8512,0.11035
ngram50,976,1.9187,2.9348,0.10693
ngram50,977,1.9206,2.9211,0.10742
ngram50,978,1.9226,2.8829,0.11035
ngram50,979,1.9246,2.9211,0.1084
ngram50,980,1.9265,2.9438,0.11182
ngram50,981,1.9285,2.9304,0.11133
ngram50,982,1.9305,2.9429,0.1123
ngram50,983,1.9324,2.9142,0.11084
ngram50,984,1.9344,2.9461,0.10889
ngram50,985,1.9364,2.9312,0.10205
ngram50,986,1.9383,2.948,0.11279
ngram50,987,1.9403,2.9547,0.11621
ngram50,988,1.9422,2.9439,0.12012
ngram50,989,1.9442,2.9308,0.12061
ngram50,990,1.9462,2.9146,0.12207
ngram50,991,1.9481,2.9074,0.11914
ngram50,992,1.9501,2.9179,0.11475
ngram50,993,1.9521,2.9302,0.097168
ngram50,994,1.954,2.941,0.099609
ngram50,995,1.956,2.9607,0.10107
ngram50,996,1.958,2.8828,0.098633
ngram50,997,1.9599,2.9729,0.10254
ngram50,998,1.9619,2.9575,0.1167
ngram50,999,1.9639,2.9077,0.11719
ngram50,1000,1.9658,2.9037,0.10986
ngram50,1001,1.9678,2.9513,0.10693
ngram50,1002,1.9698,2.9377,0.11084
ngram50,1003,1.9717,2.936,0.11035
ngram50,1004,1.9737,2.8969,0.11621
ngram50,1005,1.9757,2.9344,0.11523
ngram50,1006,1.9776,2.9001,0.10547
ngram50,1007,1.9796,2.942,0.10986
ngram50,1008,1.9816,2.9339,0.10889
ngram50,1009,1.9835,2.9265,0.10742
ngram50,1010,1.9855,2.9098,0.11328
ngram50,1011,1.9875,2.9022,0.11084
ngram50,1012,1.9894,2.9215,0.11426
ngram50,1013,1.9914,2.9293,0.10986
ngram50,1014,1.9934,2.9119,0.10596
ngram50,1015,1.9953,2.913,0.094727
ngram50,1016,1.9973,2.9329,0.092773
ngram50,1017,1.9993,2.9054,0.091797
ngram50,1018,2.0012,2.8992,0.098633
ngram50,1019,2.0032,2.8881,0.10205
ngram50,1020,2.0052,2.9435,0.10986
ngram50,1021,2.0071,2.9272,0.10596
ngram50,1022,2.0091,2.9716,0.10156
ngram50,1023,2.0111,2.9399,0.10303
ngram50,1024,2.013,2.9028,0.10352
ngram50,1025,2.015,2.9094,0.10205
ngram50,1026,2.017,2.9273,0.10352
ngram50,1027,2.0189,2.9354,0.10986
ngram50,1028,2.0209,2.9498,0.11328
ngram50,1029,2.0228,2.8981,0.11084
ngram50,1030,2.0248,2.9034,0.11328
ngram50,1031,2.0268,2.9145,0.11475
ngram50,1032,2.0287,2.9275,0.11084
ngram50,1033,2.0307,2.8704,0.097656
ngram50,1034,2.0327,2.9035,0.095703
ngram50,1035,2.0346,2.909,0.098633
ngram50,1036,2.0366,2.9053,0.10596
ngram50,1037,2.0386,2.8943,0.10498
ngram50,1038,2.0405,2.8907,0.11279
ngram50,1039,2.0425,2.9149,0.1123
ngram50,1040,2.0445,2.8931,0.11621
ngram50,1041,2.0464,2.882,0.10645
ngram50,1042,2.0484,2.9078,0.10449
ngram50,1043,2.0504,2.9104,0.1123
ngram50,1044,2.0523,2.9184,0.10742
ngram50,1045,2.0543,2.9177,0.10059
ngram50,1046,2.0563,2.9386,0.10254
ngram50,1047,2.0582,2.9183,0.10986
ngram50,1048,2.0602,2.9056,0.11621
ngram50,1049,2.0622,2.9136,0.12451
ngram50,1050,2.0641,2.897,0.11914
ngram50,1051,2.0661,2.895,0.1167
ngram50,1052,2.0681,2.891,0.11328
ngram50,1053,2.07,2.8936,0.104
ngram50,1054,2.072,2.9034,0.10059
ngram50,1055,2.074,2.9159,0.10889
ngram50,1056,2.0759,2.9175,0.10742
ngram50,1057,2.0779,2.9183,0.10352
ngram50,1058,2.0799,2.9185,0.10498
ngram50,1059,2.0818,2.8887,0.098633
ngram50,1060,2.0838,2.8558,0.098145
ngram50,1061,2.0858,2.9287,0.10059
ngram50,1062,2.0877,2.9157,0.11035
ngram50,1063,2.0897,2.9012,0.10986
ngram50,1064,2.0917,2.9061,0.10596
ngram50,1065,2.0936,2.8912,0.10742
ngram50,1066,2.0956,2.9061,0.1123
ngram50,1067,2.0976,2.9065,0.10498
ngram50,1068,2.0995,2.9646,0.096191
ngram50,1069,2.1015,2.8939,0.096191
ngram50,1070,2.1034,2.8799,0.10352
ngram50,1071,2.1054,2.9134,0.10205
ngram50,1072,2.1074,2.8957,0.1001
ngram50,1073,2.1093,2.9097,0.10205
ngram50,1074,2.1113,2.88,0.11523
ngram50,1075,2.1133,2.8743,0.11523
ngram50,1076,2.1152,2.9328,0.10742
ngram50,1077,2.1172,2.9031,0.104
ngram50,1078,2.1192,2.8927,0.1001
ngram50,1079,2.1211,2.9218,0.097656
ngram50,1080,2.1231,2.8681,0.10205
ngram50,1081,2.1251,2.9052,0.10693
ngram50,1082,2.127,2.8913,0.10449
ngram50,1083,2.129,2.9313,0.10547
ngram50,1084,2.131,2.9241,0.10596
ngram50,1085,2.1329,2.8731,0.10596
ngram50,1086,2.1349,2.9206,0.097168
ngram50,1087,2.1369,2.8623,0.09668
ngram50,1088,2.1388,2.9085,0.099121
ngram50,1089,2.1408,2.885,0.10107
ngram50,1090,2.1428,2.8628,0.10547
ngram50,1091,2.1447,2.9018,0.11084
ngram50,1092,2.1467,2.8899,0.10596
ngram50,1093,2.1487,2.9322,0.10645
ngram50,1094,2.1506,2.9075,0.11182
ngram50,1095,2.1526,2.9105,0.10986
ngram50,1096,2.1546,2.8958,0.10498
ngram50,1097,2.1565,2.9021,0.10352
ngram50,1098,2.1585,2.9129,0.099121
ngram50,1099,2.1605,2.8772,0.10107
ngram50,1100,2.1624,2.903,0.1001
ngram50,1101,2.1644,2.8778,0.10547
ngram50,1102,2.1664,2.8962,0.104
ngram50,1103,2.1683,2.8888,0.10156
ngram50,1104,2.1703,2.9221,0.1001
ngram50,1105,2.1723,2.8717,0.11377
ngram50,1106,2.1742,2.8914,0.11035
ngram50,1107,2.1762,2.8951,0.10547
ngram50,1108,2.1782,2.9187,0.10938
ngram50,1109,2.1801,2.8841,0.10303
ngram50,1110,2.1821,2.9192,0.11279
ngram50,1111,2.184,2.88,0.10645
ngram50,1112,2.186,2.9086,0.11084
ngram50,1113,2.188,2.9155,0.11426
ngram50,1114,2.1899,2.886,0.11182
ngram50,1115,2.1919,2.8654,0.10938
ngram50,1116,2.1939,2.8792,0.10205
ngram50,1117,2.1958,2.8763,0.104
ngram50,1118,2.1978,2.8912,0.104
ngram50,1119,2.1998,2.8568,0.10107
ngram50,1120,2.2017,2.888,0.098145
ngram50,1121,2.2037,2.9224,0.094727
ngram50,1122,2.2057,2.9102,0.094238
ngram50,1123,2.2076,2.8898,0.096191
ngram50,1124,2.2096,2.8885,0.10156
ngram50,1125,2.2116,2.9014,0.10254
ngram50,1126,2.2135,2.8792,0.10352
ngram50,1127,2.2155,2.9076,0.099121
ngram50,1128,2.2175,2.8751,0.096191
ngram50,1129,2.2194,2.8828,0.09375
ngram50,1130,2.2214,2.874,0.093262
ngram50,1131,2.2234,2.8627,0.097656
ngram50,1132,2.2253,2.8856,0.098633
ngram50,1133,2.2273,2.871,0.10547
ngram50,1134,2.2293,2.8782,0.10889
ngram50,1135,2.2312,2.9202,0.10645
ngram50,1136,2.2332,2.9,0.11035
ngram50,1137,2.2352,2.8687,0.10693
ngram50,1138,2.2371,2.8892,0.1084
ngram50,1139,2.2391,2.906,0.11133
ngram50,1140,2.2411,2.926,0.10938
ngram50,1141,2.243,2.8822,0.10303
ngram50,1142,2.245,2.8188,0.099121
ngram50,1143,2.247,2.8688,0.09082
ngram50,1144,2.2489,2.8921,0.085938
ngram50,1145,2.2509,2.8805,0.097168
ngram50,1146,2.2529,2.9031,0.1001
ngram50,1147,2.2548,2.9199,0.096191
ngram50,1148,2.2568,2.8704,0.097168
ngram50,1149,2.2588,2.878,0.099609
ngram50,1150,2.2607,2.8496,0.097656
ngram50,1151,2.2627,2.8471,0.09375
ngram50,1152,2.2646,2.8633,0.093262
ngram50,1153,2.2666,2.8929,0.09082
ngram50,1154,2.2686,2.8624,0.09375
ngram50,1155,2.2705,2.8849,0.10107
ngram50,1156,2.2725,2.8516,0.1084
ngram50,1157,2.2745,2.8505,0.10645
ngram50,1158,2.2764,2.8875,0.10498
ngram50,1159,2.2784,2.8724,0.11035
ngram50,1160,2.2804,2.9099,0.10498
ngram50,1161,2.2823,2.8777,0.098633
ngram50,1162,2.2843,2.8684,0.10547
ngram50,1163,2.2863,2.8567,0.10645
ngram50,1164,2.2882,2.8826,0.10693
ngram50,1165,2.2902,2.8944,0.1001
ngram50,1166,2.2922,2.8557,0.09668
ngram50,1167,2.2941,2.8893,0.097168
ngram50,1168,2.2961,2.8937,0.10205
ngram50,1169,2.2981,2.8963,0.10059
ngram50,1170,2.3,2.8536,0.099121
ngram50,1171,2.302,2.8898,0.096191
ngram50,1172,2.304,2.9085,0.09668
ngram50,1173,2.3059,2.8842,0.09375
ngram50,1174,2.3079,2.8794,0.09668
ngram50,1175,2.3099,2.9269,0.099121
ngram50,1176,2.3118,2.9062,0.095215
ngram50,1177,2.3138,2.8829,0.095215
ngram50,1178,2.3158,2.8662,0.098145
ngram50,1179,2.3177,2.8435,0.094727
ngram50,1180,2.3197,2.8565,0.090332
ngram50,1181,2.3217,2.8487,0.088867
ngram50,1182,2.3236,2.8711,0.091309
ngram50,1183,2.3256,2.8473,0.092285
ngram50,1184,2.3276,2.9145,0.099609
ngram50,1185,2.3295,2.8458,0.099609
ngram50,1186,2.3315,2.8735,0.10205
ngram50,1187,2.3335,2.9176,0.10498
ngram50,1188,2.3354,2.8634,0.104
ngram50,1189,2.3374,2.8926,0.10303
ngram50,1190,2.3393,2.8673,0.1001
ngram50,1191,2.3413,2.882,0.10156
ngram50,1192,2.3433,2.9312,0.098633
ngram50,1193,2.3452,2.8723,0.10352
ngram50,1194,2.3472,2.8248,0.10303
ngram50,1195,2.3492,2.8754,0.10449
ngram50,1196,2.3511,2.8597,0.10205
ngram50,1197,2.3531,2.8275,0.10156
ngram50,1198,2.3551,2.8914,0.10938
ngram50,1199,2.357,2.8894,0.091797
ngram50,1200,2.359,2.888,0.094238
ngram50,1201,2.361,2.8483,0.093262
ngram50,1202,2.3629,2.8668,0.09375
ngram50,1203,2.3649,2.8958,0.092285
ngram50,1204,2.3669,2.8643,0.093262
ngram50,1205,2.3688,2.9051,0.092773
ngram50,1206,2.3708,2.8917,0.095215
ngram50,1207,2.3728,2.8819,0.094238
ngram50,1208,2.3747,2.8813,0.089844
ngram50,1209,2.3767,2.8814,0.091797
ngram50,1210,2.3787,2.8518,0.094238
ngram50,1211,2.3806,2.8763,0.099121
ngram50,1212,2.3826,2.8768,0.096191
ngram50,1213,2.3846,2.8573,0.095703
ngram50,1214,2.3865,2.9043,0.10156
ngram50,1215,2.3885,2.8762,0.10059
ngram50,1216,2.3905,2.8396,0.099121
ngram50,1217,2.3924,2.8694,0.10303
ngram50,1218,2.3944,2.8651,0.099609
ngram50,1219,2.3964,2.8533,0.1001
ngram50,1220,2.3983,2.8706,0.099121
ngram50,1221,2.4003,2.8559,0.1001
ngram50,1222,2.4023,2.8897,0.093262
ngram50,1223,2.4042,2.8875,0.099121
ngram50,1224,2.4062,2.8498,0.092773
ngram50,1225,2.4082,2.8436,0.086914
ngram50,1226,2.4101,2.8829,0.085938
ngram50,1227,2.4121,2.8323,0.086426
ngram50,1228,2.4141,2.861,0.088867
ngram50,1229,2.416,2.8587,0.094727
ngram50,1230,2.418,2.8913,0.092773
ngram50,1231,2.4199,2.8994,0.095703
ngram50,1232,2.4219,2.8813,0.095703
ngram50,1233,2.4239,2.8974,0.097656
ngram50,1234,2.4258,2.851,0.10596
ngram50,1235,2.4278,2.8776,0.10498
ngram50,1236,2.4298,2.8571,0.099121
ngram50,1237,2.4317,2.8674,0.091309
ngram50,1238,2.4337,2.8324,0.094727
ngram50,1239,2.4357,2.9132,0.099609
ngram50,1240,2.4376,2.9231,0.12207
ngram50,1241,2.4396,2.8855,0.087891
ngram50,1242,2.4416,2.8457,0.091309
ngram50,1243,2.4435,2.8188,0.094238
ngram50,1244,2.4455,2.8552,0.091309
ngram50,1245,2.4475,2.8468,0.098145
ngram50,1246,2.4494,2.85,0.10059
ngram50,1247,2.4514,2.863,0.1001
ngram50,1248,2.4534,2.8546,0.10059
ngram50,1249,2.4553,2.8232,0.098633
ngram50,1250,2.4573,2.86,0.09082
ngram50,1251,2.4593,2.8284,0.10107
ngram50,1252,2.4612,2.8329,0.10596
ngram50,1253,2.4632,2.8601,0.10059
ngram50,1254,2.4652,2.8716,0.10303
ngram50,1255,2.4671,2.8783,0.10107
ngram50,1256,2.4691,2.861,0.094238
ngram50,1257,2.4711,2.8477,0.094238
ngram50,1258,2.473,2.8682,0.098145
ngram50,1259,2.475,2.8328,0.092773
ngram50,1260,2.477,2.8378,0.089355
ngram50,1261,2.4789,2.8355,0.090332
ngram50,1262,2.4809,2.8889,0.093262
ngram50,1263,2.4829,2.8431,0.092285
ngram50,1264,2.4848,2.8658,0.09375
ngram50,1265,2.4868,2.8816,0.098633
ngram50,1266,2.4888,2.8346,0.099609
ngram50,1267,2.4907,2.8452,0.10059
ngram50,1268,2.4927,2.82,0.10205
ngram50,1269,2.4947,2.8922,0.1001
ngram50,1270,2.4966,2.8556,0.092773
ngram50,1271,2.4986,2.8096,0.098145
ngram50,1272,2.5005,2.8786,0.104
ngram50,1273,2.5025,2.8324,0.095215
ngram50,1274,2.5045,2.854,0.10059
ngram50,1275,2.5064,2.8513,0.11084
ngram50,1276,2.5084,2.8486,0.10596
ngram50,1277,2.5104,2.8702,0.09668
ngram50,1278,2.5123,2.8257,0.097168
ngram50,1279,2.5143,2.8662,0.09375
ngram50,1280,2.5163,2.8608,0.091797
ngram50,1281,2.5182,2.8573,0.088379
ngram50,1282,2.5202,2.8315,0.088379
ngram50,1283,2.5222,2.9104,0.096191
ngram50,1284,2.5241,2.8427,0.089844
ngram50,1285,2.5261,2.8391,0.094238
ngram50,1286,2.5281,2.8704,0.09375
ngram50,1287,2.53,2.9047,0.09082
ngram50,1288,2.532,2.8331,0.088379
ngram50,1289,2.534,2.8403,0.089355
ngram50,1290,2.5359,2.869,0.09668
ngram50,1291,2.5379,2.8372,0.099609
ngram50,1292,2.5399,2.8393,0.094238
ngram50,1293,2.5418,2.8782,0.092285
ngram50,1294,2.5438,2.8506,0.094727
ngram50,1295,2.5458,2.7991,0.091309
ngram50,1296,2.5477,2.8267,0.091797
ngram50,1297,2.5497,2.8274,0.092773
ngram50,1298,2.5517,2.8046,0.088379
ngram50,1299,2.5536,2.8424,0.092773
ngram50,1300,2.5556,2.7548,0.092285
ngram50,1301,2.5576,2.8497,0.090332
ngram50,1302,2.5595,2.8627,0.098145
ngram50,1303,2.5615,2.8732,0.086914
ngram50,1304,2.5635,2.8643,0.083984
ngram50,1305,2.5654,2.8426,0.088867
ngram50,1306,2.5674,2.8132,0.097656
ngram50,1307,2.5694,2.8541,0.096191
ngram50,1308,2.5713,2.8194,0.094238
ngram50,1309,2.5733,2.8462,0.094238
ngram50,1310,2.5753,2.8364,0.089844
ngram50,1311,2.5772,2.8231,0.084961
ngram50,1312,2.5792,2.838,0.083984
ngram50,1313,2.5811,2.8451,0.097656
ngram50,1314,2.5831,2.865,0.095703
ngram50,1315,2.5851,2.8252,0.10156
ngram50,1316,2.587,2.8357,0.1001
ngram50,1317,2.589,2.8058,0.09375
ngram50,1318,2.591,2.8427,0.092285
ngram50,1319,2.5929,2.8491,0.099609
ngram50,1320,2.5949,2.8569,0.09375
ngram50,1321,2.5969,2.8857,0.091309
ngram50,1322,2.5988,2.8568,0.092773
ngram50,1323,2.6008,2.8839,0.098633
ngram50,1324,2.6028,2.8343,0.10254
ngram50,1325,2.6047,2.8095,0.10254
ngram50,1326,2.6067,2.8587,0.10059
ngram50,1327,2.6087,2.8406,0.097168
ngram50,1328,2.6106,2.8319,0.089844
ngram50,1329,2.6126,2.8203,0.092285
ngram50,1330,2.6146,2.8805,0.087402
ngram50,1331,2.6165,2.8586,0.085938
ngram50,1332,2.6185,2.8603,0.095215
ngram50,1333,2.6205,2.8489,0.11279
ngram50,1334,2.6224,2.8477,0.089844
ngram50,1335,2.6244,2.8255,0.092773
ngram50,1336,2.6264,2.8424,0.098633
ngram50,1337,2.6283,2.8502,0.09375
ngram50,1338,2.6303,2.8912,0.089355
ngram50,1339,2.6323,2.8166,0.092773
ngram50,1340,2.6342,2.828,0.096191
ngram50,1341,2.6362,2.8085,0.09082
ngram50,1342,2.6382,2.8504,0.098633
ngram50,1343,2.6401,2.8234,0.098633
ngram50,1344,2.6421,2.8442,0.09082
ngram50,1345,2.6441,2.8377,0.089355
ngram50,1346,2.646,2.8435,0.098145
ngram50,1347,2.648,2.8359,0.090332
ngram50,1348,2.65,2.8266,0.090332
ngram50,1349,2.6519,2.8514,0.086914
ngram50,1350,2.6539,2.8137,0.089355
ngram50,1351,2.6558,2.8465,0.085938
ngram50,1352,2.6578,2.8503,0.11279
ngram50,1353,2.6598,2.8131,0.080566
ngram50,1354,2.6617,2.8132,0.078125
ngram50,1355,2.6637,2.8474,0.081543
ngram50,1356,2.6657,2.8151,0.083008
ngram50,1357,2.6676,2.8263,0.084961
ngram50,1358,2.6696,2.8446,0.090332
ngram50,1359,2.6716,2.8459,0.088867
ngram50,1360,2.6735,2.822,0.088867
ngram50,1361,2.6755,2.8285,0.083008
ngram50,1362,2.6775,2.8265,0.083496
ngram50,1363,2.6794,2.8455,0.091309
ngram50,1364,2.6814,2.8565,0.097656
ngram50,1365,2.6834,2.8409,0.09082
ngram50,1366,2.6853,2.8448,0.088379
ngram50,1367,2.6873,2.8054,0.084961
ngram50,1368,2.6893,2.8581,0.09082
ngram50,1369,2.6912,2.8254,0.094727
ngram50,1370,2.6932,2.8341,0.09082
ngram50,1371,2.6952,2.7918,0.093262
ngram50,1372,2.6971,2.8532,0.088379
ngram50,1373,2.6991,2.8321,0.083984
ngram50,1374,2.7011,2.818,0.087891
ngram50,1375,2.703,2.8552,0.091797
ngram50,1376,2.705,2.8121,0.085449
ngram50,1377,2.707,2.7986,0.084961
ngram50,1378,2.7089,2.8317,0.087891
ngram50,1379,2.7109,2.8412,0.089355
ngram50,1380,2.7129,2.8122,0.080566
ngram50,1381,2.7148,2.8558,0.089844
ngram50,1382,2.7168,2.8241,0.088379
ngram50,1383,2.7188,2.8135,0.089355
ngram50,1384,2.7207,2.8395,0.090332
ngram50,1385,2.7227,2.8646,0.089844
ngram50,1386,2.7247,2.8482,0.089844
ngram50,1387,2.7266,2.8609,0.086426
ngram50,1388,2.7286,2.8746,0.092285
ngram50,1389,2.7306,2.8251,0.088379
ngram50,1390,2.7325,2.8496,0.080078
ngram50,1391,2.7345,2.8249,0.082031
ngram50,1392,2.7364,2.8481,0.086426
ngram50,1393,2.7384,2.8387,0.087402
ngram50,1394,2.7404,2.8355,0.091797
ngram50,1395,2.7423,2.8551,0.090332
ngram50,1396,2.7443,2.8255,0.086914
ngram50,1397,2.7463,2.8312,0.087891
ngram50,1398,2.7482,2.8187,0.086426
ngram50,1399,2.7502,2.7972,0.08252
ngram50,1400,2.7522,2.7932,0.089844
ngram50,1401,2.7541,2.8219,0.089844
ngram50,1402,2.7561,2.8198,0.092285
ngram50,1403,2.7581,2.8439,0.092773
ngram50,1404,2.76,2.8154,0.095703
ngram50,1405,2.762,2.83,0.098145
ngram50,1406,2.764,2.8041,0.09668
ngram50,1407,2.7659,2.833,0.090332
ngram50,1408,2.7679,2.8554,0.089355
ngram50,1409,2.7699,2.8428,0.086426
ngram50,1410,2.7718,2.8465,0.087891
ngram50,1411,2.7738,2.8796,0.10547
ngram50,1412,2.7758,2.8416,0.090332
ngram50,1413,2.7777,2.7934,0.085938
ngram50,1414,2.7797,2.809,0.092285
ngram50,1415,2.7817,2.8066,0.084473
ngram50,1416,2.7836,2.8642,0.084961
ngram50,1417,2.7856,2.8078,0.089844
ngram50,1418,2.7876,2.8043,0.087891
ngram50,1419,2.7895,2.8358,0.079102
ngram50,1420,2.7915,2.8264,0.078125
ngram50,1421,2.7935,2.8127,0.082031
ngram50,1422,2.7954,2.7889,0.10107
ngram50,1423,2.7974,2.825,0.078613
ngram50,1424,2.7994,2.7997,0.080566
ngram50,1425,2.8013,2.8131,0.091309
ngram50,1426,2.8033,2.8961,0.088379
ngram50,1427,2.8053,2.8099,0.093262
ngram50,1428,2.8072,2.8451,0.088379
ngram50,1429,2.8092,2.8223,0.084473
ngram50,1430,2.8112,2.7874,0.087402
ngram50,1431,2.8131,2.8247,0.086914
ngram50,1432,2.8151,2.8781,0.087402
ngram50,1433,2.817,2.8092,0.088379
ngram50,1434,2.819,2.7987,0.083496
ngram50,1435,2.821,2.8174,0.081543
ngram50,1436,2.8229,2.8037,0.087891
ngram50,1437,2.8249,2.8931,0.087402
ngram50,1438,2.8269,2.8588,0.091309
ngram50,1439,2.8288,2.8026,0.095215
ngram50,1440,2.8308,2.8433,0.09082
ngram50,1441,2.8328,2.8086,0.086426
ngram50,1442,2.8347,2.8162,0.084473
ngram50,1443,2.8367,2.7983,0.085938
ngram50,1444,2.8387,2.7841,0.086914
ngram50,1445,2.8406,2.8292,0.086914
ngram50,1446,2.8426,2.8305,0.086426
ngram50,1447,2.8446,2.8155,0.09082
ngram50,1448,2.8465,2.8018,0.091309
ngram50,1449,2.8485,2.8193,0.090332
ngram50,1450,2.8505,2.8246,0.084961
ngram50,1451,2.8524,2.8162,0.086914
ngram50,1452,2.8544,2.7948,0.094727
ngram50,1453,2.8564,2.7898,0.097656
ngram50,1454,2.8583,2.8251,0.094238
ngram50,1455,2.8603,2.8013,0.091797
ngram50,1456,2.8623,2.8023,0.084473
ngram50,1457,2.8642,2.8084,0.085449
ngram50,1458,2.8662,2.8087,0.088867
ngram50,1459,2.8682,2.8144,0.082031
ngram50,1460,2.8701,2.7883,0.08252
ngram50,1461,2.8721,2.8081,0.08252
ngram50,1462,2.8741,2.8172,0.084473
ngram50,1463,2.876,2.8353,0.086426
ngram50,1464,2.878,2.8102,0.088867
ngram50,1465,2.88,2.8199,0.080078
ngram50,1466,2.8819,2.824,0.086426
ngram50,1467,2.8839,2.8559,0.089844
ngram50,1468,2.8859,2.8179,0.089355
ngram50,1469,2.8878,2.7879,0.087402
ngram50,1470,2.8898,2.8052,0.08252
ngram50,1471,2.8918,2.8255,0.086914
ngram50,1472,2.8937,2.8205,0.090332
ngram50,1473,2.8957,2.8389,0.088379
ngram50,1474,2.8976,2.8168,0.086426
ngram50,1475,2.8996,2.818,0.085938
ngram50,1476,2.9016,2.8136,0.087891
ngram50,1477,2.9035,2.8511,0.09082
ngram50,1478,2.9055,2.8711,0.089844
ngram50,1479,2.9075,2.7941,0.084961
ngram50,1480,2.9094,2.7921,0.085938
ngram50,1481,2.9114,2.8154,0.088379
ngram50,1482,2.9134,2.8,0.084961
ngram50,1483,2.9153,2.8323,0.085449
ngram50,1484,2.9173,2.8113,0.083496
ngram50,1485,2.9193,2.8234,0.077148
ngram50,1486,2.9212,2.7886,0.081543
ngram50,1487,2.9232,2.8016,0.083496
ngram50,1488,2.9252,2.7699,0.083008
ngram50,1489,2.9271,2.7729,0.083984
ngram50,1490,2.9291,2.7918,0.084961
ngram50,1491,2.9311,2.8038,0.091797
ngram50,1492,2.933,2.8254,0.09375
ngram50,1493,2.935,2.7892,0.085938
ngram50,1494,2.937,2.7982,0.084961
ngram50,1495,2.9389,2.8186,0.086914
ngram50,1496,2.9409,2.7743,0.085938
ngram50,1497,2.9429,2.7895,0.087402
ngram50,1498,2.9448,2.9505,0.093262
ngram50,1499,2.9468,2.8236,0.08252
ngram50,1500,2.9488,2.8247,0.080078
ngram50,1501,2.9507,2.8074,0.077148
ngram50,1502,2.9527,2.8142,0.080566
ngram50,1503,2.9547,2.8678,0.081055
ngram50,1504,2.9566,2.8295,0.083496
ngram50,1505,2.9586,2.8121,0.07959
ngram50,1506,2.9606,2.8294,0.081543
ngram50,1507,2.9625,2.8248,0.07959
ngram50,1508,2.9645,2.83,0.081055
ngram50,1509,2.9665,2.7898,0.081055
ngram50,1510,2.9684,2.8006,0.081055
ngram50,1511,2.9704,2.8462,0.084961
ngram50,1512,2.9724,2.8305,0.083984
ngram50,1513,2.9743,2.8245,0.08252
ngram50,1514,2.9763,2.8819,0.085938
ngram50,1515,2.9782,2.8269,0.080566
ngram50,1516,2.9802,2.8438,0.093262
ngram50,1517,2.9822,2.7689,0.084961
ngram50,1518,2.9841,2.7883,0.085938
ngram50,1519,2.9861,2.8218,0.084473
ngram50,1520,2.9881,2.7945,0.083496
ngram50,1521,2.99,2.7828,0.080566
ngram50,1522,2.992,2.7888,0.07666
ngram50,1523,2.994,2.8137,0.07666
ngram50,1524,2.9959,2.7718,0.08252
ngram50,1525,2.9979,2.7919,0.082031
ngram50,1526,2.9999,2.7896,0.085938
ngram50,1527,3.0018,2.8,0.08252
ngram50,1528,3.0038,2.826,0.078613
ngram50,1529,3.0058,2.7961,0.089844
ngram50,1530,3.0077,2.812,0.083008
ngram50,1531,3.0097,2.8009,0.085938
ngram50,1532,3.0117,2.8372,0.084961
ngram50,1533,3.0136,2.8588,0.082031
ngram50,1534,3.0156,2.7837,0.079102
ngram50,1535,3.0176,2.8463,0.082031
ngram50,1536,3.0195,2.8185,0.082031
ngram50,1537,3.0215,2.7942,0.088867
ngram50,1538,3.0235,2.8261,0.090332
ngram50,1539,3.0254,2.7921,0.087402
ngram50,1540,3.0274,2.8117,0.085938
ngram50,1541,3.0294,2.8411,0.085449
ngram50,1542,3.0313,2.7718,0.085449
ngram50,1543,3.0333,2.8058,0.085449
ngram50,1544,3.0353,2.7698,0.084473
ngram50,1545,3.0372,2.7959,0.086914
ngram50,1546,3.0392,2.82,0.085449
ngram50,1547,3.0412,2.797,0.080078
ngram50,1548,3.0431,2.7666,0.074219
ngram50,1549,3.0451,2.8345,0.08252
ngram50,1550,3.0471,2.7794,0.088867
ngram50,1551,3.049,2.8251,0.078613
ngram50,1552,3.051,2.7568,0.083984
ngram50,1553,3.0529,2.8192,0.086426
ngram50,1554,3.0549,2.7925,0.083008
ngram50,1555,3.0569,2.8259,0.084961
ngram50,1556,3.0588,2.8144,0.081055
ngram50,1557,3.0608,2.7918,0.07666
ngram50,1558,3.0628,2.7862,0.07373
ngram50,1559,3.0647,2.7657,0.074707
ngram50,1560,3.0667,2.8029,0.075195
ngram50,1561,3.0687,2.7734,0.083008
ngram50,1562,3.0706,2.7829,0.090332
ngram50,1563,3.0726,2.8233,0.092773
ngram50,1564,3.0746,2.8177,0.084961
ngram50,1565,3.0765,2.8035,0.084961
ngram50,1566,3.0785,2.7786,0.088379
ngram50,1567,3.0805,2.8403,0.086914
ngram50,1568,3.0824,2.802,0.085449
ngram50,1569,3.0844,2.7671,0.083008
ngram50,1570,3.0864,2.7936,0.07959
ngram50,1571,3.0883,2.7793,0.082031
ngram50,1572,3.0903,2.8119,0.08252
ngram50,1573,3.0923,2.809,0.10742
ngram50,1574,3.0942,2.7634,0.077637
ngram50,1575,3.0962,2.8288,0.077637
ngram50,1576,3.0982,2.7837,0.077637
ngram50,1577,3.1001,2.7996,0.078613
ngram50,1578,3.1021,2.8532,0.083984
ngram50,1579,3.1041,2.7975,0.076172
ngram50,1580,3.106,2.776,0.078125
ngram50,1581,3.108,2.78,0.081055
ngram50,1582,3.11,2.8139,0.078125
ngram50,1583,3.1119,2.8233,0.077637
ngram50,1584,3.1139,2.8012,0.074707
ngram50,1585,3.1159,2.7835,0.079102
ngram50,1586,3.1178,2.803,0.081543
ngram50,1587,3.1198,2.8044,0.077637
ngram50,1588,3.1218,2.8474,0.081055
ngram50,1589,3.1237,2.7894,0.084961
ngram50,1590,3.1257,2.7883,0.078613
ngram50,1591,3.1277,2.7936,0.078613
ngram50,1592,3.1296,2.8087,0.074707
ngram50,1593,3.1316,2.7922,0.078613
ngram50,1594,3.1335,2.7804,0.075684
ngram50,1595,3.1355,2.777,0.077148
ngram50,1596,3.1375,2.7972,0.081543
ngram50,1597,3.1394,2.7839,0.083496
ngram50,1598,3.1414,2.7955,0.078125
ngram50,1599,3.1434,2.7899,0.081055
ngram50,1600,3.1453,2.7758,0.077637
ngram50,1601,3.1473,2.7873,0.072754
ngram50,1602,3.1493,2.7949,0.075684
ngram50,1603,3.1512,2.837,0.07666
ngram50,1604,3.1532,2.7831,0.077148
ngram50,1605,3.1552,2.7808,0.083984
ngram50,1606,3.1571,2.7864,0.082031
ngram50,1607,3.1591,2.7698,0.077148
ngram50,1608,3.1611,2.7892,0.075195
ngram50,1609,3.163,2.8486,0.08252
ngram50,1610,3.165,2.7912,0.083496
ngram50,1611,3.167,2.7948,0.079102
ngram50,1612,3.1689,2.7859,0.075195
ngram50,1613,3.1709,2.8107,0.083496
ngram50,1614,3.1729,2.8145,0.082031
ngram50,1615,3.1748,2.7867,0.077637
ngram50,1616,3.1768,2.8317,0.083984
ngram50,1617,3.1788,2.7663,0.077637
ngram50,1618,3.1807,2.783,0.079102
ngram50,1619,3.1827,2.8171,0.087402
ngram50,1620,3.1847,2.7675,0.08252
ngram50,1621,3.1866,2.7752,0.081055
ngram50,1622,3.1886,2.7833,0.087891
ngram50,1623,3.1906,2.812,0.078125
ngram50,1624,3.1925,2.8138,0.07666
ngram50,1625,3.1945,2.7838,0.077148
ngram50,1626,3.1965,2.7793,0.074219
ngram50,1627,3.1984,2.7802,0.075195
ngram50,1628,3.2004,2.7963,0.077148
ngram50,1629,3.2024,2.7905,0.07666
ngram50,1630,3.2043,2.7703,0.074707
ngram50,1631,3.2063,2.8256,0.080078
ngram50,1632,3.2083,2.7982,0.082031
ngram50,1633,3.2102,2.7803,0.074707
ngram50,1634,3.2122,2.8013,0.076172
ngram50,1635,3.2141,2.766,0.076172
ngram50,1636,3.2161,2.7806,0.074707
ngram50,1637,3.2181,2.7881,0.071777
ngram50,1638,3.22,2.7738,0.068359
ngram50,1639,3.222,2.779,0.070801
ngram50,1640,3.224,2.7928,0.073242
ngram50,1641,3.2259,2.7868,0.074219
ngram50,1642,3.2279,2.7865,0.075195
ngram50,1643,3.2299,2.8101,0.07666
ngram50,1644,3.2318,2.7687,0.07666
ngram50,1645,3.2338,2.7864,0.074707
ngram50,1646,3.2358,2.7916,0.078125
ngram50,1647,3.2377,2.798,0.083496
ngram50,1648,3.2397,2.7405,0.08252
ngram50,1649,3.2417,2.7041,0.07959
ngram50,1650,3.2436,2.8038,0.074219
ngram50,1651,3.2456,2.8013,0.07666
ngram50,1652,3.2476,2.7531,0.07666
ngram50,1653,3.2495,2.7892,0.080566
ngram50,1654,3.2515,2.787,0.074219
ngram50,1655,3.2535,2.7988,0.07666
ngram50,1656,3.2554,2.8135,0.07666
ngram50,1657,3.2574,2.7832,0.071289
ngram50,1658,3.2594,2.7626,0.067383
ngram50,1659,3.2613,2.7878,0.069336
ngram50,1660,3.2633,2.7901,0.071777
ngram50,1661,3.2653,2.7874,0.071777
ngram50,1662,3.2672,2.7935,0.073242
ngram50,1663,3.2692,2.7632,0.073242
ngram50,1664,3.2712,2.8075,0.072754
ngram50,1665,3.2731,2.7965,0.077148
ngram50,1666,3.2751,2.7793,0.080566
ngram50,1667,3.2771,2.7647,0.081543
ngram50,1668,3.279,2.7895,0.081055
ngram50,1669,3.281,2.8361,0.080078
ngram50,1670,3.283,2.777,0.084473
ngram50,1671,3.2849,2.8135,0.075195
ngram50,1672,3.2869,2.7585,0.072266
ngram50,1673,3.2889,2.7967,0.075684
ngram50,1674,3.2908,2.7464,0.075195
ngram50,1675,3.2928,2.771,0.073242
ngram50,1676,3.2947,2.7771,0.07666
ngram50,1677,3.2967,2.7733,0.073242
ngram50,1678,3.2987,2.78,0.078613
ngram50,1679,3.3006,2.7566,0.078125
ngram50,1680,3.3026,2.7701,0.075684
ngram50,1681,3.3046,2.7676,0.073242
ngram50,1682,3.3065,2.7898,0.072266
ngram50,1683,3.3085,2.7752,0.069824
ngram50,1684,3.3105,2.7946,0.071289
ngram50,1685,3.3124,2.7795,0.067871
ngram50,1686,3.3144,2.7553,0.069824
ngram50,1687,3.3164,2.8043,0.076172
ngram50,1688,3.3183,2.7798,0.076172
ngram50,1689,3.3203,2.7923,0.07373
ngram50,1690,3.3223,2.7543,0.077148
ngram50,1691,3.3242,2.7904,0.074707
ngram50,1692,3.3262,2.7513,0.069824
ngram50,1693,3.3282,2.7923,0.074219
ngram50,1694,3.3301,2.7673,0.07666
ngram50,1695,3.3321,2.7514,0.078613
ngram50,1696,3.3341,2.802,0.079102
ngram50,1697,3.336,2.7771,0.078613
ngram50,1698,3.338,2.7857,0.077637
ngram50,1699,3.34,2.7439,0.074707
ngram50,1700,3.3419,2.7814,0.078613
ngram50,1701,3.3439,2.7381,0.07373
ngram50,1702,3.3459,2.8012,0.075684
ngram50,1703,3.3478,2.766,0.078613
ngram50,1704,3.3498,2.7607,0.072754
ngram50,1705,3.3518,2.7863,0.072266
ngram50,1706,3.3537,2.7802,0.078613
ngram50,1707,3.3557,2.7722,0.076172
ngram50,1708,3.3577,2.8018,0.07666
ngram50,1709,3.3596,2.8052,0.078613
ngram50,1710,3.3616,2.7541,0.079102
ngram50,1711,3.3636,2.8059,0.077148
ngram50,1712,3.3655,2.7886,0.068848
ngram50,1713,3.3675,2.7577,0.07373
ngram50,1714,3.3694,2.7958,0.075195
ngram50,1715,3.3714,2.79,0.074219
ngram50,1716,3.3734,2.7799,0.072754
ngram50,1717,3.3753,2.7265,0.072266
ngram50,1718,3.3773,2.7776,0.075684
ngram50,1719,3.3793,2.7994,0.075684
ngram50,1720,3.3812,2.7926,0.077148
ngram50,1721,3.3832,2.7895,0.071289
ngram50,1722,3.3852,2.7686,0.075684
ngram50,1723,3.3871,2.7779,0.07666
ngram50,1724,3.3891,2.7373,0.072754
ngram50,1725,3.3911,2.8031,0.074219
ngram50,1726,3.393,2.7543,0.079102
ngram50,1727,3.395,2.7752,0.073242
ngram50,1728,3.397,2.7593,0.075684
ngram50,1729,3.3989,2.7563,0.074707
ngram50,1730,3.4009,2.7957,0.071777
ngram50,1731,3.4029,2.7972,0.078125
ngram50,1732,3.4048,2.7233,0.075195
ngram50,1733,3.4068,2.7669,0.072754
ngram50,1734,3.4088,2.7709,0.068359
ngram50,1735,3.4107,2.7816,0.073242
ngram50,1736,3.4127,2.7702,0.074707
ngram50,1737,3.4147,2.7515,0.076172
ngram50,1738,3.4166,2.7994,0.075195
ngram50,1739,3.4186,2.791,0.067383
ngram50,1740,3.4206,2.7464,0.071289
ngram50,1741,3.4225,2.7699,0.069824
ngram50,1742,3.4245,2.7437,0.071289
ngram50,1743,3.4265,2.7656,0.072754
ngram50,1744,3.4284,2.7761,0.069824
ngram50,1745,3.4304,2.7807,0.069336
ngram50,1746,3.4324,2.7866,0.084473
ngram50,1747,3.4343,2.7819,0.068848
ngram50,1748,3.4363,2.7386,0.068848
ngram50,1749,3.4383,2.7874,0.067871
ngram50,1750,3.4402,2.7804,0.072754
ngram50,1751,3.4422,2.7574,0.071289
ngram50,1752,3.4442,2.7533,0.069824
ngram50,1753,3.4461,2.7901,0.069336
ngram50,1754,3.4481,2.7322,0.071289
ngram50,1755,3.45,2.7569,0.072754
ngram50,1756,3.452,2.7668,0.075195
ngram50,1757,3.454,2.7392,0.071777
ngram50,1758,3.4559,2.6826,0.075195
ngram50,1759,3.4579,2.7727,0.070312
ngram50,1760,3.4599,2.7704,0.067871
ngram50,1761,3.4618,2.7461,0.069336
ngram50,1762,3.4638,2.7684,0.065918
ngram50,1763,3.4658,2.7666,0.066895
ngram50,1764,3.4677,2.7422,0.071289
ngram50,1765,3.4697,2.7683,0.069336
ngram50,1766,3.4717,2.7765,0.076172
ngram50,1767,3.4736,2.7367,0.078613
ngram50,1768,3.4756,2.8223,0.081543
ngram50,1769,3.4776,2.7934,0.070312
ngram50,1770,3.4795,2.7265,0.071777
ngram50,1771,3.4815,2.788,0.070312
ngram50,1772,3.4835,2.7578,0.079102
ngram50,1773,3.4854,2.8004,0.067383
ngram50,1774,3.4874,2.771,0.069336
ngram50,1775,3.4894,2.751,0.067383
ngram50,1776,3.4913,2.7474,0.064453
ngram50,1777,3.4933,2.7873,0.068848
ngram50,1778,3.4953,2.7708,0.066895
ngram50,1779,3.4972,2.7769,0.066895
ngram50,1780,3.4992,2.7524,0.070312
ngram50,1781,3.5012,2.7291,0.064453
ngram50,1782,3.5031,2.7663,0.065918
ngram50,1783,3.5051,2.7817,0.069824
ngram50,1784,3.5071,2.7908,0.06543
ngram50,1785,3.509,2.8023,0.068359
ngram50,1786,3.511,2.7796,0.14062
ngram50,1787,3.513,2.7413,0.062988
ngram50,1788,3.5149,2.7932,0.064941
ngram50,1789,3.5169,2.7502,0.069336
ngram50,1790,3.5189,2.727,0.06543
ngram50,1791,3.5208,2.7802,0.069336
ngram50,1792,3.5228,2.7999,0.070801
ngram50,1793,3.5248,2.7705,0.069824
ngram50,1794,3.5267,2.7544,0.068848
ngram50,1795,3.5287,2.7442,0.068848
ngram50,1796,3.5306,2.7456,0.067383
ngram50,1797,3.5326,2.7508,0.080078
ngram50,1798,3.5346,2.7797,0.065918
ngram50,1799,3.5365,2.7627,0.067383
ngram50,1800,3.5385,2.7997,0.067383
ngram50,1801,3.5405,2.7481,0.067383
ngram50,1802,3.5424,2.7805,0.067871
ngram50,1803,3.5444,2.7749,0.074707
ngram50,1804,3.5464,2.771,0.072754
ngram50,1805,3.5483,2.7466,0.069824
ngram50,1806,3.5503,2.7485,0.06543
ngram50,1807,3.5523,2.7629,0.066895
ngram50,1808,3.5542,2.7393,0.067871
ngram50,1809,3.5562,2.7338,0.066406
ngram50,1810,3.5582,2.7376,0.065918
ngram50,1811,3.5601,2.7451,0.06543
ngram50,1812,3.5621,2.7678,0.071289
ngram50,1813,3.5641,2.7546,0.075684
ngram50,1814,3.566,2.7556,0.072754
ngram50,1815,3.568,2.7401,0.067871
ngram50,1816,3.57,2.7492,0.067383
ngram50,1817,3.5719,2.7408,0.069336
ngram50,1818,3.5739,2.7878,0.068359
ngram50,1819,3.5759,2.7722,0.066406
ngram50,1820,3.5778,2.7354,0.075684
ngram50,1821,3.5798,2.7457,0.067871
ngram50,1822,3.5818,2.7659,0.064941
ngram50,1823,3.5837,2.7378,0.066895
ngram50,1824,3.5857,2.7388,0.06543
ngram50,1825,3.5877,2.7591,0.06543
ngram50,1826,3.5896,2.7324,0.06543
ngram50,1827,3.5916,2.7398,0.067871
ngram50,1828,3.5936,2.7793,0.067871
ngram50,1829,3.5955,2.7691,0.06543
ngram50,1830,3.5975,2.7522,0.066895
ngram50,1831,3.5995,2.7648,0.070801
ngram50,1832,3.6014,2.7202,0.068359
ngram50,1833,3.6034,2.7414,0.06543
ngram50,1834,3.6054,2.7543,0.069824
ngram50,1835,3.6073,2.8005,0.070312
ngram50,1836,3.6093,2.8038,0.067871
ngram50,1837,3.6112,2.7493,0.0625
ngram50,1838,3.6132,2.7617,0.064941
ngram50,1839,3.6152,2.7784,0.065918
ngram50,1840,3.6171,2.7448,0.066895
ngram50,1841,3.6191,2.7621,0.072266
ngram50,1842,3.6211,2.724,0.069824
ngram50,1843,3.623,2.728,0.063477
ngram50,1844,3.625,2.7635,0.062256
ngram50,1845,3.627,2.7633,0.061035
ngram50,1846,3.6289,2.758,0.063965
ngram50,1847,3.6309,2.7756,0.063477
ngram50,1848,3.6329,2.721,0.064941
ngram50,1849,3.6348,2.7694,0.065918
ngram50,1850,3.6368,2.7382,0.072266
ngram50,1851,3.6388,2.769,0.064941
ngram50,1852,3.6407,2.7606,0.063477
ngram50,1853,3.6427,2.7922,0.064453
ngram50,1854,3.6447,2.7794,0.064453
ngram50,1855,3.6466,2.7422,0.066406
ngram50,1856,3.6486,2.7292,0.067871
ngram50,1857,3.6506,2.7703,0.06543
ngram50,1858,3.6525,2.7477,0.063965
ngram50,1859,3.6545,2.728,0.068848
ngram50,1860,3.6565,2.7856,0.070801
ngram50,1861,3.6584,2.7476,0.062012
ngram50,1862,3.6604,2.7476,0.062988
ngram50,1863,3.6624,2.7616,0.064941
ngram50,1864,3.6643,2.7393,0.06543
ngram50,1865,3.6663,2.7637,0.067383
ngram50,1866,3.6683,2.7643,0.070801
ngram50,1867,3.6702,2.7306,0.076172
ngram50,1868,3.6722,2.757,0.071289
ngram50,1869,3.6742,2.7621,0.0625
ngram50,1870,3.6761,2.7593,0.06543
ngram50,1871,3.6781,2.7426,0.068359
ngram50,1872,3.6801,2.7148,0.068848
ngram50,1873,3.682,2.6982,0.063477
ngram50,1874,3.684,2.7179,0.05957
ngram50,1875,3.686,2.7342,0.059326
ngram50,1876,3.6879,2.7612,0.061279
ngram50,1877,3.6899,2.7617,0.062988
ngram50,1878,3.6918,2.7782,0.067383
ngram50,1879,3.6938,2.7491,0.068359
ngram50,1880,3.6958,2.7568,0.065918
ngram50,1881,3.6977,2.7489,0.064941
ngram50,1882,3.6997,2.7601,0.070312
ngram50,1883,3.7017,2.7339,0.066406
ngram50,1884,3.7036,2.7425,0.067871
ngram50,1885,3.7056,2.7447,0.061279
ngram50,1886,3.7076,2.7319,0.066895
ngram50,1887,3.7095,2.7321,0.064941
ngram50,1888,3.7115,2.7299,0.065918
ngram50,1889,3.7135,2.7292,0.06543
ngram50,1890,3.7154,2.7845,0.064453
ngram50,1891,3.7174,2.712,0.062012
ngram50,1892,3.7194,2.759,0.060303
ngram50,1893,3.7213,2.7694,0.0625
ngram50,1894,3.7233,2.7454,0.063965
ngram50,1895,3.7253,2.7723,0.06543
ngram50,1896,3.7272,2.7348,0.066895
ngram50,1897,3.7292,2.7532,0.064941
ngram50,1898,3.7312,2.7587,0.063965
ngram50,1899,3.7331,2.7511,0.067383
ngram50,1900,3.7351,2.811,0.066895
ngram50,1901,3.7371,2.7353,0.066406
ngram50,1902,3.739,2.7259,0.07373
ngram50,1903,3.741,2.7397,0.064453
ngram50,1904,3.743,2.7821,0.062988
ngram50,1905,3.7449,2.7598,0.062988
ngram50,1906,3.7469,2.7273,0.06543
ngram50,1907,3.7489,2.7537,0.062988
ngram50,1908,3.7508,2.7458,0.062988
ngram50,1909,3.7528,2.7276,0.064453
ngram50,1910,3.7548,2.721,0.066895
ngram50,1911,3.7567,2.7328,0.063965
ngram50,1912,3.7587,2.7852,0.06543
ngram50,1913,3.7607,2.7489,0.063477
ngram50,1914,3.7626,2.7146,0.062988
ngram50,1915,3.7646,2.732,0.0625
ngram50,1916,3.7665,2.748,0.062988
ngram50,1917,3.7685,2.7189,0.060791
ngram50,1918,3.7705,2.763,0.062988
ngram50,1919,3.7724,2.7438,0.063965
ngram50,1920,3.7744,2.7872,0.070801
ngram50,1921,3.7764,2.7555,0.066406
ngram50,1922,3.7783,2.7321,0.064941
ngram50,1923,3.7803,2.77,0.068359
ngram50,1924,3.7823,2.7581,0.069824
ngram50,1925,3.7842,2.7132,0.0625
ngram50,1926,3.7862,2.7288,0.060791
ngram50,1927,3.7882,2.7411,0.064941
ngram50,1928,3.7901,2.7622,0.061523
ngram50,1929,3.7921,2.7381,0.063477
ngram50,1930,3.7941,2.7356,0.067383
ngram50,1931,3.796,2.7391,0.062012
ngram50,1932,3.798,2.8135,0.064941
ngram50,1933,3.8,2.7423,0.059082
ngram50,1934,3.8019,2.731,0.057617
ngram50,1935,3.8039,2.7497,0.058838
ngram50,1936,3.8059,2.7192,0.060791
ngram50,1937,3.8078,2.7838,0.063477
ngram50,1938,3.8098,2.7391,0.06543
ngram50,1939,3.8118,2.7243,0.062988
ngram50,1940,3.8137,2.7735,0.060791
ngram50,1941,3.8157,2.7547,0.060059
ngram50,1942,3.8177,2.78,0.064453
ngram50,1943,3.8196,2.7775,0.06543
ngram50,1944,3.8216,2.7708,0.066406
ngram50,1945,3.8236,2.7628,0.062988
ngram50,1946,3.8255,2.7205,0.063477
ngram50,1947,3.8275,2.7297,0.063965
ngram50,1948,3.8295,2.7384,0.062988
ngram50,1949,3.8314,2.7389,0.062012
ngram50,1950,3.8334,2.7485,0.062012
ngram50,1951,3.8354,2.7989,0.060059
ngram50,1952,3.8373,2.7208,0.060791
ngram50,1953,3.8393,2.7248,0.0625
ngram50,1954,3.8413,2.7493,0.061768
ngram50,1955,3.8432,2.7363,0.059814
ngram50,1956,3.8452,2.7446,0.060303
ngram50,1957,3.8471,2.746,0.064941
ngram50,1958,3.8491,2.7618,0.067383
ngram50,1959,3.8511,2.733,0.063965
ngram50,1960,3.853,2.7556,0.068848
ngram50,1961,3.855,2.7315,0.061279
ngram50,1962,3.857,2.7387,0.058105
ngram50,1963,3.8589,2.7161,0.058594
ngram50,1964,3.8609,2.7574,0.058838
ngram50,1965,3.8629,2.7184,0.061035
ngram50,1966,3.8648,2.7289,0.060791
ngram50,1967,3.8668,2.7334,0.05957
ngram50,1968,3.8688,2.7067,0.060791
ngram50,1969,3.8707,2.7041,0.059814
ngram50,1970,3.8727,2.7259,0.060059
ngram50,1971,3.8747,2.7384,0.0625
ngram50,1972,3.8766,2.7491,0.064941
ngram50,1973,3.8786,2.7425,0.10938
ngram50,1974,3.8806,2.7226,0.0625
ngram50,1975,3.8825,2.7331,0.060791
ngram50,1976,3.8845,2.7444,0.058594
ngram50,1977,3.8865,2.7387,0.058838
ngram50,1978,3.8884,2.7096,0.059082
ngram50,1979,3.8904,2.7368,0.063477
ngram50,1980,3.8924,2.7402,0.065918
ngram50,1981,3.8943,2.747,0.0625
ngram50,1982,3.8963,2.7663,0.066406
ngram50,1983,3.8983,2.7615,0.062988
ngram50,1984,3.9002,2.7817,0.064453
ngram50,1985,3.9022,2.7312,0.063965
ngram50,1986,3.9042,2.7239,0.061768
ngram50,1987,3.9061,2.7142,0.060303
ngram50,1988,3.9081,2.7476,0.060059
ngram50,1989,3.9101,2.7096,0.058838
ngram50,1990,3.912,2.7924,0.060303
ngram50,1991,3.914,2.726,0.064453
ngram50,1992,3.916,2.7622,0.060059
ngram50,1993,3.9179,2.7233,0.061279
ngram50,1994,3.9199,2.7854,0.063477
ngram50,1995,3.9219,2.719,0.062988
ngram50,1996,3.9238,2.7404,0.064453
ngram50,1997,3.9258,2.7551,0.063965
ngram50,1998,3.9277,2.7407,0.060547
ngram50,1999,3.9297,2.7651,0.058594
ngram50,2000,3.9317,2.7276,0.060791
ngram50,2001,3.9336,2.7394,0.060303
ngram50,2002,3.9356,2.749,0.061523
ngram50,2003,3.9376,2.7406,0.059814
ngram50,2004,3.9395,2.7259,0.061768
ngram50,2005,3.9415,2.719,0.067871
ngram50,2006,3.9435,2.7339,0.066406
ngram50,2007,3.9454,2.7255,0.059326
ngram50,2008,3.9474,2.7251,0.057129
ngram50,2009,3.9494,2.7218,0.056885
ngram50,2010,3.9513,2.7172,0.059082
ngram50,2011,3.9533,2.7344,0.059814
ngram50,2012,3.9553,2.7368,0.060303
ngram50,2013,3.9572,2.7145,0.062012
ngram50,2014,3.9592,2.732,0.06543
ngram50,2015,3.9612,2.7236,0.062988
ngram50,2016,3.9631,2.7702,0.063965
ngram50,2017,3.9651,2.7244,0.065918
ngram50,2018,3.9671,2.7461,0.061768
ngram50,2019,3.969,2.7447,0.061768
ngram50,2020,3.971,2.7578,0.063965
ngram50,2021,3.973,2.797,0.059326
ngram50,2022,3.9749,2.79,0.063477
ngram50,2023,3.9769,2.704,0.069824
ngram50,2024,3.9789,2.7349,0.062988
ngram50,2025,3.9808,2.7685,0.058594
ngram50,2026,3.9828,2.7241,0.062988
ngram50,2027,3.9848,2.7103,0.061279
ngram50,2028,3.9867,2.7063,0.059814
ngram50,2029,3.9887,2.7319,0.058105
ngram50,2030,3.9907,2.7877,0.062012
ngram50,2031,3.9926,2.7457,0.063965
ngram50,2032,3.9946,2.7186,0.064453
ngram50,2033,3.9966,2.7896,0.064453
ngram50,2034,3.9985,2.7256,0.062988
ngram50,2035,4.0005,2.7467,0.062988
ngram50,2036,4.0025,2.7338,0.062012
ngram50,2037,4.0044,2.7153,0.061035
ngram50,2038,4.0064,2.7363,0.058838
ngram50,2039,4.0083,2.7425,0.060059
ngram50,2040,4.0103,2.7708,0.05957
ngram50,2041,4.0123,2.766,0.062256
ngram50,2042,4.0142,2.7586,0.059082
ngram50,2043,4.0162,2.7478,0.061279
ngram50,2044,4.0182,2.7536,0.063477
ngram50,2045,4.0201,2.7483,0.061279
ngram50,2046,4.0221,2.7258,0.061768
ngram50,2047,4.0241,2.6997,0.063965
ngram50,2048,4.026,2.7702,0.066406
ngram50,2049,4.028,2.6895,0.0625
ngram50,2050,4.03,2.7549,0.059326
ngram50,2051,4.0319,2.7318,0.061768
ngram50,2052,4.0339,2.7206,0.061523
ngram50,2053,4.0359,2.7023,0.057861
ngram50,2054,4.0378,2.7237,0.05957
ngram50,2055,4.0398,2.7129,0.061279
ngram50,2056,4.0418,2.7459,0.059082
ngram50,2057,4.0437,2.7355,0.062012
ngram50,2058,4.0457,2.7369,0.062256
ngram50,2059,4.0477,2.727,0.058838
ngram50,2060,4.0496,2.7273,0.057129
ngram50,2061,4.0516,2.7197,0.057861
ngram50,2062,4.0536,2.726,0.05957
ngram50,2063,4.0555,2.7162,0.057373
ngram50,2064,4.0575,2.7435,0.058105
ngram50,2065,4.0595,2.7064,0.060547
ngram50,2066,4.0614,2.7248,0.056152
ngram50,2067,4.0634,2.7242,0.063477
ngram50,2068,4.0654,2.7378,0.056152
ngram50,2069,4.0673,2.721,0.058105
ngram50,2070,4.0693,2.7606,0.057861
ngram50,2071,4.0713,2.7168,0.059326
ngram50,2072,4.0732,2.7056,0.058838
ngram50,2073,4.0752,2.7394,0.05835
ngram50,2074,4.0772,2.7274,0.05835
ngram50,2075,4.0791,2.728,0.055176
ngram50,2076,4.0811,2.7058,0.056396
ngram50,2077,4.083,2.7919,0.065918
ngram50,2078,4.085,2.7471,0.058594
ngram50,2079,4.087,2.7019,0.058594
ngram50,2080,4.0889,2.748,0.0625
ngram50,2081,4.0909,2.7561,0.062012
ngram50,2082,4.0929,2.7193,0.062988
ngram50,2083,4.0948,2.7735,0.060547
ngram50,2084,4.0968,2.7168,0.057861
ngram50,2085,4.0988,2.7446,0.062988
ngram50,2086,4.1007,2.7349,0.060059
ngram50,2087,4.1027,2.7171,0.057129
ngram50,2088,4.1047,2.715,0.057129
ngram50,2089,4.1066,2.721,0.058594
ngram50,2090,4.1086,2.7505,0.060059
ngram50,2091,4.1106,2.7099,0.057617
ngram50,2092,4.1125,2.7221,0.05835
ngram50,2093,4.1145,2.7401,0.058105
ngram50,2094,4.1165,2.7136,0.05835
ngram50,2095,4.1184,2.7416,0.059082
ngram50,2096,4.1204,2.7628,0.058105
ngram50,2097,4.1224,2.7053,0.061279
ngram50,2098,4.1243,2.7529,0.059814
ngram50,2099,4.1263,2.775,0.060303
ngram50,2100,4.1283,2.714,0.059814
ngram50,2101,4.1302,2.7132,0.057617
ngram50,2102,4.1322,2.7225,0.059082
ngram50,2103,4.1342,2.7459,0.058105
ngram50,2104,4.1361,2.7126,0.056152
ngram50,2105,4.1381,2.7242,0.056152
ngram50,2106,4.1401,2.7291,0.05835
ngram50,2107,4.142,2.7393,0.059082
ngram50,2108,4.144,2.728,0.059814
ngram50,2109,4.146,2.696,0.058594
ngram50,2110,4.1479,2.7579,0.056152
ngram50,2111,4.1499,2.7223,0.057129
ngram50,2112,4.1519,2.7168,0.058594
ngram50,2113,4.1538,2.7529,0.058105
ngram50,2114,4.1558,2.7285,0.058105
ngram50,2115,4.1578,2.7147,0.05835
ngram50,2116,4.1597,2.7392,0.057373
ngram50,2117,4.1617,2.7073,0.058594
ngram50,2118,4.1636,2.7331,0.056152
ngram50,2119,4.1656,2.7124,0.058838
ngram50,2120,4.1676,2.7296,0.060547
ngram50,2121,4.1695,2.7329,0.05835
ngram50,2122,4.1715,2.7477,0.062256
ngram50,2123,4.1735,2.7203,0.060791
ngram50,2124,4.1754,2.7309,0.058105
ngram50,2125,4.1774,2.7385,0.058838
ngram50,2126,4.1794,2.7331,0.058594
ngram50,2127,4.1813,2.7279,0.059326
ngram50,2128,4.1833,2.7214,0.063477
ngram50,2129,4.1853,2.7189,0.059326
ngram50,2130,4.1872,2.7206,0.057373
ngram50,2131,4.1892,2.6861,0.0625
ngram50,2132,4.1912,2.7415,0.060303
ngram50,2133,4.1931,2.7522,0.061523
ngram50,2134,4.1951,2.7267,0.063477
ngram50,2135,4.1971,2.7223,0.05957
ngram50,2136,4.199,2.7359,0.059082
ngram50,2137,4.201,2.7159,0.061035
ngram50,2138,4.203,2.7238,0.058105
ngram50,2139,4.2049,2.7075,0.059082
ngram50,2140,4.2069,2.7381,0.060059
ngram50,2141,4.2089,2.7391,0.05957
ngram50,2142,4.2108,2.7142,0.056152
ngram50,2143,4.2128,2.7389,0.060059
ngram50,2144,4.2148,2.7329,0.058105
ngram50,2145,4.2167,2.723,0.057861
ngram50,2146,4.2187,2.7027,0.059082
ngram50,2147,4.2207,2.7246,0.058594
ngram50,2148,4.2226,2.7129,0.056641
ngram50,2149,4.2246,2.6926,0.058838
ngram50,2150,4.2266,2.6891,0.059326
ngram50,2151,4.2285,2.7497,0.061768
ngram50,2152,4.2305,2.6975,0.060303
ngram50,2153,4.2325,2.7183,0.05835
ngram50,2154,4.2344,2.7044,0.057373
ngram50,2155,4.2364,2.6855,0.059814
ngram50,2156,4.2384,2.7028,0.062256
ngram50,2157,4.2403,2.7497,0.060303
ngram50,2158,4.2423,2.7106,0.056152
ngram50,2159,4.2442,2.7197,0.059326
ngram50,2160,4.2462,2.7066,0.059326
ngram50,2161,4.2482,2.7336,0.058838
ngram50,2162,4.2501,2.7024,0.05542
ngram50,2163,4.2521,2.7011,0.057373
ngram50,2164,4.2541,2.7501,0.061279
ngram50,2165,4.256,2.7323,0.061035
ngram50,2166,4.258,2.7381,0.057129
ngram50,2167,4.26,2.746,0.057861
ngram50,2168,4.2619,2.7547,0.061035
ngram50,2169,4.2639,2.7158,0.061279
ngram50,2170,4.2659,2.7515,0.057861
ngram50,2171,4.2678,2.7208,0.058105
ngram50,2172,4.2698,2.7276,0.059814
ngram50,2173,4.2718,2.7355,0.056641
ngram50,2174,4.2737,2.715,0.060059
ngram50,2175,4.2757,2.7118,0.070312
ngram50,2176,4.2777,2.7028,0.05957
ngram50,2177,4.2796,2.7379,0.060791
ngram50,2178,4.2816,2.6923,0.057373
ngram50,2179,4.2836,2.7413,0.058105
ngram50,2180,4.2855,2.7367,0.056396
ngram50,2181,4.2875,2.7343,0.055176
ngram50,2182,4.2895,2.7031,0.060791
ngram50,2183,4.2914,2.7305,0.05957
ngram50,2184,4.2934,2.7089,0.056396
ngram50,2185,4.2954,2.7082,0.056396
ngram50,2186,4.2973,2.7149,0.057373
ngram50,2187,4.2993,2.6638,0.056641
ngram50,2188,4.3013,2.7025,0.05957
ngram50,2189,4.3032,2.7176,0.059814
ngram50,2190,4.3052,2.7112,0.056641
ngram50,2191,4.3072,2.7064,0.05542
ngram50,2192,4.3091,2.7459,0.055908
ngram50,2193,4.3111,2.7284,0.056641
ngram50,2194,4.3131,2.7035,0.057617
ngram50,2195,4.315,2.7326,0.058105
ngram50,2196,4.317,2.7513,0.05542
ngram50,2197,4.319,2.734,0.055908
ngram50,2198,4.3209,2.7156,0.057129
ngram50,2199,4.3229,2.7366,0.059326
ngram50,2200,4.3248,2.7421,0.060303
ngram50,2201,4.3268,2.7366,0.056641
ngram50,2202,4.3288,2.7253,0.056396
ngram50,2203,4.3307,2.6919,0.054688
ngram50,2204,4.3327,2.6919,0.055664
ngram50,2205,4.3347,2.7332,0.056641
ngram50,2206,4.3366,2.7128,0.060059
ngram50,2207,4.3386,2.7312,0.056396
ngram50,2208,4.3406,2.7208,0.054932
ngram50,2209,4.3425,2.7185,0.054932
ngram50,2210,4.3445,2.6981,0.057129
ngram50,2211,4.3465,2.7201,0.055176
ngram50,2212,4.3484,2.7087,0.054199
ngram50,2213,4.3504,2.7185,0.055908
ngram50,2214,4.3524,2.7279,0.057129
ngram50,2215,4.3543,2.6805,0.057861
ngram50,2216,4.3563,2.7245,0.057373
ngram50,2217,4.3583,2.7201,0.058594
ngram50,2218,4.3602,2.7156,0.056152
ngram50,2219,4.3622,2.7072,0.055908
ngram50,2220,4.3642,2.7018,0.055664
ngram50,2221,4.3661,2.6981,0.055176
ngram50,2222,4.3681,2.735,0.056396
ngram50,2223,4.3701,2.6998,0.056152
ngram50,2224,4.372,2.7629,0.062988
ngram50,2225,4.374,2.7263,0.056396
ngram50,2226,4.376,2.6675,0.053711
ngram50,2227,4.3779,2.7177,0.057129
ngram50,2228,4.3799,2.7088,0.055664
ngram50,2229,4.3819,2.6999,0.057129
ngram50,2230,4.3838,2.71,0.056641
ngram50,2231,4.3858,2.7284,0.057861
ngram50,2232,4.3878,2.7321,0.057617
ngram50,2233,4.3897,2.7123,0.057129
ngram50,2234,4.3917,2.7037,0.056641
ngram50,2235,4.3937,2.7217,0.057861
ngram50,2236,4.3956,2.7173,0.055176
ngram50,2237,4.3976,2.7097,0.056641
ngram50,2238,4.3995,2.6999,0.056396
ngram50,2239,4.4015,2.6929,0.056885
ngram50,2240,4.4035,2.6886,0.056396
ngram50,2241,4.4054,2.6932,0.058105
ngram50,2242,4.4074,2.7044,0.056641
ngram50,2243,4.4094,2.6993,0.054199
ngram50,2244,4.4113,2.7111,0.055908
ngram50,2245,4.4133,2.7217,0.055664
ngram50,2246,4.4153,2.6813,0.059082
ngram50,2247,4.4172,2.7063,0.058594
ngram50,2248,4.4192,2.7109,0.055908
ngram50,2249,4.4212,2.6764,0.056152
ngram50,2250,4.4231,2.6914,0.057129
ngram50,2251,4.4251,2.7027,0.056641
ngram50,2252,4.4271,2.7074,0.057617
ngram50,2253,4.429,2.697,0.056152
ngram50,2254,4.431,2.716,0.054199
ngram50,2255,4.433,2.7467,0.057373
ngram50,2256,4.4349,2.6862,0.056641
ngram50,2257,4.4369,2.715,0.056641
ngram50,2258,4.4389,2.7563,0.057861
ngram50,2259,4.4408,2.7247,0.058594
ngram50,2260,4.4428,2.6779,0.059814
ngram50,2261,4.4448,2.7047,0.057617
ngram50,2262,4.4467,2.6869,0.055176
ngram50,2263,4.4487,2.6841,0.057373
ngram50,2264,4.4507,2.725,0.058838
ngram50,2265,4.4526,2.7391,0.056152
ngram50,2266,4.4546,2.707,0.053955
ngram50,2267,4.4566,2.7266,0.05835
ngram50,2268,4.4585,2.6956,0.056641
ngram50,2269,4.4605,2.74,0.060303
ngram50,2270,4.4625,2.7104,0.057617
ngram50,2271,4.4644,2.7045,0.055664
ngram50,2272,4.4664,2.6937,0.054199
ngram50,2273,4.4684,2.7176,0.054932
ngram50,2274,4.4703,2.7101,0.059814
ngram50,2275,4.4723,2.7173,0.057129
ngram50,2276,4.4743,2.7033,0.058105
ngram50,2277,4.4762,2.6722,0.056641
ngram50,2278,4.4782,2.7183,0.056152
ngram50,2279,4.4801,2.7352,0.056885
ngram50,2280,4.4821,2.6837,0.054199
ngram50,2281,4.4841,2.6645,0.056885
ngram50,2282,4.486,2.6914,0.057373
ngram50,2283,4.488,2.6917,0.055664
ngram50,2284,4.49,2.7165,0.054688
ngram50,2285,4.4919,2.6834,0.054688
ngram50,2286,4.4939,2.6974,0.055176
ngram50,2287,4.4959,2.6708,0.055176
ngram50,2288,4.4978,2.6932,0.056641
ngram50,2289,4.4998,2.7027,0.055176
ngram50,2290,4.5018,2.6972,0.056641
ngram50,2291,4.5037,2.6981,0.056396
ngram50,2292,4.5057,2.7306,0.058838
ngram50,2293,4.5077,2.7384,0.055908
ngram50,2294,4.5096,2.723,0.056641
ngram50,2295,4.5116,2.7224,0.055908
ngram50,2296,4.5136,2.6959,0.057373
ngram50,2297,4.5155,2.7561,0.062988
ngram50,2298,4.5175,2.7244,0.055908
ngram50,2299,4.5195,2.6669,0.054932
ngram50,2300,4.5214,2.7245,0.058838
ngram50,2301,4.5234,2.7172,0.061035
ngram50,2302,4.5254,2.6944,0.057373
ngram50,2303,4.5273,2.6853,0.055176
ngram50,2304,4.5293,2.6992,0.056396
ngram50,2305,4.5313,2.707,0.060547
ngram50,2306,4.5332,2.7185,0.053955
ngram50,2307,4.5352,2.6991,0.056641
ngram50,2308,4.5372,2.7185,0.055908
ngram50,2309,4.5391,2.7143,0.055664
ngram50,2310,4.5411,2.7035,0.056885
ngram50,2311,4.5431,2.712,0.054199
ngram50,2312,4.545,2.7348,0.055176
ngram50,2313,4.547,2.7024,0.054443
ngram50,2314,4.549,2.7424,0.054688
ngram50,2315,4.5509,2.7017,0.05957
ngram50,2316,4.5529,2.6894,0.055176
ngram50,2317,4.5549,2.6982,0.057373
ngram50,2318,4.5568,2.7025,0.056396
ngram50,2319,4.5588,2.743,0.056396
ngram50,2320,4.5607,2.7163,0.055664
ngram50,2321,4.5627,2.7055,0.058105
ngram50,2322,4.5647,2.698,0.055176
ngram50,2323,4.5666,2.7352,0.055908
ngram50,2324,4.5686,2.7366,0.056885
ngram50,2325,4.5706,2.7049,0.056885
ngram50,2326,4.5725,2.7116,0.054932
ngram50,2327,4.5745,2.7096,0.058105
ngram50,2328,4.5765,2.7275,0.057617
ngram50,2329,4.5784,2.708,0.057129
ngram50,2330,4.5804,2.6901,0.054932
ngram50,2331,4.5824,2.7427,0.056152
ngram50,2332,4.5843,2.7232,0.053955
ngram50,2333,4.5863,2.7123,0.054932
ngram50,2334,4.5883,2.6711,0.053955
ngram50,2335,4.5902,2.6627,0.056885
ngram50,2336,4.5922,2.6858,0.054688
ngram50,2337,4.5942,2.719,0.05835
ngram50,2338,4.5961,2.6641,0.056885
ngram50,2339,4.5981,2.7204,0.05542
ngram50,2340,4.6001,2.6689,0.055664
ngram50,2341,4.602,2.701,0.056885
ngram50,2342,4.604,2.7029,0.054688
ngram50,2343,4.606,2.725,0.055176
ngram50,2344,4.6079,2.6995,0.05542
ngram50,2345,4.6099,2.6793,0.054443
ngram50,2346,4.6119,2.682,0.053467
ngram50,2347,4.6138,2.6959,0.06543
ngram50,2348,4.6158,2.6858,0.056641
ngram50,2349,4.6178,2.6687,0.055176
ngram50,2350,4.6197,2.71,0.054688
ngram50,2351,4.6217,2.725,0.055664
ngram50,2352,4.6237,2.6801,0.053955
ngram50,2353,4.6256,2.7134,0.054688
ngram50,2354,4.6276,2.7065,0.056641
ngram50,2355,4.6296,2.7207,0.055176
ngram50,2356,4.6315,2.6965,0.054199
ngram50,2357,4.6335,2.7178,0.053223
ngram50,2358,4.6355,2.716,0.054932
ngram50,2359,4.6374,2.6836,0.055176
ngram50,2360,4.6394,2.7573,0.053467
ngram50,2361,4.6413,2.7405,0.05542
ngram50,2362,4.6433,2.6997,0.056641
ngram50,2363,4.6453,2.7343,0.053223
ngram50,2364,4.6472,2.7851,0.05835
ngram50,2365,4.6492,2.704,0.05542
ngram50,2366,4.6512,2.6928,0.054199
ngram50,2367,4.6531,2.6647,0.054688
ngram50,2368,4.6551,2.7163,0.056152
ngram50,2369,4.6571,2.7233,0.053711
ngram50,2370,4.659,2.7243,0.053955
ngram50,2371,4.661,2.7171,0.055664
ngram50,2372,4.663,2.7371,0.05542
ngram50,2373,4.6649,2.6955,0.054688
ngram50,2374,4.6669,2.7199,0.055176
ngram50,2375,4.6689,2.7226,0.055176
ngram50,2376,4.6708,2.7026,0.054932
ngram50,2377,4.6728,2.708,0.056396
ngram50,2378,4.6748,2.6969,0.054932
ngram50,2379,4.6767,2.6905,0.054443
ngram50,2380,4.6787,2.6973,0.054199
ngram50,2381,4.6807,2.725,0.054688
ngram50,2382,4.6826,2.6935,0.053955
ngram50,2383,4.6846,2.7151,0.054932
ngram50,2384,4.6866,2.7808,0.066406
ngram50,2385,4.6885,2.6936,0.055908
ngram50,2386,4.6905,2.7208,0.056885
ngram50,2387,4.6925,2.7005,0.056641
ngram50,2388,4.6944,2.7196,0.054199
ngram50,2389,4.6964,2.6825,0.057373
ngram50,2390,4.6984,2.7205,0.056885
ngram50,2391,4.7003,2.714,0.05542
ngram50,2392,4.7023,2.6881,0.051758
ngram50,2393,4.7043,2.7108,0.05542
ngram50,2394,4.7062,2.7053,0.054443
ngram50,2395,4.7082,2.699,0.054932
ngram50,2396,4.7102,2.6853,0.05542
ngram50,2397,4.7121,2.7305,0.05542
ngram50,2398,4.7141,2.767,0.057861
ngram50,2399,4.7161,2.7201,0.055908
ngram50,2400,4.718,2.6824,0.054199
ngram50,2401,4.72,2.7446,0.055664
ngram50,2402,4.7219,2.7044,0.053955
ngram50,2403,4.7239,2.7136,0.054932
ngram50,2404,4.7259,2.7037,0.054199
ngram50,2405,4.7278,2.7169,0.056396
ngram50,2406,4.7298,2.6747,0.05542
ngram50,2407,4.7318,2.694,0.054688
ngram50,2408,4.7337,2.716,0.056152
ngram50,2409,4.7357,2.7434,0.05542
ngram50,2410,4.7377,2.725,0.054932
ngram50,2411,4.7396,2.7355,0.053955
ngram50,2412,4.7416,2.704,0.055664
ngram50,2413,4.7436,2.7284,0.057373
ngram50,2414,4.7455,2.7033,0.053711
ngram50,2415,4.7475,2.668,0.055664
ngram50,2416,4.7495,2.7385,0.056641
ngram50,2417,4.7514,2.7209,0.05835
ngram50,2418,4.7534,2.6982,0.054199
ngram50,2419,4.7554,2.6963,0.057861
ngram50,2420,4.7573,2.7177,0.05542
ngram50,2421,4.7593,2.7058,0.056885
ngram50,2422,4.7613,2.6629,0.054443
ngram50,2423,4.7632,2.7076,0.054443
ngram50,2424,4.7652,2.6898,0.054443
ngram50,2425,4.7672,2.6897,0.054688
ngram50,2426,4.7691,2.7005,0.056885
ngram50,2427,4.7711,2.6611,0.054688
ngram50,2428,4.7731,2.7135,0.054199
ngram50,2429,4.775,2.694,0.054443
ngram50,2430,4.777,2.7011,0.053223
ngram50,2431,4.779,2.6984,0.053711
ngram50,2432,4.7809,2.7443,0.054199
ngram50,2433,4.7829,2.691,0.054443
ngram50,2434,4.7849,2.6971,0.054199
ngram50,2435,4.7868,2.7146,0.061279
ngram50,2436,4.7888,2.7105,0.054932
ngram50,2437,4.7908,2.6812,0.053955
ngram50,2438,4.7927,2.6872,0.054688
ngram50,2439,4.7947,2.6918,0.056152
ngram50,2440,4.7966,2.6841,0.060547
ngram50,2441,4.7986,2.6966,0.054688
ngram50,2442,4.8006,2.7165,0.053955
ngram50,2443,4.8025,2.6773,0.054932
ngram50,2444,4.8045,2.6853,0.054932
ngram50,2445,4.8065,2.6705,0.053223
ngram50,2446,4.8084,2.697,0.053223
ngram50,2447,4.8104,2.7307,0.056396
ngram50,2448,4.8124,2.709,0.055176
ngram50,2449,4.8143,2.704,0.056396
ngram50,2450,4.8163,2.6825,0.053711
ngram50,2451,4.8183,2.7059,0.053955
ngram50,2452,4.8202,2.7181,0.055664
ngram50,2453,4.8222,2.6911,0.054932
ngram50,2454,4.8242,2.7055,0.053955
ngram50,2455,4.8261,2.7001,0.055664
ngram50,2456,4.8281,2.7025,0.054443
ngram50,2457,4.8301,2.7071,0.055664
ngram50,2458,4.832,2.7063,0.05542
ngram50,2459,4.834,2.689,0.056641
ngram50,2460,4.836,2.686,0.05542
ngram50,2461,4.8379,2.695,0.066895
ngram50,2462,4.8399,2.7054,0.057129
ngram50,2463,4.8419,2.7032,0.054443
ngram50,2464,4.8438,2.7169,0.054443
ngram50,2465,4.8458,2.7354,0.057129
ngram50,2466,4.8478,2.6632,0.054443
ngram50,2467,4.8497,2.6977,0.053467
ngram50,2468,4.8517,2.6978,0.057129
ngram50,2469,4.8537,2.6916,0.055664
ngram50,2470,4.8556,2.692,0.05542
ngram50,2471,4.8576,2.7512,0.057861
ngram50,2472,4.8596,2.7413,0.05542
ngram50,2473,4.8615,2.7511,0.066406
ngram50,2474,4.8635,2.7019,0.059326
ngram50,2475,4.8655,2.6915,0.053223
ngram50,2476,4.8674,2.7025,0.056152
ngram50,2477,4.8694,2.6935,0.052979
ngram50,2478,4.8714,2.6812,0.053467
ngram50,2479,4.8733,2.6805,0.056641
ngram50,2480,4.8753,2.6697,0.054688
ngram50,2481,4.8772,2.6849,0.055908
ngram50,2482,4.8792,2.6834,0.057373
ngram50,2483,4.8812,2.6907,0.053955
ngram50,2484,4.8831,2.735,0.054688
ngram50,2485,4.8851,2.6866,0.053955
ngram50,2486,4.8871,2.7018,0.054199
ngram50,2487,4.889,2.682,0.05542
ngram50,2488,4.891,2.7921,0.05542
ngram50,2489,4.893,2.6923,0.053711
ngram50,2490,4.8949,2.7174,0.054443
ngram50,2491,4.8969,2.7853,0.057129
ngram50,2492,4.8989,2.7209,0.053711
ngram50,2493,4.9008,2.7007,0.054688
ngram50,2494,4.9028,2.675,0.05542
ngram50,2495,4.9048,2.6942,0.05542
ngram50,2496,4.9067,2.6781,0.056152
ngram50,2497,4.9087,2.6975,0.053467
ngram50,2498,4.9107,2.718,0.055176
ngram50,2499,4.9126,2.6931,0.053955
ngram50,2500,4.9146,2.7231,0.057373
ngram50,2501,4.9166,2.7144,0.055176
ngram50,2502,4.9185,2.6685,0.055176
ngram50,2503,4.9205,2.7108,0.053223
ngram50,2504,4.9225,2.6998,0.058838
ngram50,2505,4.9244,2.6642,0.053467
ngram50,2506,4.9264,2.6779,0.055176
ngram50,2507,4.9284,2.6889,0.054932
ngram50,2508,4.9303,2.6881,0.055664
ngram50,2509,4.9323,2.7106,0.052734
ngram50,2510,4.9343,2.6904,0.054688
ngram50,2511,4.9362,2.7112,0.055176
ngram50,2512,4.9382,2.699,0.053955
ngram50,2513,4.9402,2.7168,0.052246
ngram50,2514,4.9421,2.7283,0.056396
ngram50,2515,4.9441,2.6798,0.053223
ngram50,2516,4.9461,2.6529,0.055664
ngram50,2517,4.948,2.6655,0.055176
ngram50,2518,4.95,2.7557,0.056885
ngram50,2519,4.952,2.6914,0.058838
ngram50,2520,4.9539,2.7209,0.054688
ngram50,2521,4.9559,2.6676,0.056396
ngram50,2522,4.9578,2.6965,0.053711
ngram50,2523,4.9598,2.6929,0.054688
ngram50,2524,4.9618,2.7245,0.052979
ngram50,2525,4.9637,2.6976,0.054932
ngram50,2526,4.9657,2.6393,0.053955
ngram50,2527,4.9677,2.6829,0.054688
ngram50,2528,4.9696,2.7007,0.056396
ngram50,2529,4.9716,2.6638,0.054199
ngram50,2530,4.9736,2.6806,0.05542
ngram50,2531,4.9755,2.7335,0.053955
ngram50,2532,4.9775,2.7233,0.054688
ngram50,2533,4.9795,2.6816,0.053711
ngram50,2534,4.9814,2.6766,0.056885
ngram50,2535,4.9834,2.6859,0.053223
ngram50,2536,4.9854,2.6861,0.054688
ngram50,2537,4.9873,2.6943,0.056641
ngram50,2538,4.9893,2.6633,0.054199
ngram50,2539,4.9913,2.6997,0.055908
ngram50,2540,4.9932,2.7093,0.053955
ngram50,2541,4.9952,2.6857,0.053955
ngram50,2542,4.9972,2.7253,0.053955
ngram50,2543,4.9991,2.6879,0.053955
ngram50,2544,5.0011,2.7272,0.059326
ngram50,2545,5.0031,2.7273,0.05835
ngram50,2546,5.005,2.6816,0.056152
ngram50,2547,5.007,2.6852,0.052734
ngram50,2548,5.009,2.6634,0.054443
ngram50,2549,5.0109,2.6892,0.053467
ngram50,2550,5.0129,2.6936,0.056152
ngram50,2551,5.0149,2.7166,0.05542
ngram50,2552,5.0168,2.6951,0.052734
ngram50,2553,5.0188,2.7018,0.053467
ngram50,2554,5.0208,2.6794,0.054688
ngram50,2555,5.0227,2.6726,0.055176
ngram50,2556,5.0247,2.6902,0.053223
ngram50,2557,5.0267,2.6994,0.055664
ngram50,2558,5.0286,2.686,0.055664
ngram50,2559,5.0306,2.6841,0.054443
ngram50,2560,5.0326,2.6726,0.053711
ngram50,2561,5.0345,2.6782,0.053467
ngram50,2562,5.0365,2.6809,0.053467
ngram50,2563,5.0384,2.7018,0.055176
ngram50,2564,5.0404,2.7273,0.054932
ngram50,2565,5.0424,2.6766,0.054443
ngram50,2566,5.0443,2.7127,0.052979
ngram50,2567,5.0463,2.6921,0.055176
ngram50,2568,5.0483,2.6649,0.057861
ngram50,2569,5.0502,2.6952,0.055176
ngram50,2570,5.0522,2.6917,0.054688
ngram50,2571,5.0542,2.7174,0.057129
ngram50,2572,5.0561,2.686,0.054688
ngram50,2573,5.0581,2.6999,0.052734
ngram50,2574,5.0601,2.7125,0.05542
ngram50,2575,5.062,2.7165,0.054199
ngram50,2576,5.064,2.6973,0.055664
ngram50,2577,5.066,2.7155,0.05835
ngram50,2578,5.0679,2.7004,0.05542
ngram50,2579,5.0699,2.6592,0.05542
ngram50,2580,5.0719,2.7069,0.053955
ngram50,2581,5.0738,2.6857,0.057129
ngram50,2582,5.0758,2.6885,0.053955
ngram50,2583,5.0778,2.6839,0.054443
ngram50,2584,5.0797,2.7157,0.054688
ngram50,2585,5.0817,2.7107,0.053711
ngram50,2586,5.0837,2.6612,0.056152
ngram50,2587,5.0856,2.6792,0.054199
ngram50,2588,5.0876,2.7037,0.054443
ngram50,2589,5.0896,2.7047,0.052246
ngram50,2590,5.0915,2.6832,0.052002
ngram50,2591,5.0935,2.7361,0.053955
ngram50,2592,5.0955,2.6776,0.051758
ngram50,2593,5.0974,2.7199,0.054443
ngram50,2594,5.0994,2.6929,0.052979
ngram50,2595,5.1014,2.7042,0.056396
ngram50,2596,5.1033,2.6988,0.053223
ngram50,2597,5.1053,2.6912,0.052979
ngram50,2598,5.1073,2.6975,0.053223
ngram50,2599,5.1092,2.7118,0.055664
ngram50,2600,5.1112,2.6759,0.054199
ngram50,2601,5.1131,2.705,0.053955
ngram50,2602,5.1151,2.7133,0.05542
ngram50,2603,5.1171,2.7098,0.05249
ngram50,2604,5.119,2.6863,0.053223
ngram50,2605,5.121,2.6877,0.052734
ngram50,2606,5.123,2.6794,0.052979
ngram50,2607,5.1249,2.722,0.054199
ngram50,2608,5.1269,2.6877,0.053955
ngram50,2609,5.1289,2.678,0.053711
ngram50,2610,5.1308,2.7029,0.053467
ngram50,2611,5.1328,2.6696,0.058105
ngram50,2612,5.1348,2.7158,0.055176
ngram50,2613,5.1367,2.6782,0.052734
ngram50,2614,5.1387,2.6728,0.053223
ngram50,2615,5.1407,2.667,0.053223
ngram50,2616,5.1426,2.6906,0.053223
ngram50,2617,5.1446,2.6925,0.054199
ngram50,2618,5.1466,2.7428,0.057861
ngram50,2619,5.1485,2.6935,0.05542
ngram50,2620,5.1505,2.6745,0.052979
ngram50,2621,5.1525,2.6619,0.054443
ngram50,2622,5.1544,2.6783,0.054199
ngram50,2623,5.1564,2.704,0.053711
ngram50,2624,5.1584,2.6708,0.05542
ngram50,2625,5.1603,2.6802,0.052734
ngram50,2626,5.1623,2.6672,0.053467
ngram50,2627,5.1643,2.7039,0.053467
ngram50,2628,5.1662,2.6919,0.053223
ngram50,2629,5.1682,2.7113,0.053467
ngram50,2630,5.1702,2.6751,0.054199
ngram50,2631,5.1721,2.6935,0.056396
ngram50,2632,5.1741,2.6626,0.055664
ngram50,2633,5.1761,2.7189,0.057617
ngram50,2634,5.178,2.6747,0.054199
ngram50,2635,5.18,2.7344,0.055908
ngram50,2636,5.182,2.7012,0.054443
ngram50,2637,5.1839,2.6984,0.054932
ngram50,2638,5.1859,2.7035,0.053955
ngram50,2639,5.1879,2.7067,0.055176
ngram50,2640,5.1898,2.6849,0.054199
ngram50,2641,5.1918,2.7104,0.053711
ngram50,2642,5.1937,2.6872,0.054199
ngram50,2643,5.1957,2.6979,0.052734
ngram50,2644,5.1977,2.7097,0.052734
ngram50,2645,5.1996,2.7387,0.054688
ngram50,2646,5.2016,2.679,0.052246
ngram50,2647,5.2036,2.744,0.054932
ngram50,2648,5.2055,2.705,0.054932
ngram50,2649,5.2075,2.6925,0.054199
ngram50,2650,5.2095,2.7153,0.053467
ngram50,2651,5.2114,2.6834,0.052734
ngram50,2652,5.2134,2.6952,0.055664
ngram50,2653,5.2154,2.6784,0.054199
ngram50,2654,5.2173,2.6803,0.053223
ngram50,2655,5.2193,2.7102,0.054443
ngram50,2656,5.2213,2.6747,0.053467
ngram50,2657,5.2232,2.6536,0.054932
ngram50,2658,5.2252,2.6361,0.053467
ngram50,2659,5.2272,2.697,0.054199
ngram50,2660,5.2291,2.718,0.053223
ngram50,2661,5.2311,2.7034,0.056885
ngram50,2662,5.2331,2.6353,0.053711
ngram50,2663,5.235,2.6991,0.054443
ngram50,2664,5.237,2.675,0.052979
ngram50,2665,5.239,2.6759,0.053711
ngram50,2666,5.2409,2.6782,0.054688
ngram50,2667,5.2429,2.7108,0.052246
ngram50,2668,5.2449,2.7193,0.053223
ngram50,2669,5.2468,2.6792,0.053711
ngram50,2670,5.2488,2.6903,0.054932
ngram50,2671,5.2508,2.7088,0.054688
ngram50,2672,5.2527,2.7113,0.054443
ngram50,2673,5.2547,2.6979,0.05542
ngram50,2674,5.2567,2.6702,0.052734
ngram50,2675,5.2586,2.687,0.053467
ngram50,2676,5.2606,2.6706,0.053467
ngram50,2677,5.2626,2.7267,0.062256
ngram50,2678,5.2645,2.683,0.057373
ngram50,2679,5.2665,2.6958,0.054932
ngram50,2680,5.2685,2.7141,0.053467
ngram50,2681,5.2704,2.6698,0.054443
ngram50,2682,5.2724,2.692,0.052734
ngram50,2683,5.2743,2.7051,0.052979
ngram50,2684,5.2763,2.6798,0.053223
ngram50,2685,5.2783,2.6959,0.054443
ngram50,2686,5.2802,2.6541,0.054932
ngram50,2687,5.2822,2.7015,0.054199
ngram50,2688,5.2842,2.6411,0.052979
ngram50,2689,5.2861,2.71,0.05542
ngram50,2690,5.2881,2.6804,0.052002
ngram50,2691,5.2901,2.7078,0.054443
ngram50,2692,5.292,2.6926,0.05249
ngram50,2693,5.294,2.6642,0.054688
ngram50,2694,5.296,2.7115,0.058105
ngram50,2695,5.2979,2.6942,0.054443
ngram50,2696,5.2999,2.6862,0.054932
ngram50,2697,5.3019,2.682,0.054932
ngram50,2698,5.3038,2.6825,0.058105
ngram50,2699,5.3058,2.69,0.05249
ngram50,2700,5.3078,2.7048,0.053955
ngram50,2701,5.3097,2.7032,0.053711
ngram50,2702,5.3117,2.6666,0.053223
ngram50,2703,5.3137,2.6999,0.053711
ngram50,2704,5.3156,2.7003,0.05542
ngram50,2705,5.3176,2.6612,0.052979
ngram50,2706,5.3196,2.6806,0.052979
ngram50,2707,5.3215,2.6744,0.052246
ngram50,2708,5.3235,2.6989,0.053467
ngram50,2709,5.3255,2.7015,0.053711
ngram50,2710,5.3274,2.6847,0.055176
ngram50,2711,5.3294,2.6957,0.053223
ngram50,2712,5.3314,2.6801,0.054688
ngram50,2713,5.3333,2.7095,0.053711
ngram50,2714,5.3353,2.6993,0.059082
ngram50,2715,5.3373,2.7271,0.064453
ngram50,2716,5.3392,2.6994,0.053711
ngram50,2717,5.3412,2.6745,0.053223
ngram50,2718,5.3432,2.6712,0.05249
ngram50,2719,5.3451,2.6826,0.055176
ngram50,2720,5.3471,2.6945,0.054199
ngram50,2721,5.3491,2.685,0.052734
ngram50,2722,5.351,2.6869,0.055176
ngram50,2723,5.353,2.6745,0.052734
ngram50,2724,5.3549,2.7176,0.054688
ngram50,2725,5.3569,2.6816,0.052979
ngram50,2726,5.3589,2.6983,0.054199
ngram50,2727,5.3608,2.7027,0.054443
ngram50,2728,5.3628,2.6726,0.053955
ngram50,2729,5.3648,2.7109,0.053955
ngram50,2730,5.3667,2.6763,0.054443
ngram50,2731,5.3687,2.7044,0.054688
ngram50,2732,5.3707,2.6616,0.15234
ngram50,2733,5.3726,2.6949,0.053711
ngram50,2734,5.3746,2.7428,0.056396
ngram50,2735,5.3766,2.7032,0.055176
ngram50,2736,5.3785,2.6688,0.056641
ngram50,2737,5.3805,2.7897,0.056396
ngram50,2738,5.3825,2.6761,0.055176
ngram50,2739,5.3844,2.7132,0.055664
ngram50,2740,5.3864,2.7143,0.053711
ngram50,2741,5.3884,2.734,0.054199
ngram50,2742,5.3903,2.6844,0.054688
ngram50,2743,5.3923,2.7124,0.053955
ngram50,2744,5.3943,2.7083,0.052246
ngram50,2745,5.3962,2.681,0.054443
ngram50,2746,5.3982,2.6727,0.053467
ngram50,2747,5.4002,2.6769,0.056885
ngram50,2748,5.4021,2.7155,0.058105
ngram50,2749,5.4041,2.7396,0.055908
ngram50,2750,5.4061,2.6938,0.057373
ngram50,2751,5.408,2.6751,0.05249
ngram50,2752,5.41,2.6795,0.054688
ngram50,2753,5.412,2.7041,0.053711
ngram50,2754,5.4139,2.6939,0.052979
ngram50,2755,5.4159,2.6883,0.053711
ngram50,2756,5.4179,2.693,0.053955
ngram50,2757,5.4198,2.7054,0.054199
ngram50,2758,5.4218,2.7098,0.053467
ngram50,2759,5.4238,2.6888,0.05249
ngram50,2760,5.4257,2.6831,0.054932
ngram50,2761,5.4277,2.6807,0.054688
ngram50,2762,5.4297,2.6695,0.057373
ngram50,2763,5.4316,2.6998,0.053467
ngram50,2764,5.4336,2.696,0.054688
ngram50,2765,5.4355,2.6906,0.055176
ngram50,2766,5.4375,2.6615,0.053711
ngram50,2767,5.4395,2.658,0.054688
ngram50,2768,5.4414,2.7178,0.055176
ngram50,2769,5.4434,2.7001,0.054443
ngram50,2770,5.4454,2.7449,0.053467
ngram50,2771,5.4473,2.7114,0.053711
ngram50,2772,5.4493,2.7223,0.053955
ngram50,2773,5.4513,2.6988,0.053223
ngram50,2774,5.4532,2.6817,0.054688
ngram50,2775,5.4552,2.7092,0.060059
ngram50,2776,5.4572,2.6634,0.053711
ngram50,2777,5.4591,2.7245,0.056152
ngram50,2778,5.4611,2.6706,0.053223
ngram50,2779,5.4631,2.7068,0.053223
ngram50,2780,5.465,2.6579,0.055908
ngram50,2781,5.467,2.7071,0.053711
ngram50,2782,5.469,2.692,0.054688
ngram50,2783,5.4709,2.6586,0.053711
ngram50,2784,5.4729,2.694,0.053711
ngram50,2785,5.4749,2.7336,0.053223
ngram50,2786,5.4768,2.7007,0.054443
ngram50,2787,5.4788,2.669,0.054199
ngram50,2788,5.4808,2.7063,0.052979
ngram50,2789,5.4827,2.6973,0.053223
ngram50,2790,5.4847,2.7145,0.053711
ngram50,2791,5.4867,2.6849,0.053955
ngram50,2792,5.4886,2.6605,0.052979
ngram50,2793,5.4906,2.6768,0.053955
ngram50,2794,5.4926,2.721,0.053955
ngram50,2795,5.4945,2.6803,0.054199
ngram50,2796,5.4965,2.7026,0.053955
ngram50,2797,5.4985,2.6791,0.054688
ngram50,2798,5.5004,2.6598,0.054688
ngram50,2799,5.5024,2.6799,0.052734
ngram50,2800,5.5044,2.7312,0.054443
ngram50,2801,5.5063,2.7207,0.055908
ngram50,2802,5.5083,2.6943,0.056396
ngram50,2803,5.5102,2.6515,0.053955
ngram50,2804,5.5122,2.6744,0.052979
ngram50,2805,5.5142,2.7059,0.052979
ngram50,2806,5.5161,2.7163,0.053223
ngram50,2807,5.5181,2.6872,0.052246
ngram50,2808,5.5201,2.6473,0.05542
ngram50,2809,5.522,2.6789,0.057129
ngram50,2810,5.524,2.6689,0.055176
ngram50,2811,5.526,2.726,0.054688
ngram50,2812,5.5279,2.6848,0.05957
ngram50,2813,5.5299,2.7209,0.054932
ngram50,2814,5.5319,2.679,0.052246
ngram50,2815,5.5338,2.6616,0.05127
ngram50,2816,5.5358,2.6753,0.053711
ngram50,2817,5.5378,2.6845,0.053955
ngram50,2818,5.5397,2.6995,0.053711
ngram50,2819,5.5417,2.6925,0.054932
ngram50,2820,5.5437,2.6836,0.052246
ngram50,2821,5.5456,2.6737,0.054199
ngram50,2822,5.5476,2.6517,0.051025
ngram50,2823,5.5496,2.6431,0.052002
ngram50,2824,5.5515,2.7003,0.054688
ngram50,2825,5.5535,2.6579,0.052979
ngram50,2826,5.5555,2.7055,0.053223
ngram50,2827,5.5574,2.6826,0.051758
ngram50,2828,5.5594,2.6644,0.073242
ngram50,2829,5.5614,2.677,0.052979
ngram50,2830,5.5633,2.678,0.052979
ngram50,2831,5.5653,2.7025,0.054199
ngram50,2832,5.5673,2.6958,0.053955
ngram50,2833,5.5692,2.6679,0.05249
ngram50,2834,5.5712,2.6928,0.054688
ngram50,2835,5.5732,2.6378,0.053711
ngram50,2836,5.5751,2.7735,0.089844
ngram50,2837,5.5771,2.7343,0.056641
ngram50,2838,5.5791,2.6807,0.054443
ngram50,2839,5.581,2.684,0.051514
ngram50,2840,5.583,2.6793,0.05542
ngram50,2841,5.585,2.6918,0.054199
ngram50,2842,5.5869,2.6671,0.052734
ngram50,2843,5.5889,2.6337,0.052246
ngram50,2844,5.5908,2.6721,0.053467
ngram50,2845,5.5928,2.69,0.053711
ngram50,2846,5.5948,2.6912,0.054688
ngram50,2847,5.5967,2.675,0.053467
ngram50,2848,5.5987,2.6984,0.053711
ngram50,2849,5.6007,2.6796,0.052979
ngram50,2850,5.6026,2.6653,0.05542
ngram50,2851,5.6046,2.6912,0.055176
ngram50,2852,5.6066,2.6985,0.055176
ngram50,2853,5.6085,2.6678,0.052734
ngram50,2854,5.6105,2.6933,0.055664
ngram50,2855,5.6125,2.6989,0.055664
ngram50,2856,5.6144,2.6684,0.052002
ngram50,2857,5.6164,2.6764,0.053467
ngram50,2858,5.6184,2.7033,0.052002
ngram50,2859,5.6203,2.7234,0.054443
ngram50,2860,5.6223,2.7019,0.054688
ngram50,2861,5.6243,2.6707,0.052734
ngram50,2862,5.6262,2.7095,0.058594
ngram50,2863,5.6282,2.6947,0.052734
ngram50,2864,5.6302,2.6653,0.052734
ngram50,2865,5.6321,2.6676,0.054688
ngram50,2866,5.6341,2.6743,0.053711
ngram50,2867,5.6361,2.6829,0.053223
ngram50,2868,5.638,2.6596,0.051758
ngram50,2869,5.64,2.6845,0.05249
ngram50,2870,5.642,2.6878,0.052734
ngram50,2871,5.6439,2.6726,0.053711
ngram50,2872,5.6459,2.6786,0.052979
ngram50,2873,5.6479,2.6706,0.055908
ngram50,2874,5.6498,2.6907,0.053223
ngram50,2875,5.6518,2.7049,0.053467
ngram50,2876,5.6538,2.6889,0.053467
ngram50,2877,5.6557,2.6963,0.053955
ngram50,2878,5.6577,2.6787,0.053467
ngram50,2879,5.6597,2.6644,0.052246
ngram50,2880,5.6616,2.7162,0.054199
ngram50,2881,5.6636,2.6967,0.052734
ngram50,2882,5.6656,2.6805,0.054932
ngram50,2883,5.6675,2.7006,0.05249
ngram50,2884,5.6695,2.6837,0.054932
ngram50,2885,5.6714,2.6751,0.053223
ngram50,2886,5.6734,2.659,0.052979
ngram50,2887,5.6754,2.6579,0.053223
ngram50,2888,5.6773,2.7184,0.056396
ngram50,2889,5.6793,2.6238,0.052979
ngram50,2890,5.6813,2.7116,0.053467
ngram50,2891,5.6832,2.6897,0.054688
ngram50,2892,5.6852,2.6244,0.053223
ngram50,2893,5.6872,2.6715,0.055176
ngram50,2894,5.6891,2.6649,0.053711
ngram50,2895,5.6911,2.6759,0.051758
ngram50,2896,5.6931,2.6796,0.055908
ngram50,2897,5.695,2.7018,0.053223
ngram50,2898,5.697,2.72,0.05542
ngram50,2899,5.699,2.7421,0.052979
ngram50,2900,5.7009,2.715,0.053467
ngram50,2901,5.7029,2.6829,0.054199
ngram50,2902,5.7049,2.6786,0.052246
ngram50,2903,5.7068,2.7114,0.053711
ngram50,2904,5.7088,2.6928,0.06543
ngram50,2905,5.7108,2.6878,0.05249
ngram50,2906,5.7127,2.6704,0.052734
ngram50,2907,5.7147,2.6723,0.052734
ngram50,2908,5.7167,2.6643,0.052002
ngram50,2909,5.7186,2.7086,0.053955
ngram50,2910,5.7206,2.687,0.053223
ngram50,2911,5.7226,2.698,0.059326
ngram50,2912,5.7245,2.7139,0.053223
ngram50,2913,5.7265,2.6895,0.053467
ngram50,2914,5.7285,2.7031,0.05249
ngram50,2915,5.7304,2.7071,0.053955
ngram50,2916,5.7324,2.6973,0.051758
ngram50,2917,5.7344,2.6771,0.054443
ngram50,2918,5.7363,2.7218,0.053467
ngram50,2919,5.7383,2.653,0.05249
ngram50,2920,5.7403,2.7343,0.055176
ngram50,2921,5.7422,2.6746,0.053223
ngram50,2922,5.7442,2.6822,0.054932
ngram50,2923,5.7462,2.6942,0.052002
ngram50,2924,5.7481,2.6845,0.054199
ngram50,2925,5.7501,2.7021,0.052002
ngram50,2926,5.752,2.6854,0.054199
ngram50,2927,5.754,2.7011,0.053711
ngram50,2928,5.756,2.6929,0.052979
ngram50,2929,5.7579,2.7256,0.052979
ngram50,2930,5.7599,2.7024,0.054932
ngram50,2931,5.7619,2.693,0.053955
ngram50,2932,5.7638,2.7139,0.053223
ngram50,2933,5.7658,2.6888,0.060059
ngram50,2934,5.7678,2.6946,0.053467
ngram50,2935,5.7697,2.6386,0.053955
ngram50,2936,5.7717,2.7219,0.055176
ngram50,2937,5.7737,2.7012,0.056396
ngram50,2938,5.7756,2.6893,0.052734
ngram50,2939,5.7776,2.6857,0.054932
ngram50,2940,5.7796,2.6774,0.057129
ngram50,2941,5.7815,2.7321,0.053955
ngram50,2942,5.7835,2.6851,0.053711
ngram50,2943,5.7855,2.6988,0.051758
ngram50,2944,5.7874,2.6998,0.051758
ngram50,2945,5.7894,2.7038,0.057617
ngram50,2946,5.7914,2.7027,0.053223
ngram50,2947,5.7933,2.6958,0.052002
ngram50,2948,5.7953,2.7266,0.054199
ngram50,2949,5.7973,2.6873,0.053223
ngram50,2950,5.7992,2.6815,0.052002
ngram50,2951,5.8012,2.6698,0.053223
ngram50,2952,5.8032,2.6964,0.05542
ngram50,2953,5.8051,2.7259,0.054932
ngram50,2954,5.8071,2.7017,0.056152
ngram50,2955,5.8091,2.7501,0.057373
ngram50,2956,5.811,2.6827,0.05249
ngram50,2957,5.813,2.6933,0.052979
ngram50,2958,5.815,2.7027,0.054688
ngram50,2959,5.8169,2.7013,0.055176
ngram50,2960,5.8189,2.6718,0.054199
ngram50,2961,5.8209,2.6986,0.052734
ngram50,2962,5.8228,2.6929,0.054688
ngram50,2963,5.8248,2.6767,0.053467
ngram50,2964,5.8267,2.6508,0.055908
ngram50,2965,5.8287,2.6798,0.059326
ngram50,2966,5.8307,2.6791,0.055176
ngram50,2967,5.8326,2.6703,0.053711
ngram50,2968,5.8346,2.6923,0.05249
ngram50,2969,5.8366,2.6841,0.052734
ngram50,2970,5.8385,2.7248,0.056396
ngram50,2971,5.8405,2.6728,0.053711
ngram50,2972,5.8425,2.7117,0.052979
ngram50,2973,5.8444,2.7334,0.056396
ngram50,2974,5.8464,2.7085,0.052979
ngram50,2975,5.8484,2.6783,0.053955
ngram50,2976,5.8503,2.6774,0.052979
ngram50,2977,5.8523,2.7094,0.053711
ngram50,2978,5.8543,2.6951,0.052734
ngram50,2979,5.8562,2.6596,0.052002
ngram50,2980,5.8582,2.6604,0.052246
ngram50,2981,5.8602,2.6703,0.054199
ngram50,2982,5.8621,2.6982,0.052002
ngram50,2983,5.8641,2.7111,0.052979
ngram50,2984,5.8661,2.6778,0.051514
ngram50,2985,5.868,2.6735,0.053223
ngram50,2986,5.87,2.6776,0.053955
ngram50,2987,5.872,2.6833,0.054199
ngram50,2988,5.8739,2.6457,0.052734
ngram50,2989,5.8759,2.6453,0.053955
ngram50,2990,5.8779,2.6714,0.053467
ngram50,2991,5.8798,2.741,0.055176
ngram50,2992,5.8818,2.6805,0.057129
ngram50,2993,5.8838,2.6707,0.059326
ngram50,2994,5.8857,2.6969,0.054688
ngram50,2995,5.8877,2.6869,0.055908
ngram50,2996,5.8897,2.7084,0.054688
ngram50,2997,5.8916,2.6773,0.054199
ngram50,2998,5.8936,2.6726,0.053711
ngram50,2999,5.8956,2.6691,0.071777
ngram50,3000,5.8975,2.684,0.052734
ngram50,3001,5.8995,2.6842,0.053467
ngram50,3002,5.9015,2.6934,0.056885
ngram50,3003,5.9034,2.6691,0.053467
ngram50,3004,5.9054,2.702,0.052734
ngram50,3005,5.9073,2.7049,0.053711
ngram50,3006,5.9093,2.6494,0.053711
ngram50,3007,5.9113,2.7166,0.053467
ngram50,3008,5.9132,2.678,0.053711
ngram50,3009,5.9152,2.7225,0.053955
ngram50,3010,5.9172,2.659,0.053955
ngram50,3011,5.9191,2.6602,0.054199
ngram50,3012,5.9211,2.6872,0.05542
ngram50,3013,5.9231,2.6742,0.052246
ngram50,3014,5.925,2.6947,0.05249
ngram50,3015,5.927,2.698,0.053223
ngram50,3016,5.929,2.6756,0.055176
ngram50,3017,5.9309,2.6984,0.05249
ngram50,3018,5.9329,2.6493,0.052734
ngram50,3019,5.9349,2.6772,0.053955
ngram50,3020,5.9368,2.6998,0.052002
ngram50,3021,5.9388,2.7427,0.056641
ngram50,3022,5.9408,2.6951,0.052734
ngram50,3023,5.9427,2.6708,0.053467
ngram50,3024,5.9447,2.6545,0.05249
ngram50,3025,5.9467,2.6589,0.051758
ngram50,3026,5.9486,2.6852,0.054199
ngram50,3027,5.9506,2.6769,0.053711
ngram50,3028,5.9526,2.723,0.053223
ngram50,3029,5.9545,2.7073,0.055176
ngram50,3030,5.9565,2.6891,0.052979
ngram50,3031,5.9585,2.7434,0.061279
ngram50,3032,5.9604,2.7019,0.05249
ngram50,3033,5.9624,2.7061,0.05249
ngram50,3034,5.9644,2.6698,0.052734
ngram50,3035,5.9663,2.6808,0.052002
ngram50,3036,5.9683,2.6369,0.053223
ngram50,3037,5.9703,2.6755,0.053711
ngram50,3038,5.9722,2.6709,0.05249
ngram50,3039,5.9742,2.7066,0.05127
ngram50,3040,5.9762,2.6747,0.053711
ngram50,3041,5.9781,2.6558,0.052979
ngram50,3042,5.9801,2.6795,0.052979
ngram50,3043,5.9821,2.7079,0.052246
ngram50,3044,5.984,2.6502,0.054199
ngram50,3045,5.986,2.6757,0.05542
ngram50,3046,5.9879,2.6865,0.053711
ngram50,3047,5.9899,2.7037,0.055176
ngram50,3048,5.9919,2.7078,0.055176
ngram50,3049,5.9938,2.6885,0.054199
ngram50,3050,5.9958,2.6654,0.055176
ngram50,3051,5.9978,2.6329,0.051514
ngram50,3052,5.9997,2.7093,0.052734
ngram50,3053,6.0017,2.6823,0.052002
ngram25,1,0.0019658,16.693,4.2812
ngram25,2,0.0039317,16.692,4.25
ngram25,3,0.0058975,16.678,4.3125
ngram25,4,0.0078634,16.642,4.4062
ngram25,5,0.0098292,16.604,4.625
ngram25,6,0.011795,16.507,4.8125
ngram25,7,0.013761,16.398,5.0938
ngram25,8,0.015727,16.207,5.75
ngram25,9,0.017693,15.966,6.625
ngram25,10,0.019658,15.661,7.375
ngram25,11,0.021624,15.26,8.6875
ngram25,12,0.02359,14.747,10.188
ngram25,13,0.025556,14.176,11.438
ngram25,14,0.027522,13.534,12.125
ngram25,15,0.029488,12.834,12.5
ngram25,16,0.031453,12.169,11.688
ngram25,17,0.033419,11.568,10.0
ngram25,18,0.035385,11.107,7.9062
ngram25,19,0.037351,10.748,5.9688
ngram25,20,0.039317,10.498,4.6875
ngram25,21,0.041283,10.319,4.0625
ngram25,22,0.043248,10.173,3.8438
ngram25,23,0.045214,10.053,3.75
ngram25,24,0.04718,9.925,3.75
ngram25,25,0.049146,9.8022,3.7188
ngram25,26,0.051112,9.6935,3.6406
ngram25,27,0.053078,9.5627,3.6094
ngram25,28,0.055044,9.4502,3.4688
ngram25,29,0.057009,9.3223,3.3281
ngram25,30,0.058975,9.2065,3.1562
ngram25,31,0.060941,9.0782,2.9688
ngram25,32,0.062907,8.9171,2.7656
ngram25,33,0.064873,8.7841,2.4531
ngram25,34,0.066839,8.6414,2.1875
ngram25,35,0.068804,8.4944,1.9766
ngram25,36,0.07077,8.3868,1.8203
ngram25,37,0.072736,8.2597,1.6406
ngram25,38,0.074702,8.1229,1.4453
ngram25,39,0.076668,8.0238,1.3047
ngram25,40,0.078634,7.933,1.2188
ngram25,41,0.080599,7.7971,1.1328
ngram25,42,0.082565,7.7007,1.0078
ngram25,43,0.084531,7.6251,0.87891
ngram25,44,0.086497,7.5208,0.78906
ngram25,45,0.088463,7.4538,0.72266
ngram25,46,0.090429,7.3922,0.64844
ngram25,47,0.092394,7.2954,0.59766
ngram25,48,0.09436,7.2123,0.58984
ngram25,49,0.096326,7.1708,0.57031
ngram25,50,0.098292,7.094,0.60547
ngram25,51,0.10026,7.0602,0.98438
ngram25,52,0.10222,7.0298,2.1094
ngram25,53,0.10419,6.9812,1.4609
ngram25,54,0.10616,6.936,1.9922
ngram25,55,0.10812,6.8616,2.125
ngram25,56,0.11009,6.7912,2.0
ngram25,57,0.11205,6.7657,2.1094
ngram25,58,0.11402,6.7175,1.9297
ngram25,59,0.11598,6.6932,2.1406
ngram25,60,0.11795,6.6529,2.5781
ngram25,61,0.11992,6.5881,2.2031
ngram25,62,0.12188,6.5561,2.4844
ngram25,63,0.12385,6.5107,1.8047
ngram25,64,0.12581,6.4745,3.0312
ngram25,65,0.12778,6.4173,1.8594
ngram25,66,0.12975,6.3502,1.8594
ngram25,67,0.13171,6.3522,2.1719
ngram25,68,0.13368,6.288,1.7969
ngram25,69,0.13564,6.2371,1.7422
ngram25,70,0.13761,6.2158,1.9531
ngram25,71,0.13957,6.1581,1.75
ngram25,72,0.14154,6.1136,1.6797
ngram25,73,0.14351,6.0832,1.75
ngram25,74,0.14547,6.0343,1.3672
ngram25,75,0.14744,5.9816,1.4141
ngram25,76,0.1494,5.9551,1.5234
ngram25,77,0.15137,5.8778,1.2578
ngram25,78,0.15334,5.8776,1.1484
ngram25,79,0.1553,5.84,1.3672
ngram25,80,0.15727,5.7828,1.3828
ngram25,81,0.15923,5.747,1.1094
ngram25,82,0.1612,5.7282,1.3828
ngram25,83,0.16316,5.663,1.2422
ngram25,84,0.16513,5.6447,1.4531
ngram25,85,0.1671,5.6078,1.5469
ngram25,86,0.16906,5.5604,1.1484
ngram25,87,0.17103,5.5308,0.90625
ngram25,88,0.17299,5.5279,0.99219
ngram25,89,0.17496,5.4711,0.875
ngram25,90,0.17693,5.455,0.87109
ngram25,91,0.17889,5.4153,1.0234
ngram25,92,0.18086,5.3948,1.2266
ngram25,93,0.18282,5.3664,0.92578
ngram25,94,0.18479,5.327,1.2188
ngram25,95,0.18675,5.3186,1.0234
ngram25,96,0.18872,5.3001,0.97266
ngram25,97,0.19069,5.2939,1.0391
ngram25,98,0.19265,5.2493,1.1094
ngram25,99,0.19462,5.2347,1.3438
ngram25,100,0.19658,5.2516,1.1406
ngram25,101,0.19855,5.2,1.0078
ngram25,102,0.20052,5.1792,0.92578
ngram25,103,0.20248,5.1504,0.71875
ngram25,104,0.20445,5.1399,0.69141
ngram25,105,0.20641,5.1312,0.75781
ngram25,106,0.20838,5.1472,0.72266
ngram25,107,0.21034,5.1201,0.71484
ngram25,108,0.21231,5.0469,0.71484
ngram25,109,0.21428,5.1244,0.69922
ngram25,110,0.21624,5.0743,0.92969
ngram25,111,0.21821,5.0838,0.89062
ngram25,112,0.22017,5.0385,0.80078
ngram25,113,0.22214,5.0159,0.99609
ngram25,114,0.22411,5.0408,1.0391
ngram25,115,0.22607,4.9639,0.76953
ngram25,116,0.22804,4.9843,0.87109
ngram25,117,0.23,4.9575,0.89062
ngram25,118,0.23197,4.9632,0.86328
ngram25,119,0.23393,4.9616,0.83203
ngram25,120,0.2359,4.936,0.87109
ngram25,121,0.23787,4.9486,0.78906
ngram25,122,0.23983,4.9133,0.86719
ngram25,123,0.2418,4.9179,0.84766
ngram25,124,0.24376,4.9095,0.81641
ngram25,125,0.24573,4.8865,0.87109
ngram25,126,0.2477,4.8787,0.70703
ngram25,127,0.24966,4.8408,0.66406
ngram25,128,0.25163,4.8139,0.75
ngram25,129,0.25359,4.865,0.91406
ngram25,130,0.25556,4.8672,0.78516
ngram25,131,0.25753,4.8616,0.80859
ngram25,132,0.25949,4.8261,0.66406
ngram25,133,0.26146,4.8122,0.62891
ngram25,134,0.26342,4.8121,0.63281
ngram25,135,0.26539,4.8022,0.70703
ngram25,136,0.26735,4.7667,0.75391
ngram25,137,0.26932,4.8051,0.90625
ngram25,138,0.27129,4.7723,0.80469
ngram25,139,0.27325,4.7698,0.625
ngram25,140,0.27522,4.7299,0.82812
ngram25,141,0.27718,4.7733,0.79688
ngram25,142,0.27915,4.7242,0.64453
ngram25,143,0.28112,4.7188,0.66797
ngram25,144,0.28308,4.7299,0.84375
ngram25,145,0.28505,4.7397,0.80078
ngram25,146,0.28701,4.6816,0.55469
ngram25,147,0.28898,4.7237,0.625
ngram25,148,0.29094,4.6872,0.65234
ngram25,149,0.29291,4.6677,0.59375
ngram25,150,0.29488,4.6573,0.78125
ngram25,151,0.29684,4.6598,0.75781
ngram25,152,0.29881,4.6473,0.72656
ngram25,153,0.30077,4.6477,0.71484
ngram25,154,0.30274,4.64,0.58984
ngram25,155,0.30471,4.6278,0.57031
ngram25,156,0.30667,4.67,0.73047
ngram25,157,0.30864,4.6515,0.74609
ngram25,158,0.3106,4.6076,0.76953
ngram25,159,0.31257,4.6515,0.84375
ngram25,160,0.31453,4.5921,0.57812
ngram25,161,0.3165,4.5592,0.51562
ngram25,162,0.31847,4.5384,0.54688
ngram25,163,0.32043,4.4998,0.52344
ngram25,164,0.3224,4.5252,0.48633
ngram25,165,0.32436,4.5253,0.41602
ngram25,166,0.32633,4.4877,0.5625
ngram25,167,0.3283,4.5299,0.61719
ngram25,168,0.33026,4.5444,0.73438
ngram25,169,0.33223,4.4919,0.59766
ngram25,170,0.33419,4.4759,0.5
ngram25,171,0.33616,4.4615,0.53516
ngram25,172,0.33812,4.4526,0.64062
ngram25,173,0.34009,4.4742,0.55469
ngram25,174,0.34206,4.5117,0.59766
ngram25,175,0.34402,4.446,0.60547
ngram25,176,0.34599,4.5493,0.47266
ngram25,177,0.34795,4.4208,0.38281
ngram25,178,0.34992,4.4196,0.54297
ngram25,179,0.35189,4.4443,0.66797
ngram25,180,0.35385,4.414,0.54297
ngram25,181,0.35582,4.392,0.42578
ngram25,182,0.35778,4.3964,0.49609
ngram25,183,0.35975,4.3537,0.51562
ngram25,184,0.36171,4.3512,0.48828
ngram25,185,0.36368,4.3755,0.56641
ngram25,186,0.36565,4.3566,0.5625
ngram25,187,0.36761,4.4008,0.62109
ngram25,188,0.36958,4.3515,0.47266
ngram25,189,0.37154,4.3439,0.33984
ngram25,190,0.37351,4.3403,0.45898
ngram25,191,0.37548,4.3297,0.51172
ngram25,192,0.37744,4.3006,0.49219
ngram25,193,0.37941,4.3566,0.50781
ngram25,194,0.38137,4.2894,0.50781
ngram25,195,0.38334,4.3048,0.45312
ngram25,196,0.3853,4.2938,0.44922
ngram25,197,0.38727,4.2747,0.41406
ngram25,198,0.38924,4.2715,0.45703
ngram25,199,0.3912,4.2774,0.53516
ngram25,200,0.39317,4.2937,0.49023
ngram25,201,0.39513,4.2777,0.49805
ngram25,202,0.3971,4.2687,0.63672
ngram25,203,0.39907,4.2334,0.45312
ngram25,204,0.40103,4.2322,0.44336
ngram25,205,0.403,4.2067,0.47266
ngram25,206,0.40496,4.2108,0.38086
ngram25,207,0.40693,4.2172,0.47461
ngram25,208,0.40889,4.2172,0.42383
ngram25,209,0.41086,4.1708,0.41992
ngram25,210,0.41283,4.1721,0.41797
ngram25,211,0.41479,4.1647,0.41211
ngram25,212,0.41676,4.1716,0.4043
ngram25,213,0.41872,4.1656,0.41211
ngram25,214,0.42069,4.1736,0.50781
ngram25,215,0.42266,4.1828,0.39648
ngram25,216,0.42462,4.1043,0.34375
ngram25,217,0.42659,4.1408,0.40234
ngram25,218,0.42855,4.1456,0.39648
ngram25,219,0.43052,4.1591,0.50391
ngram25,220,0.43248,4.1133,0.43555
ngram25,221,0.43445,4.1167,0.33789
ngram25,222,0.43642,4.0876,0.39844
ngram25,223,0.43838,4.1244,0.38867
ngram25,224,0.44035,4.1112,0.33594
ngram25,225,0.44231,4.1057,0.3418
ngram25,226,0.44428,4.1065,0.39062
ngram25,227,0.44625,4.072,0.49023
ngram25,228,0.44821,4.091,0.49414
ngram25,229,0.45018,4.1033,0.39844
ngram25,230,0.45214,4.0523,0.47852
ngram25,231,0.45411,4.0301,0.41602
ngram25,232,0.45607,4.0461,0.3125
ngram25,233,0.45804,4.0366,0.32031
ngram25,234,0.46001,4.015,0.33594
ngram25,235,0.46197,4.0227,0.33594
ngram25,236,0.46394,4.0118,0.37305
ngram25,237,0.4659,4.0366,0.35547
ngram25,238,0.46787,4.0228,0.31055
ngram25,239,0.46984,4.0105,0.29297
ngram25,240,0.4718,4.0201,0.30078
ngram25,241,0.47377,4.0289,0.31641
ngram25,242,0.47573,3.9695,0.32227
ngram25,243,0.4777,3.9645,0.35352
ngram25,244,0.47966,4.0012,0.3457
ngram25,245,0.48163,3.9594,0.30859
ngram25,246,0.4836,3.9596,0.29883
ngram25,247,0.48556,3.9907,0.33398
ngram25,248,0.48753,3.9636,0.37695
ngram25,249,0.48949,3.9499,0.40625
ngram25,250,0.49146,3.9722,0.41406
ngram25,251,0.49343,3.9357,0.32617
ngram25,252,0.49539,3.9415,0.35742
ngram25,253,0.49736,3.9815,0.39453
ngram25,254,0.49932,3.9506,0.38086
ngram25,255,0.50129,3.9058,0.38867
ngram25,256,0.50326,3.8891,0.35547
ngram25,257,0.50522,3.9282,0.35352
ngram25,258,0.50719,3.9141,0.38086
ngram25,259,0.50915,3.8936,0.34375
ngram25,260,0.51112,3.8964,0.32422
ngram25,261,0.51308,3.8844,0.34961
ngram25,262,0.51505,3.8967,0.32031
ngram25,263,0.51702,3.8678,0.29102
ngram25,264,0.51898,3.9021,0.3125
ngram25,265,0.52095,3.8448,0.33398
ngram25,266,0.52291,3.8296,0.31836
ngram25,267,0.52488,3.8642,0.32031
ngram25,268,0.52685,3.8016,0.30469
ngram25,269,0.52881,3.8471,0.32227
ngram25,270,0.53078,3.8308,0.375
ngram25,271,0.53274,3.8116,0.33789
ngram25,272,0.53471,3.8157,0.31445
ngram25,273,0.53667,3.8003,0.31836
ngram25,274,0.53864,3.8324,0.32812
ngram25,275,0.54061,3.801,0.3457
ngram25,276,0.54257,3.8246,0.28906
ngram25,277,0.54454,3.7597,0.28711
ngram25,278,0.5465,3.8088,0.31055
ngram25,279,0.54847,3.8055,0.3125
ngram25,280,0.55044,3.773,0.32617
ngram25,281,0.5524,3.7643,0.32031
ngram25,282,0.55437,3.7474,0.28516
ngram25,283,0.55633,3.7608,0.27734
ngram25,284,0.5583,3.8014,0.30664
ngram25,285,0.56026,3.7522,0.33203
ngram25,286,0.56223,3.7992,0.37109
ngram25,287,0.5642,3.764,0.31445
ngram25,288,0.56616,3.8113,0.30859
ngram25,289,0.56813,3.7754,0.32031
ngram25,290,0.57009,3.7005,0.29297
ngram25,291,0.57206,3.7304,0.26758
ngram25,292,0.57403,3.7154,0.28711
ngram25,293,0.57599,3.6997,0.25195
ngram25,294,0.57796,3.7106,0.24219
ngram25,295,0.57992,3.7513,0.25195
ngram25,296,0.58189,3.6627,0.2832
ngram25,297,0.58385,3.7268,0.28906
ngram25,298,0.58582,3.6651,0.29688
ngram25,299,0.58779,3.6664,0.34766
ngram25,300,0.58975,3.6852,0.32812
ngram25,301,0.59172,3.6701,0.25977
ngram25,302,0.59368,3.6525,0.25586
ngram25,303,0.59565,3.6458,0.29297
ngram25,304,0.59762,3.6636,0.33398
ngram25,305,0.59958,3.6658,0.33789
ngram25,306,0.60155,3.6197,0.31055
ngram25,307,0.60351,3.6451,0.27734
ngram25,308,0.60548,3.6057,0.25977
ngram25,309,0.60744,3.6121,0.25586
ngram25,310,0.60941,3.6409,0.27734
ngram25,311,0.61138,3.6249,0.26953
ngram25,312,0.61334,3.5905,0.29297
ngram25,313,0.61531,3.6653,0.28711
ngram25,314,0.61727,3.6114,0.27539
ngram25,315,0.61924,3.6149,0.27344
ngram25,316,0.62121,3.5828,0.24316
ngram25,317,0.62317,3.5473,0.24219
ngram25,318,0.62514,3.5801,0.29102
ngram25,319,0.6271,3.6269,0.28125
ngram25,320,0.62907,3.5855,0.23438
ngram25,321,0.63103,3.5608,0.20605
ngram25,322,0.633,3.6143,0.23145
ngram25,323,0.63497,3.5471,0.25391
ngram25,324,0.63693,3.5233,0.2373
ngram25,325,0.6389,3.5535,0.22949
ngram25,326,0.64086,3.5913,0.27344
ngram25,327,0.64283,3.5496,0.29297
ngram25,328,0.6448,3.5475,0.27148
ngram25,329,0.64676,3.5397,0.26172
ngram25,330,0.64873,3.5484,0.26562
ngram25,331,0.65069,3.5049,0.26172
ngram25,332,0.65266,3.4842,0.26953
ngram25,333,0.65462,3.5361,0.30078
ngram25,334,0.65659,3.5038,0.2832
ngram25,335,0.65856,3.5111,0.22754
ngram25,336,0.66052,3.5188,0.22852
ngram25,337,0.66249,3.5222,0.24609
ngram25,338,0.66445,3.5989,0.26562
ngram25,339,0.66642,3.5386,0.25391
ngram25,340,0.66839,3.5199,0.24219
ngram25,341,0.67035,3.4999,0.25
ngram25,342,0.67232,3.4751,0.25391
ngram25,343,0.67428,3.4607,0.28711
ngram25,344,0.67625,3.4863,0.25195
ngram25,345,0.67821,3.5088,0.24902
ngram25,346,0.68018,3.503,0.25391
ngram25,347,0.68215,3.446,0.22559
ngram25,348,0.68411,3.4568,0.19629
ngram25,349,0.68608,3.4775,0.19141
ngram25,350,0.68804,3.443,0.21289
ngram25,351,0.69001,3.4705,0.20801
ngram25,352,0.69198,3.4548,0.2207
ngram25,353,0.69394,3.4891,0.26367
ngram25,354,0.69591,3.4347,0.24414
ngram25,355,0.69787,3.4407,0.2373
ngram25,356,0.69984,3.4303,0.24902
ngram25,357,0.7018,3.4447,0.29102
ngram25,358,0.70377,3.4375,0.25586
ngram25,359,0.70574,3.4049,0.21875
ngram25,360,0.7077,3.4348,0.2207
ngram25,361,0.70967,3.4295,0.21484
ngram25,362,0.71163,3.4323,0.22949
ngram25,363,0.7136,3.4397,0.2334
ngram25,364,0.71557,3.4245,0.22363
ngram25,365,0.71753,3.4221,0.19238
ngram25,366,0.7195,3.4052,0.19727
ngram25,367,0.72146,3.4422,0.23145
ngram25,368,0.72343,3.4737,0.25586
ngram25,369,0.72539,3.4157,0.22168
ngram25,370,0.72736,3.4174,0.19824
ngram25,371,0.72933,3.4048,0.22852
ngram25,372,0.73129,3.3801,0.21289
ngram25,373,0.73326,3.3927,0.19629
ngram25,374,0.73522,3.3962,0.21387
ngram25,375,0.73719,3.3903,0.24707
ngram25,376,0.73916,3.4201,0.25977
ngram25,377,0.74112,3.3515,0.20801
ngram25,378,0.74309,3.383,0.18945
ngram25,379,0.74505,3.4386,0.21387
ngram25,380,0.74702,3.3727,0.21289
ngram25,381,0.74899,3.3483,0.20215
ngram25,382,0.75095,3.3918,0.18164
ngram25,383,0.75292,3.3629,0.21582
ngram25,384,0.75488,3.3683,0.25195
ngram25,385,0.75685,3.3473,0.22656
ngram25,386,0.75881,3.3416,0.21094
ngram25,387,0.76078,3.3467,0.20996
ngram25,388,0.76275,3.3335,0.21582
ngram25,389,0.76471,3.3724,0.20605
ngram25,390,0.76668,3.3669,0.21582
ngram25,391,0.76864,3.3158,0.20312
ngram25,392,0.77061,3.3214,0.16992
ngram25,393,0.77258,3.345,0.15723
ngram25,394,0.77454,3.3856,0.20312
ngram25,395,0.77651,3.3734,0.18555
ngram25,396,0.77847,3.3081,0.21289
ngram25,397,0.78044,3.3232,0.22559
ngram25,398,0.7824,3.3986,0.20898
ngram25,399,0.78437,3.323,0.1875
ngram25,400,0.78634,3.3138,0.19531
ngram25,401,0.7883,3.3336,0.19043
ngram25,402,0.79027,3.3114,0.1748
ngram25,403,0.79223,3.3222,0.21973
ngram25,404,0.7942,3.3194,0.23242
ngram25,405,0.79617,3.4676,0.24121
ngram25,406,0.79813,3.2597,0.16895
ngram25,407,0.8001,3.304,0.16309
ngram25,408,0.80206,3.3079,0.18555
ngram25,409,0.80403,3.322,0.18555
ngram25,410,0.80599,3.353,0.20312
ngram25,411,0.80796,3.3119,0.19238
ngram25,412,0.80993,3.3194,0.16992
ngram25,413,0.81189,3.3276,0.17285
ngram25,414,0.81386,3.3037,0.17676
ngram25,415,0.81582,3.2821,0.17285
ngram25,416,0.81779,3.2898,0.16602
ngram25,417,0.81976,3.2993,0.18262
ngram25,418,0.82172,3.3156,0.18945
ngram25,419,0.82369,3.3283,0.19141
ngram25,420,0.82565,3.2459,0.24512
ngram25,421,0.82762,3.2906,0.19434
ngram25,422,0.82958,3.2808,0.17676
ngram25,423,0.83155,3.2893,0.2041
ngram25,424,0.83352,3.2854,0.20605
ngram25,425,0.83548,3.3108,0.18652
ngram25,426,0.83745,3.298,0.18457
ngram25,427,0.83941,3.2852,0.20117
ngram25,428,0.84138,3.3358,0.21289
ngram25,429,0.84335,3.2994,0.18652
ngram25,430,0.84531,3.3027,0.16016
ngram25,431,0.84728,3.2759,0.16406
ngram25,432,0.84924,3.2681,0.16504
ngram25,433,0.85121,3.3529,0.17969
ngram25,434,0.85317,3.2683,0.19531
ngram25,435,0.85514,3.2944,0.18457
ngram25,436,0.85711,3.2819,0.16309
ngram25,437,0.85907,3.2814,0.15527
ngram25,438,0.86104,3.3028,0.18652
ngram25,439,0.863,3.2629,0.21973
ngram25,440,0.86497,3.2425,0.2207
ngram25,441,0.86694,3.3223,0.2002
ngram25,442,0.8689,3.2903,0.17383
ngram25,443,0.87087,3.2958,0.16895
ngram25,444,0.87283,3.279,0.16309
ngram25,445,0.8748,3.2232,0.16602
ngram25,446,0.87676,3.2474,0.18457
ngram25,447,0.87873,3.2597,0.16797
ngram25,448,0.8807,3.2351,0.17383
ngram25,449,0.88266,3.2858,0.1709
ngram25,450,0.88463,3.2882,0.16113
ngram25,451,0.88659,3.2575,0.1543
ngram25,452,0.88856,3.2207,0.16406
ngram25,453,0.89053,3.2413,0.17871
ngram25,454,0.89249,3.2566,0.17285
ngram25,455,0.89446,3.2552,0.18652
ngram25,456,0.89642,3.2856,0.18359
ngram25,457,0.89839,3.2119,0.16602
ngram25,458,0.90035,3.2522,0.14941
ngram25,459,0.90232,3.256,0.14941
ngram25,460,0.90429,3.2325,0.15039
ngram25,461,0.90625,3.2291,0.14746
ngram25,462,0.90822,3.243,0.15527
ngram25,463,0.91018,3.2271,0.14941
ngram25,464,0.91215,3.2486,0.16992
ngram25,465,0.91412,3.2586,0.17676
ngram25,466,0.91608,3.2226,0.14844
ngram25,467,0.91805,3.2373,0.15039
ngram25,468,0.92001,3.2198,0.14844
ngram25,469,0.92198,3.2288,0.15332
ngram25,470,0.92394,3.2451,0.15625
ngram25,471,0.92591,3.252,0.15723
ngram25,472,0.92788,3.2257,0.16504
ngram25,473,0.92984,3.2298,0.16895
ngram25,474,0.93181,3.2513,0.19922
ngram25,475,0.93377,3.2056,0.15527
ngram25,476,0.93574,3.2272,0.16992
ngram25,477,0.93771,3.259,0.17578
ngram25,478,0.93967,3.1969,0.1582
ngram25,479,0.94164,3.2307,0.15332
ngram25,480,0.9436,3.2355,0.14844
ngram25,481,0.94557,3.229,0.15137
ngram25,482,0.94753,3.2179,0.16113
ngram25,483,0.9495,3.1909,0.15625
ngram25,484,0.95147,3.1967,0.16797
ngram25,485,0.95343,3.2183,0.16016
ngram25,486,0.9554,3.2042,0.15918
ngram25,487,0.95736,3.179,0.15918
ngram25,488,0.95933,3.2374,0.17969
ngram25,489,0.9613,3.1953,0.18359
ngram25,490,0.96326,3.1591,0.16797
ngram25,491,0.96523,3.1676,0.16211
ngram25,492,0.96719,3.1804,0.16504
ngram25,493,0.96916,3.1971,0.16406
ngram25,494,0.97112,3.1964,0.1582
ngram25,495,0.97309,3.1696,0.15137
ngram25,496,0.97506,3.1604,0.15723
ngram25,497,0.97702,3.1737,0.16211
ngram25,498,0.97899,3.2023,0.15625
ngram25,499,0.98095,3.1851,0.15137
ngram25,500,0.98292,3.1644,0.15918
ngram25,501,0.98489,3.1699,0.16504
ngram25,502,0.98685,3.199,0.17578
ngram25,503,0.98882,3.18,0.17871
ngram25,504,0.99078,3.1764,0.18457
ngram25,505,0.99275,3.2018,0.1748
ngram25,506,0.99472,3.2014,0.15234
ngram25,507,0.99668,3.1892,0.1377
ngram25,508,0.99865,3.1612,0.13184
ngram25,509,1.0006,3.17,0.14258
ngram25,510,1.0026,3.2099,0.15137
ngram25,511,1.0045,3.1874,0.15527
ngram25,512,1.0065,3.1498,0.14941
ngram25,513,1.0085,3.1754,0.14746
ngram25,514,1.0104,3.1393,0.14453
ngram25,515,1.0124,3.1458,0.13477
ngram25,516,1.0144,3.1689,0.14258
ngram25,517,1.0163,3.1285,0.14648
ngram25,518,1.0183,3.1833,0.14355
ngram25,519,1.0203,3.209,0.15137
ngram25,520,1.0222,3.141,0.1543
ngram25,521,1.0242,3.1579,0.16602
ngram25,522,1.0262,3.1607,0.19531
ngram25,523,1.0281,3.1815,0.19531
ngram25,524,1.0301,3.1498,0.16309
ngram25,525,1.0321,3.2003,0.1416
ngram25,526,1.034,3.1586,0.14453
ngram25,527,1.036,3.1402,0.14941
ngram25,528,1.038,3.1672,0.15723
ngram25,529,1.0399,3.1621,0.15527
ngram25,530,1.0419,3.1266,0.14355
ngram25,531,1.0439,3.1382,0.13867
ngram25,532,1.0458,3.125,0.1377
ngram25,533,1.0478,3.1321,0.1377
ngram25,534,1.0498,3.1435,0.13672
ngram25,535,1.0517,3.1656,0.14844
ngram25,536,1.0537,3.1438,0.14258
ngram25,537,1.0557,3.1541,0.14062
ngram25,538,1.0576,3.1661,0.13965
ngram25,539,1.0596,3.1432,0.14062
ngram25,540,1.0616,3.1374,0.1543
ngram25,541,1.0635,3.1601,0.15625
ngram25,542,1.0655,3.1205,0.14453
ngram25,543,1.0675,3.1533,0.13281
ngram25,544,1.0694,3.1248,0.1377
ngram25,545,1.0714,3.1423,0.15723
ngram25,546,1.0733,3.1192,0.14551
ngram25,547,1.0753,3.1468,0.1416
ngram25,548,1.0773,3.1257,0.15918
ngram25,549,1.0792,3.1146,0.17676
ngram25,550,1.0812,3.1606,0.17773
ngram25,551,1.0832,3.121,0.16602
ngram25,552,1.0851,3.1239,0.15137
ngram25,553,1.0871,3.1452,0.13086
ngram25,554,1.0891,3.1444,0.13672
ngram25,555,1.091,3.099,0.14355
ngram25,556,1.093,3.1375,0.15137
ngram25,557,1.095,3.1356,0.15332
ngram25,558,1.0969,3.1127,0.15137
ngram25,559,1.0989,3.1322,0.1377
ngram25,560,1.1009,3.1313,0.12695
ngram25,561,1.1028,3.1346,0.12695
ngram25,562,1.1048,3.0977,0.13477
ngram25,563,1.1068,3.127,0.13477
ngram25,564,1.1087,3.1188,0.13867
ngram25,565,1.1107,3.1049,0.14355
ngram25,566,1.1127,3.1131,0.16113
ngram25,567,1.1146,3.1439,0.14844
ngram25,568,1.1166,3.1215,0.13184
ngram25,569,1.1186,3.1374,0.12207
ngram25,570,1.1205,3.1234,0.125
ngram25,571,1.1225,3.0959,0.12988
ngram25,572,1.1245,3.0794,0.13672
ngram25,573,1.1264,3.122,0.13867
ngram25,574,1.1284,3.1248,0.13281
ngram25,575,1.1304,3.0949,0.13086
ngram25,576,1.1323,3.1045,0.1377
ngram25,577,1.1343,3.081,0.14844
ngram25,578,1.1363,3.1112,0.12695
ngram25,579,1.1382,3.0622,0.125
ngram25,580,1.1402,3.0854,0.13086
ngram25,581,1.1422,3.1094,0.12988
ngram25,582,1.1441,3.1094,0.12793
ngram25,583,1.1461,3.0799,0.12793
ngram25,584,1.1481,3.083,0.13086
ngram25,585,1.15,3.0567,0.13477
ngram25,586,1.152,3.1056,0.14355
ngram25,587,1.1539,3.0739,0.15527
ngram25,588,1.1559,3.0834,0.1416
ngram25,589,1.1579,3.1083,0.13086
ngram25,590,1.1598,3.1124,0.13281
ngram25,591,1.1618,3.1414,0.12891
ngram25,592,1.1638,3.1001,0.12402
ngram25,593,1.1657,3.0643,0.13574
ngram25,594,1.1677,3.1356,0.15332
ngram25,595,1.1697,3.0756,0.13867
ngram25,596,1.1716,3.0924,0.13379
ngram25,597,1.1736,3.0606,0.13477
ngram25,598,1.1756,3.1034,0.12988
ngram25,599,1.1775,3.0879,0.12402
ngram25,600,1.1795,3.0879,0.13086
ngram25,601,1.1815,3.1118,0.15234
ngram25,602,1.1834,3.1049,0.16895
ngram25,603,1.1854,3.0878,0.15918
ngram25,604,1.1874,3.0604,0.14453
ngram25,605,1.1893,3.1242,0.13574
ngram25,606,1.1913,3.1025,0.12305
ngram25,607,1.1933,3.1194,0.12256
ngram25,608,1.1952,3.1326,0.14551
ngram25,609,1.1972,3.1355,0.14844
ngram25,610,1.1992,3.0533,0.13672
ngram25,611,1.2011,3.0864,0.13867
ngram25,612,1.2031,3.0909,0.13281
ngram25,613,1.2051,3.0928,0.13184
ngram25,614,1.207,3.0884,0.17188
ngram25,615,1.209,3.0669,0.13965
ngram25,616,1.211,3.0635,0.14355
ngram25,617,1.2129,3.0676,0.12598
ngram25,618,1.2149,3.0734,0.10742
ngram25,619,1.2169,3.0417,0.1123
ngram25,620,1.2188,3.0621,0.12695
ngram25,621,1.2208,3.0626,0.14941
ngram25,622,1.2228,3.0545,0.14746
ngram25,623,1.2247,3.1109,0.13477
ngram25,624,1.2267,3.0816,0.125
ngram25,625,1.2287,3.0947,0.12598
ngram25,626,1.2306,3.0458,0.12305
ngram25,627,1.2326,3.0415,0.12305
ngram25,628,1.2345,3.0745,0.13379
ngram25,629,1.2365,3.083,0.13379
ngram25,630,1.2385,3.0454,0.13184
ngram25,631,1.2404,3.0443,0.13574
ngram25,632,1.2424,3.0436,0.13867
ngram25,633,1.2444,3.0891,0.12695
ngram25,634,1.2463,3.0715,0.12158
ngram25,635,1.2483,3.0526,0.12451
ngram25,636,1.2503,3.0572,0.12402
ngram25,637,1.2522,3.0352,0.12793
ngram25,638,1.2542,3.035,0.12451
ngram25,639,1.2562,3.1132,0.12402
ngram25,640,1.2581,3.0444,0.12012
ngram25,641,1.2601,3.0342,0.12793
ngram25,642,1.2621,3.0731,0.13184
ngram25,643,1.264,3.0613,0.13281
ngram25,644,1.266,3.0353,0.13672
ngram25,645,1.268,3.0379,0.14062
ngram25,646,1.2699,3.0854,0.12793
ngram25,647,1.2719,3.061,0.125
ngram25,648,1.2739,3.0281,0.13574
ngram25,649,1.2758,3.0567,0.12891
ngram25,650,1.2778,3.0776,0.11377
ngram25,651,1.2798,3.0484,0.11816
ngram25,652,1.2817,3.0315,0.125
ngram25,653,1.2837,3.0411,0.12695
ngram25,654,1.2857,3.0344,0.12598
ngram25,655,1.2876,3.0189,0.11914
ngram25,656,1.2896,3.0168,0.12451
ngram25,657,1.2916,3.064,0.12793
ngram25,658,1.2935,3.0481,0.13574
ngram25,659,1.2955,3.0302,0.12988
ngram25,660,1.2975,3.0683,0.12988
ngram25,661,1.2994,3.0386,0.11963
ngram25,662,1.3014,3.0252,0.11377
ngram25,663,1.3034,3.0704,0.10938
ngram25,664,1.3053,3.0048,0.11572
ngram25,665,1.3073,3.0325,0.12793
ngram25,666,1.3092,3.0188,0.1377
ngram25,667,1.3112,3.0417,0.1377
ngram25,668,1.3132,3.0388,0.12598
ngram25,669,1.3151,3.0349,0.12891
ngram25,670,1.3171,3.0416,0.12598
ngram25,671,1.3191,3.0013,0.12598
ngram25,672,1.321,3.0219,0.12793
ngram25,673,1.323,3.0177,0.12988
ngram25,674,1.325,3.036,0.13672
ngram25,675,1.3269,3.0449,0.13086
ngram25,676,1.3289,3.0236,0.12793
ngram25,677,1.3309,3.0306,0.14258
ngram25,678,1.3328,3.0641,0.15234
ngram25,679,1.3348,3.0432,0.13281
ngram25,680,1.3368,3.0245,0.12354
ngram25,681,1.3387,3.0323,0.12598
ngram25,682,1.3407,2.9928,0.12256
ngram25,683,1.3427,3.0827,0.11719
ngram25,684,1.3446,3.0686,0.12061
ngram25,685,1.3466,3.0079,0.11475
ngram25,686,1.3486,3.0194,0.11426
ngram25,687,1.3505,3.0326,0.11426
ngram25,688,1.3525,3.0386,0.11377
ngram25,689,1.3545,3.0175,0.11523
ngram25,690,1.3564,2.9978,0.11279
ngram25,691,1.3584,2.9945,0.10986
ngram25,692,1.3604,3.0272,0.10498
ngram25,693,1.3623,3.0085,0.10547
ngram25,694,1.3643,3.0178,0.10938
ngram25,695,1.3663,3.0101,0.11084
ngram25,696,1.3682,3.0102,0.1084
ngram25,697,1.3702,2.9892,0.12256
ngram25,698,1.3722,2.9882,0.12793
ngram25,699,1.3741,2.9972,0.13086
ngram25,700,1.3761,2.9989,0.11523
ngram25,701,1.3781,3.0286,0.11133
ngram25,702,1.38,3.0024,0.11182
ngram25,703,1.382,3.0116,0.11865
ngram25,704,1.384,3.0418,0.11816
ngram25,705,1.3859,3.033,0.11621
ngram25,706,1.3879,2.9949,0.11475
ngram25,707,1.3898,3.0306,0.11768
ngram25,708,1.3918,2.991,0.11133
ngram25,709,1.3938,3.0037,0.12305
ngram25,710,1.3957,3.0255,0.12305
ngram25,711,1.3977,3.0006,0.12988
ngram25,712,1.3997,3.015,0.12793
ngram25,713,1.4016,3.0275,0.125
ngram25,714,1.4036,2.9949,0.12695
ngram25,715,1.4056,3.0012,0.125
ngram25,716,1.4075,3.0384,0.11523
ngram25,717,1.4095,3.0042,0.10449
ngram25,718,1.4115,3.0013,0.10205
ngram25,719,1.4134,3.0137,0.11621
ngram25,720,1.4154,3.0004,0.12207
ngram25,721,1.4174,3.0377,0.11816
ngram25,722,1.4193,2.9751,0.1123
ngram25,723,1.4213,2.9818,0.11084
ngram25,724,1.4233,3.0181,0.10205
ngram25,725,1.4252,2.9848,0.1123
ngram25,726,1.4272,3.0139,0.11768
ngram25,727,1.4292,3.0052,0.11182
ngram25,728,1.4311,3.012,0.125
ngram25,729,1.4331,2.9809,0.13281
ngram25,730,1.4351,3.039,0.12402
ngram25,731,1.437,2.9972,0.10742
ngram25,732,1.439,2.9889,0.099609
ngram25,733,1.441,2.9949,0.10547
ngram25,734,1.4429,3.0088,0.125
ngram25,735,1.4449,2.9956,0.1377
ngram25,736,1.4469,3.0279,0.12988
ngram25,737,1.4488,3.0013,0.11084
ngram25,738,1.4508,3.0208,0.1123
ngram25,739,1.4528,2.9914,0.1123
ngram25,740,1.4547,3.0,0.11426
ngram25,741,1.4567,3.0118,0.11426
ngram25,742,1.4587,2.9885,0.11182
ngram25,743,1.4606,2.9827,0.11572
ngram25,744,1.4626,3.0012,0.11621
ngram25,745,1.4646,2.9743,0.11914
ngram25,746,1.4665,2.979,0.12012
ngram25,747,1.4685,3.0219,0.11621
ngram25,748,1.4704,2.9507,0.11426
ngram25,749,1.4724,2.9772,0.13574
ngram25,750,1.4744,2.9756,0.13184
ngram25,751,1.4763,3.0141,0.12402
ngram25,752,1.4783,2.9591,0.11621
ngram25,753,1.4803,2.9405,0.11768
ngram25,754,1.4822,3.0028,0.10986
ngram25,755,1.4842,2.9916,0.11621
ngram25,756,1.4862,2.9884,0.11426
ngram25,757,1.4881,3.0079,0.13477
ngram25,758,1.4901,2.9966,0.10547
ngram25,759,1.4921,2.941,0.10449
ngram25,760,1.494,2.9818,0.11768
ngram25,761,1.496,2.9921,0.12109
ngram25,762,1.498,3.0588,0.12256
ngram25,763,1.4999,2.9763,0.11328
ngram25,764,1.5019,3.003,0.11133
ngram25,765,1.5039,3.0234,0.11523
ngram25,766,1.5058,3.0298,0.11426
ngram25,767,1.5078,2.9929,0.12695
ngram25,768,1.5098,2.9565,0.12402
ngram25,769,1.5117,2.9652,0.12354
ngram25,770,1.5137,2.9708,0.11768
ngram25,771,1.5157,2.9683,0.10889
ngram25,772,1.5176,2.9954,0.098633
ngram25,773,1.5196,2.9918,0.099609
ngram25,774,1.5216,2.9785,0.11084
ngram25,775,1.5235,2.9714,0.12793
ngram25,776,1.5255,2.9266,0.13379
ngram25,777,1.5275,2.9885,0.12402
ngram25,778,1.5294,2.9559,0.12061
ngram25,779,1.5314,2.9447,0.11426
ngram25,780,1.5334,2.9494,0.11865
ngram25,781,1.5353,3.0012,0.12793
ngram25,782,1.5373,2.9867,0.12305
ngram25,783,1.5393,2.9985,0.11719
ngram25,784,1.5412,2.9533,0.11377
ngram25,785,1.5432,2.9649,0.1123
ngram25,786,1.5452,2.972,0.11279
ngram25,787,1.5471,2.9744,0.10986
ngram25,788,1.5491,2.9555,0.10791
ngram25,789,1.551,2.9607,0.11475
ngram25,790,1.553,2.9692,0.12207
ngram25,791,1.555,2.936,0.12305
ngram25,792,1.5569,3.0327,0.12109
ngram25,793,1.5589,2.9213,0.11279
ngram25,794,1.5609,2.9566,0.10693
ngram25,795,1.5628,2.961,0.1123
ngram25,796,1.5648,2.9545,0.12012
ngram25,797,1.5668,2.9941,0.12598
ngram25,798,1.5687,2.9532,0.12695
ngram25,799,1.5707,2.9717,0.13086
ngram25,800,1.5727,2.9823,0.11768
ngram25,801,1.5746,2.9862,0.11914
ngram25,802,1.5766,2.9296,0.11426
ngram25,803,1.5786,2.9342,0.1123
ngram25,804,1.5805,2.9395,0.10889
ngram25,805,1.5825,2.9451,0.11963
ngram25,806,1.5845,2.981,0.12402
ngram25,807,1.5864,2.9495,0.12598
ngram25,808,1.5884,3.0164,0.12012
ngram25,809,1.5904,2.9425,0.11768
ngram25,810,1.5923,2.9702,0.11182
ngram25,811,1.5943,2.9928,0.10645
ngram25,812,1.5963,2.9746,0.1001
ngram25,813,1.5982,2.9605,0.099609
ngram25,814,1.6002,2.9361,0.10742
ngram25,815,1.6022,2.9413,0.11279
ngram25,816,1.6041,2.937,0.11621
ngram25,817,1.6061,2.9394,0.11377
ngram25,818,1.6081,2.9775,0.1084
ngram25,819,1.61,2.9573,0.10547
ngram25,820,1.612,2.9508,0.10449
ngram25,821,1.614,2.9865,0.10742
ngram25,822,1.6159,2.9258,0.104
ngram25,823,1.6179,2.9818,0.11182
ngram25,824,1.6199,2.9483,0.12891
ngram25,825,1.6218,2.9429,0.12793
ngram25,826,1.6238,2.9616,0.12988
ngram25,827,1.6257,2.9357,0.12598
ngram25,828,1.6277,2.9503,0.125
ngram25,829,1.6297,2.9451,0.11865
ngram25,830,1.6316,2.9571,0.11963
ngram25,831,1.6336,2.9321,0.11719
ngram25,832,1.6356,2.9553,0.11475
ngram25,833,1.6375,2.9497,0.11865
ngram25,834,1.6395,2.9401,0.12451
ngram25,835,1.6415,2.9624,0.1123
ngram25,836,1.6434,2.9649,0.11475
ngram25,837,1.6454,2.9884,0.11328
ngram25,838,1.6474,2.9401,0.11182
ngram25,839,1.6493,2.9273,0.10986
ngram25,840,1.6513,2.9385,0.11621
ngram25,841,1.6533,2.9363,0.12012
ngram25,842,1.6552,2.9501,0.11182
ngram25,843,1.6572,2.9265,0.11182
ngram25,844,1.6592,2.9507,0.10986
ngram25,845,1.6611,2.9283,0.10498
ngram25,846,1.6631,2.9458,0.10449
ngram25,847,1.6651,2.929,0.10498
ngram25,848,1.667,2.9692,0.10352
ngram25,849,1.669,2.9492,0.10986
ngram25,850,1.671,2.9714,0.11133
ngram25,851,1.6729,2.9239,0.11279
ngram25,852,1.6749,2.9246,0.11377
ngram25,853,1.6769,2.891,0.11426
ngram25,854,1.6788,2.918,0.1084
ngram25,855,1.6808,2.9042,0.1167
ngram25,856,1.6828,2.9576,0.11621
ngram25,857,1.6847,2.9295,0.11426
ngram25,858,1.6867,2.9338,0.10938
ngram25,859,1.6887,2.9934,0.10303
ngram25,860,1.6906,2.9201,0.094238
ngram25,861,1.6926,2.9176,0.10205
ngram25,862,1.6946,2.9514,0.11084
ngram25,863,1.6965,2.958,0.12158
ngram25,864,1.6985,2.9494,0.12061
ngram25,865,1.7005,2.916,0.11084
ngram25,866,1.7024,2.9375,0.11084
ngram25,867,1.7044,2.9546,0.10645
ngram25,868,1.7063,2.915,0.10498
ngram25,869,1.7083,2.9342,0.10498
ngram25,870,1.7103,2.9118,0.096191
ngram25,871,1.7122,2.9412,0.098145
ngram25,872,1.7142,2.9362,0.098145
ngram25,873,1.7162,2.9654,0.10059
ngram25,874,1.7181,2.9547,0.10107
ngram25,875,1.7201,2.9481,0.10107
ngram25,876,1.7221,2.941,0.10791
ngram25,877,1.724,2.9524,0.11621
ngram25,878,1.726,2.9336,0.12061
ngram25,879,1.728,2.9402,0.11719
ngram25,880,1.7299,2.9392,0.11621
ngram25,881,1.7319,2.916,0.11182
ngram25,882,1.7339,2.9298,0.11035
ngram25,883,1.7358,2.9422,0.10596
ngram25,884,1.7378,2.9277,0.10449
ngram25,885,1.7398,2.9166,0.11523
ngram25,886,1.7417,2.9594,0.11182
ngram25,887,1.7437,2.9453,0.10449
ngram25,888,1.7457,2.9064,0.099121
ngram25,889,1.7476,2.9074,0.10254
ngram25,890,1.7496,2.9499,0.11328
ngram25,891,1.7516,2.9176,0.11084
ngram25,892,1.7535,2.9146,0.11768
ngram25,893,1.7555,2.9132,0.11963
ngram25,894,1.7575,2.9281,0.12354
ngram25,895,1.7594,2.8921,0.11523
ngram25,896,1.7614,2.9384,0.10156
ngram25,897,1.7634,2.9149,0.11719
ngram25,898,1.7653,2.926,0.10547
ngram25,899,1.7673,2.9052,0.10156
ngram25,900,1.7693,2.9286,0.10254
ngram25,901,1.7712,2.9149,0.11914
ngram25,902,1.7732,2.9321,0.12305
ngram25,903,1.7752,2.9304,0.11865
ngram25,904,1.7771,2.9006,0.10889
ngram25,905,1.7791,2.8767,0.10547
ngram25,906,1.7811,2.8963,0.10303
ngram25,907,1.783,2.9361,0.10107
ngram25,908,1.785,2.9164,0.13965
ngram25,909,1.7869,2.9193,0.104
ngram25,910,1.7889,2.923,0.10498
ngram25,911,1.7909,2.9095,0.11084
ngram25,912,1.7928,2.8958,0.11475
ngram25,913,1.7948,2.9506,0.11475
ngram25,914,1.7968,2.9087,0.10596
ngram25,915,1.7987,2.9344,0.1001
ngram25,916,1.8007,2.9169,0.10303
ngram25,917,1.8027,2.9331,0.10107
ngram25,918,1.8046,2.9005,0.10742
ngram25,919,1.8066,2.881,0.10547
ngram25,920,1.8086,2.9086,0.10596
ngram25,921,1.8105,2.9109,0.10596
ngram25,922,1.8125,2.9179,0.10645
ngram25,923,1.8145,2.9113,0.10449
ngram25,924,1.8164,2.9137,0.10938
ngram25,925,1.8184,2.9456,0.1084
ngram25,926,1.8204,2.8973,0.11523
ngram25,927,1.8223,2.9604,0.11963
ngram25,928,1.8243,2.9141,0.10449
ngram25,929,1.8263,2.8952,0.10352
ngram25,930,1.8282,2.929,0.10547
ngram25,931,1.8302,2.9121,0.10693
ngram25,932,1.8322,2.9771,0.10498
ngram25,933,1.8341,2.9382,0.10205
ngram25,934,1.8361,2.9321,0.11035
ngram25,935,1.8381,2.8985,0.11377
ngram25,936,1.84,2.9175,0.11084
ngram25,937,1.842,2.8945,0.10352
ngram25,938,1.844,2.9153,0.1001
ngram25,939,1.8459,2.9221,0.099121
ngram25,940,1.8479,2.9241,0.10986
ngram25,941,1.8499,2.9038,0.11475
ngram25,942,1.8518,2.8789,0.11621
ngram25,943,1.8538,2.9756,0.11865
ngram25,944,1.8558,2.867,0.10547
ngram25,945,1.8577,2.9296,0.10498
ngram25,946,1.8597,2.9248,0.10596
ngram25,947,1.8617,2.8997,0.10596
ngram25,948,1.8636,2.8874,0.10352
ngram25,949,1.8656,2.8945,0.1084
ngram25,950,1.8675,2.9613,0.11377
ngram25,951,1.8695,2.9017,0.10596
ngram25,952,1.8715,2.8846,0.10449
ngram25,953,1.8734,2.903,0.10254
ngram25,954,1.8754,2.9181,0.099121
ngram25,955,1.8774,2.912,0.10547
ngram25,956,1.8793,2.8677,0.10498
ngram25,957,1.8813,2.8903,0.10596
ngram25,958,1.8833,2.9238,0.1167
ngram25,959,1.8852,2.8962,0.1084
ngram25,960,1.8872,2.922,0.097168
ngram25,961,1.8892,2.8802,0.09668
ngram25,962,1.8911,2.8979,0.099121
ngram25,963,1.8931,2.8892,0.10205
ngram25,964,1.8951,2.8919,0.1001
ngram25,965,1.897,2.8966,0.099121
ngram25,966,1.899,2.9565,0.10303
ngram25,967,1.901,2.8754,0.098145
ngram25,968,1.9029,2.9081,0.10889
ngram25,969,1.9049,2.8857,0.12109
ngram25,970,1.9069,2.8954,0.12695
ngram25,971,1.9088,2.8717,0.11426
ngram25,972,1.9108,2.8953,0.11328
ngram25,973,1.9128,2.9167,0.11035
ngram25,974,1.9147,2.8849,0.10498
ngram25,975,1.9167,2.8127,0.10498
ngram25,976,1.9187,2.8943,0.10498
ngram25,977,1.9206,2.8813,0.11035
ngram25,978,1.9226,2.8444,0.11426
ngram25,979,1.9246,2.8814,0.11084
ngram25,980,1.9265,2.9052,0.10645
ngram25,981,1.9285,2.8914,0.1001
ngram25,982,1.9305,2.9031,0.10156
ngram25,983,1.9324,2.8748,0.10791
ngram25,984,1.9344,2.9065,0.11377
ngram25,985,1.9364,2.8919,0.10547
ngram25,986,1.9383,2.9081,0.09375
ngram25,987,1.9403,2.9123,0.091797
ngram25,988,1.9422,2.9032,0.092285
ngram25,989,1.9442,2.8891,0.097168
ngram25,990,1.9462,2.8712,0.10254
ngram25,991,1.9481,2.867,0.10791
ngram25,992,1.9501,2.8775,0.1084
ngram25,993,1.9521,2.8913,0.104
ngram25,994,1.954,2.9006,0.10254
ngram25,995,1.956,2.9207,0.11133
ngram25,996,1.958,2.8445,0.10596
ngram25,997,1.9599,2.9328,0.11133
ngram25,998,1.9619,2.9185,0.11133
ngram25,999,1.9639,2.8676,0.10889
ngram25,1000,1.9658,2.8638,0.10596
ngram25,1001,1.9678,2.9122,0.10107
ngram25,1002,1.9698,2.8977,0.104
ngram25,1003,1.9717,2.897,0.10205
ngram25,1004,1.9737,2.8578,0.10498
ngram25,1005,1.9757,2.8947,0.10449
ngram25,1006,1.9776,2.862,0.10303
ngram25,1007,1.9796,2.9031,0.098145
ngram25,1008,1.9816,2.8953,0.10693
ngram25,1009,1.9835,2.8883,0.10645
ngram25,1010,1.9855,2.8723,0.10938
ngram25,1011,1.9875,2.8628,0.093262
ngram25,1012,1.9894,2.8823,0.095703
ngram25,1013,1.9914,2.8902,0.11084
ngram25,1014,1.9934,2.8728,0.11182
ngram25,1015,1.9953,2.8739,0.10986
ngram25,1016,1.9973,2.8933,0.10254
ngram25,1017,1.9993,2.866,0.097656
ngram25,1018,2.0012,2.8598,0.096191
ngram25,1019,2.0032,2.8486,0.1001
ngram25,1020,2.0052,2.9039,0.099121
ngram25,1021,2.0071,2.8871,0.09668
ngram25,1022,2.0091,2.932,0.095703
ngram25,1023,2.0111,2.898,0.094238
ngram25,1024,2.013,2.8632,0.10205
ngram25,1025,2.015,2.8704,0.11035
ngram25,1026,2.017,2.888,0.10791
ngram25,1027,2.0189,2.8975,0.10693
ngram25,1028,2.0209,2.9102,0.10205
ngram25,1029,2.0228,2.858,0.090332
ngram25,1030,2.0248,2.8636,0.090332
ngram25,1031,2.0268,2.8748,0.088867
ngram25,1032,2.0287,2.887,0.090332
ngram25,1033,2.0307,2.8314,0.09375
ngram25,1034,2.0327,2.865,0.094238
ngram25,1035,2.0346,2.8688,0.1001
ngram25,1036,2.0366,2.8656,0.10498
ngram25,1037,2.0386,2.8537,0.092773
ngram25,1038,2.0405,2.8498,0.089355
ngram25,1039,2.0425,2.8752,0.091309
ngram25,1040,2.0445,2.855,0.097168
ngram25,1041,2.0464,2.8426,0.095703
ngram25,1042,2.0484,2.8693,0.10059
ngram25,1043,2.0504,2.8699,0.10352
ngram25,1044,2.0523,2.8788,0.099609
ngram25,1045,2.0543,2.8782,0.10254
ngram25,1046,2.0563,2.8989,0.099121
ngram25,1047,2.0582,2.8783,0.097656
ngram25,1048,2.0602,2.8648,0.094238
ngram25,1049,2.0622,2.8731,0.094727
ngram25,1050,2.0641,2.8566,0.095215
ngram25,1051,2.0661,2.8547,0.096191
ngram25,1052,2.0681,2.8503,0.093262
ngram25,1053,2.07,2.854,0.089844
ngram25,1054,2.072,2.8632,0.083008
ngram25,1055,2.074,2.8757,0.085938
ngram25,1056,2.0759,2.8781,0.091309
ngram25,1057,2.0779,2.8798,0.095703
ngram25,1058,2.0799,2.8792,0.10449
ngram25,1059,2.0818,2.8503,0.1123
ngram25,1060,2.0838,2.8172,0.10059
ngram25,1061,2.0858,2.8886,0.099121
ngram25,1062,2.0877,2.8754,0.094727
ngram25,1063,2.0897,2.8589,0.091797
ngram25,1064,2.0917,2.8656,0.097168
ngram25,1065,2.0936,2.8509,0.104
ngram25,1066,2.0956,2.8664,0.10107
ngram25,1067,2.0976,2.8676,0.10156
ngram25,1068,2.0995,2.9261,0.10547
ngram25,1069,2.1015,2.8555,0.10303
ngram25,1070,2.1034,2.8404,0.097168
ngram25,1071,2.1054,2.8733,0.093262
ngram25,1072,2.1074,2.857,0.098633
ngram25,1073,2.1093,2.8705,0.099609
ngram25,1074,2.1113,2.8417,0.10205
ngram25,1075,2.1133,2.8363,0.099609
ngram25,1076,2.1152,2.8936,0.097656
ngram25,1077,2.1172,2.8639,0.098633
ngram25,1078,2.1192,2.853,0.10303
ngram25,1079,2.1211,2.8824,0.10938
ngram25,1080,2.1231,2.8291,0.1084
ngram25,1081,2.1251,2.8641,0.11328
ngram25,1082,2.127,2.8519,0.104
ngram25,1083,2.129,2.8911,0.10107
ngram25,1084,2.131,2.8837,0.10547
ngram25,1085,2.1329,2.8345,0.10254
ngram25,1086,2.1349,2.8804,0.097168
ngram25,1087,2.1369,2.8229,0.099121
ngram25,1088,2.1388,2.869,0.10156
ngram25,1089,2.1408,2.8459,0.097168
ngram25,1090,2.1428,2.823,0.097656
ngram25,1091,2.1447,2.8623,0.098145
ngram25,1092,2.1467,2.8499,0.096191
ngram25,1093,2.1487,2.892,0.10059
ngram25,1094,2.1506,2.8666,0.1001
ngram25,1095,2.1526,2.8697,0.095703
ngram25,1096,2.1546,2.8558,0.098145
ngram25,1097,2.1565,2.8636,0.11182
ngram25,1098,2.1585,2.8744,0.11084
ngram25,1099,2.1605,2.8374,0.10498
ngram25,1100,2.1624,2.8627,0.096191
ngram25,1101,2.1644,2.8384,0.097168
ngram25,1102,2.1664,2.856,0.10107
ngram25,1103,2.1683,2.8497,0.10059
ngram25,1104,2.1703,2.8833,0.095215
ngram25,1105,2.1723,2.8302,0.095703
ngram25,1106,2.1742,2.8523,0.099121
ngram25,1107,2.1762,2.8545,0.097168
ngram25,1108,2.1782,2.8773,0.093262
ngram25,1109,2.1801,2.8448,0.094727
ngram25,1110,2.1821,2.8792,0.097656
ngram25,1111,2.184,2.8394,0.092773
ngram25,1112,2.186,2.8686,0.098145
ngram25,1113,2.188,2.8751,0.10254
ngram25,1114,2.1899,2.8464,0.10693
ngram25,1115,2.1919,2.8266,0.10205
ngram25,1116,2.1939,2.8404,0.10352
ngram25,1117,2.1958,2.8376,0.099609
ngram25,1118,2.1978,2.8509,0.09375
ngram25,1119,2.1998,2.8166,0.09082
ngram25,1120,2.2017,2.8477,0.088867
ngram25,1121,2.2037,2.8821,0.086914
ngram25,1122,2.2057,2.8718,0.09082
ngram25,1123,2.2076,2.8505,0.091309
ngram25,1124,2.2096,2.8486,0.097168
ngram25,1125,2.2116,2.8612,0.097656
ngram25,1126,2.2135,2.8391,0.09375
ngram25,1127,2.2155,2.8685,0.095215
ngram25,1128,2.2175,2.8355,0.099121
ngram25,1129,2.2194,2.8437,0.099609
ngram25,1130,2.2214,2.8334,0.095703
ngram25,1131,2.2234,2.8233,0.096191
ngram25,1132,2.2253,2.846,0.088867
ngram25,1133,2.2273,2.8295,0.09082
ngram25,1134,2.2293,2.8375,0.095215
ngram25,1135,2.2312,2.8806,0.10352
ngram25,1136,2.2332,2.8606,0.10645
ngram25,1137,2.2352,2.8293,0.097656
ngram25,1138,2.2371,2.8488,0.090332
ngram25,1139,2.2391,2.8653,0.089844
ngram25,1140,2.2411,2.8854,0.086914
ngram25,1141,2.243,2.842,0.090332
ngram25,1142,2.245,2.7795,0.10107
ngram25,1143,2.247,2.8297,0.098145
ngram25,1144,2.2489,2.8517,0.097168
ngram25,1145,2.2509,2.8414,0.096191
ngram25,1146,2.2529,2.8619,0.094727
ngram25,1147,2.2548,2.8804,0.09082
ngram25,1148,2.2568,2.8306,0.092285
ngram25,1149,2.2588,2.8381,0.092773
ngram25,1150,2.2607,2.8098,0.094238
ngram25,1151,2.2627,2.8071,0.094727
ngram25,1152,2.2646,2.8231,0.097656
ngram25,1153,2.2666,2.8533,0.087402
ngram25,1154,2.2686,2.8223,0.087891
ngram25,1155,2.2705,2.8441,0.083008
ngram25,1156,2.2725,2.8121,0.085938
ngram25,1157,2.2745,2.8098,0.091797
ngram25,1158,2.2764,2.8477,0.09375
ngram25,1159,2.2784,2.8319,0.099609
ngram25,1160,2.2804,2.8691,0.095703
ngram25,1161,2.2823,2.8377,0.093262
ngram25,1162,2.2843,2.8292,0.10059
ngram25,1163,2.2863,2.8156,0.09082
ngram25,1164,2.2882,2.8417,0.09375
ngram25,1165,2.2902,2.8539,0.089355
ngram25,1166,2.2922,2.8168,0.093262
ngram25,1167,2.2941,2.8483,0.091797
ngram25,1168,2.2961,2.8533,0.096191
ngram25,1169,2.2981,2.8573,0.092285
ngram25,1170,2.3,2.8143,0.091309
ngram25,1171,2.302,2.8492,0.091309
ngram25,1172,2.304,2.8683,0.089844
ngram25,1173,2.3059,2.8448,0.089844
ngram25,1174,2.3079,2.8403,0.091797
ngram25,1175,2.3099,2.8868,0.096191
ngram25,1176,2.3118,2.8663,0.099121
ngram25,1177,2.3138,2.8439,0.10059
ngram25,1178,2.3158,2.8272,0.1001
ngram25,1179,2.3177,2.804,0.099609
ngram25,1180,2.3197,2.8162,0.089355
ngram25,1181,2.3217,2.8088,0.086426
ngram25,1182,2.3236,2.8303,0.090332
ngram25,1183,2.3256,2.808,0.089355
ngram25,1184,2.3276,2.8738,0.092285
ngram25,1185,2.3295,2.805,0.091797
ngram25,1186,2.3315,2.8331,0.092285
ngram25,1187,2.3335,2.8786,0.090332
ngram25,1188,2.3354,2.8234,0.085938
ngram25,1189,2.3374,2.8519,0.088379
ngram25,1190,2.3393,2.827,0.086426
ngram25,1191,2.3413,2.842,0.090332
ngram25,1192,2.3433,2.8907,0.086426
ngram25,1193,2.3452,2.832,0.086426
ngram25,1194,2.3472,2.7852,0.082031
ngram25,1195,2.3492,2.8348,0.085938
ngram25,1196,2.3511,2.8194,0.094727
ngram25,1197,2.3531,2.7888,0.099121
ngram25,1198,2.3551,2.8527,0.11084
ngram25,1199,2.357,2.8507,0.094727
ngram25,1200,2.359,2.8496,0.092285
ngram25,1201,2.361,2.8084,0.085938
ngram25,1202,2.3629,2.8272,0.07959
ngram25,1203,2.3649,2.8564,0.088867
ngram25,1204,2.3669,2.8245,0.092773
ngram25,1205,2.3688,2.8651,0.088379
ngram25,1206,2.3708,2.8515,0.091797
ngram25,1207,2.3728,2.8424,0.092285
ngram25,1208,2.3747,2.8413,0.085938
ngram25,1209,2.3767,2.841,0.091797
ngram25,1210,2.3787,2.8112,0.096191
ngram25,1211,2.3806,2.8365,0.097168
ngram25,1212,2.3826,2.8365,0.095703
ngram25,1213,2.3846,2.817,0.099121
ngram25,1214,2.3865,2.8644,0.090332
ngram25,1215,2.3885,2.8361,0.086426
ngram25,1216,2.3905,2.7987,0.083496
ngram25,1217,2.3924,2.8293,0.087891
ngram25,1218,2.3944,2.8253,0.094238
ngram25,1219,2.3964,2.8135,0.092773
ngram25,1220,2.3983,2.8302,0.087402
ngram25,1221,2.4003,2.8153,0.09375
ngram25,1222,2.4023,2.851,0.097168
ngram25,1223,2.4042,2.8478,0.087891
ngram25,1224,2.4062,2.8094,0.085938
ngram25,1225,2.4082,2.8029,0.089844
ngram25,1226,2.4101,2.8423,0.091309
ngram25,1227,2.4121,2.7937,0.089844
ngram25,1228,2.4141,2.8205,0.091309
ngram25,1229,2.416,2.8179,0.085449
ngram25,1230,2.418,2.8497,0.09082
ngram25,1231,2.4199,2.86,0.094727
ngram25,1232,2.4219,2.8407,0.09082
ngram25,1233,2.4239,2.857,0.089355
ngram25,1234,2.4258,2.8106,0.090332
ngram25,1235,2.4278,2.8374,0.089844
ngram25,1236,2.4298,2.817,0.099121
ngram25,1237,2.4317,2.8272,0.091309
ngram25,1238,2.4337,2.7926,0.089844
ngram25,1239,2.4357,2.8731,0.098145
ngram25,1240,2.4376,2.8854,0.11768
ngram25,1241,2.4396,2.8454,0.083008
ngram25,1242,2.4416,2.8046,0.082031
ngram25,1243,2.4435,2.7787,0.085938
ngram25,1244,2.4455,2.8139,0.092285
ngram25,1245,2.4475,2.8074,0.092285
ngram25,1246,2.4494,2.8094,0.088379
ngram25,1247,2.4514,2.8231,0.087402
ngram25,1248,2.4534,2.8137,0.089355
ngram25,1249,2.4553,2.7829,0.09082
ngram25,1250,2.4573,2.8213,0.087402
ngram25,1251,2.4593,2.7891,0.092285
ngram25,1252,2.4612,2.7923,0.08252
ngram25,1253,2.4632,2.8206,0.082031
ngram25,1254,2.4652,2.8304,0.087891
ngram25,1255,2.4671,2.8369,0.087891
ngram25,1256,2.4691,2.8213,0.087402
ngram25,1257,2.4711,2.8069,0.085938
ngram25,1258,2.473,2.8274,0.088379
ngram25,1259,2.475,2.7921,0.087891
ngram25,1260,2.477,2.7968,0.087891
ngram25,1261,2.4789,2.7955,0.084961
ngram25,1262,2.4809,2.8491,0.089355
ngram25,1263,2.4829,2.8017,0.086426
ngram25,1264,2.4848,2.8248,0.085938
ngram25,1265,2.4868,2.8417,0.092285
ngram25,1266,2.4888,2.7945,0.087891
ngram25,1267,2.4907,2.8041,0.082031
ngram25,1268,2.4927,2.7792,0.085449
ngram25,1269,2.4947,2.8514,0.083984
ngram25,1270,2.4966,2.8162,0.085938
ngram25,1271,2.4986,2.7695,0.089355
ngram25,1272,2.5005,2.8383,0.087891
ngram25,1273,2.5025,2.7912,0.082031
ngram25,1274,2.5045,2.8131,0.083008
ngram25,1275,2.5064,2.8109,0.088867
ngram25,1276,2.5084,2.809,0.095703
ngram25,1277,2.5104,2.8301,0.088379
ngram25,1278,2.5123,2.7852,0.084961
ngram25,1279,2.5143,2.8251,0.087402
ngram25,1280,2.5163,2.8212,0.091797
ngram25,1281,2.5182,2.8181,0.086426
ngram25,1282,2.5202,2.7907,0.084961
ngram25,1283,2.5222,2.872,0.091309
ngram25,1284,2.5241,2.8023,0.084961
ngram25,1285,2.5261,2.7993,0.089355
ngram25,1286,2.5281,2.8296,0.091309
ngram25,1287,2.53,2.8644,0.087891
ngram25,1288,2.532,2.7933,0.084961
ngram25,1289,2.534,2.8006,0.086914
ngram25,1290,2.5359,2.8295,0.084961
ngram25,1291,2.5379,2.7967,0.08252
ngram25,1292,2.5399,2.7996,0.078125
ngram25,1293,2.5418,2.8364,0.083496
ngram25,1294,2.5438,2.8101,0.083496
ngram25,1295,2.5458,2.7587,0.079102
ngram25,1296,2.5477,2.7864,0.083008
ngram25,1297,2.5497,2.788,0.087402
ngram25,1298,2.5517,2.7652,0.089844
ngram25,1299,2.5536,2.8009,0.092773
ngram25,1300,2.5556,2.7155,0.091309
ngram25,1301,2.5576,2.809,0.083008
ngram25,1302,2.5595,2.8232,0.087891
ngram25,1303,2.5615,2.8333,0.09082
ngram25,1304,2.5635,2.8245,0.091309
ngram25,1305,2.5654,2.8033,0.088379
ngram25,1306,2.5674,2.7709,0.081543
ngram25,1307,2.5694,2.8132,0.082031
ngram25,1308,2.5713,2.7801,0.088867
ngram25,1309,2.5733,2.806,0.087402
ngram25,1310,2.5753,2.7953,0.083496
ngram25,1311,2.5772,2.7827,0.07959
ngram25,1312,2.5792,2.7974,0.078613
ngram25,1313,2.5811,2.8038,0.081543
ngram25,1314,2.5831,2.8241,0.077637
ngram25,1315,2.5851,2.7847,0.09375
ngram25,1316,2.587,2.7947,0.092773
ngram25,1317,2.589,2.7647,0.088867
ngram25,1318,2.591,2.802,0.087891
ngram25,1319,2.5929,2.8071,0.098145
ngram25,1320,2.5949,2.817,0.095215
ngram25,1321,2.5969,2.8461,0.089844
ngram25,1322,2.5988,2.8162,0.083496
ngram25,1323,2.6008,2.8427,0.083008
ngram25,1324,2.6028,2.7943,0.082031
ngram25,1325,2.6047,2.7695,0.083984
ngram25,1326,2.6067,2.8175,0.083008
ngram25,1327,2.6087,2.8008,0.083008
ngram25,1328,2.6106,2.7916,0.07959
ngram25,1329,2.6126,2.7799,0.078125
ngram25,1330,2.6146,2.8405,0.077637
ngram25,1331,2.6165,2.8168,0.080078
ngram25,1332,2.6185,2.8192,0.083008
ngram25,1333,2.6205,2.8045,0.086914
ngram25,1334,2.6224,2.8068,0.079102
ngram25,1335,2.6244,2.7838,0.074707
ngram25,1336,2.6264,2.8017,0.081543
ngram25,1337,2.6283,2.8122,0.087402
ngram25,1338,2.6303,2.8505,0.083984
ngram25,1339,2.6323,2.776,0.083984
ngram25,1340,2.6342,2.787,0.086426
ngram25,1341,2.6362,2.7686,0.089355
ngram25,1342,2.6382,2.8092,0.087402
ngram25,1343,2.6401,2.7828,0.089355
ngram25,1344,2.6421,2.8032,0.084961
ngram25,1345,2.6441,2.7974,0.082031
ngram25,1346,2.646,2.8012,0.087891
ngram25,1347,2.648,2.7959,0.091797
ngram25,1348,2.65,2.7878,0.091797
ngram25,1349,2.6519,2.8105,0.083008
ngram25,1350,2.6539,2.7749,0.086426
ngram25,1351,2.6558,2.8056,0.083984
ngram25,1352,2.6578,2.811,0.097656
ngram25,1353,2.6598,2.7733,0.080566
ngram25,1354,2.6617,2.7728,0.087402
ngram25,1355,2.6637,2.807,0.087402
ngram25,1356,2.6657,2.7745,0.09375
ngram25,1357,2.6676,2.7871,0.091797
ngram25,1358,2.6696,2.8024,0.084961
ngram25,1359,2.6716,2.8048,0.085449
ngram25,1360,2.6735,2.781,0.085938
ngram25,1361,2.6755,2.7877,0.088867
ngram25,1362,2.6775,2.786,0.085449
ngram25,1363,2.6794,2.8049,0.092773
ngram25,1364,2.6814,2.814,0.092285
ngram25,1365,2.6834,2.8,0.09082
ngram25,1366,2.6853,2.8051,0.096191
ngram25,1367,2.6873,2.7648,0.09082
ngram25,1368,2.6893,2.8176,0.085449
ngram25,1369,2.6912,2.7851,0.087891
ngram25,1370,2.6932,2.7921,0.085938
ngram25,1371,2.6952,2.7511,0.084961
ngram25,1372,2.6971,2.8115,0.081055
ngram25,1373,2.6991,2.791,0.083496
ngram25,1374,2.7011,2.7772,0.083008
ngram25,1375,2.703,2.8136,0.086914
ngram25,1376,2.705,2.7711,0.086914
ngram25,1377,2.707,2.7575,0.083984
ngram25,1378,2.7089,2.7904,0.082031
ngram25,1379,2.7109,2.8003,0.083496
ngram25,1380,2.7129,2.7707,0.074219
ngram25,1381,2.7148,2.814,0.082031
ngram25,1382,2.7168,2.7837,0.081543
ngram25,1383,2.7188,2.7732,0.081055
ngram25,1384,2.7207,2.7986,0.080078
ngram25,1385,2.7227,2.8227,0.078125
ngram25,1386,2.7247,2.8075,0.078613
ngram25,1387,2.7266,2.8191,0.077637
ngram25,1388,2.7286,2.8342,0.082031
ngram25,1389,2.7306,2.7839,0.081543
ngram25,1390,2.7325,2.8098,0.077148
ngram25,1391,2.7345,2.7835,0.082031
ngram25,1392,2.7364,2.8064,0.085449
ngram25,1393,2.7384,2.7973,0.083496
ngram25,1394,2.7404,2.7932,0.078125
ngram25,1395,2.7423,2.8133,0.07959
ngram25,1396,2.7443,2.7847,0.079102
ngram25,1397,2.7463,2.7897,0.08252
ngram25,1398,2.7482,2.7772,0.080566
ngram25,1399,2.7502,2.7551,0.083984
ngram25,1400,2.7522,2.7517,0.09082
ngram25,1401,2.7541,2.7809,0.088379
ngram25,1402,2.7561,2.7799,0.084961
ngram25,1403,2.7581,2.802,0.083496
ngram25,1404,2.76,2.774,0.081543
ngram25,1405,2.762,2.789,0.085449
ngram25,1406,2.764,2.7629,0.081543
ngram25,1407,2.7659,2.7911,0.076172
ngram25,1408,2.7679,2.8144,0.077637
ngram25,1409,2.7699,2.8011,0.078613
ngram25,1410,2.7718,2.8061,0.084473
ngram25,1411,2.7738,2.8371,0.097656
ngram25,1412,2.7758,2.8013,0.077148
ngram25,1413,2.7777,2.7531,0.077148
ngram25,1414,2.7797,2.7681,0.081055
ngram25,1415,2.7817,2.7659,0.080566
ngram25,1416,2.7836,2.8242,0.085938
ngram25,1417,2.7856,2.7666,0.083008
ngram25,1418,2.7876,2.7632,0.080078
ngram25,1419,2.7895,2.7954,0.073242
ngram25,1420,2.7915,2.7855,0.071777
ngram25,1421,2.7935,2.7707,0.075684
ngram25,1422,2.7954,2.7457,0.091797
ngram25,1423,2.7974,2.7845,0.078125
ngram25,1424,2.7994,2.7593,0.078613
ngram25,1425,2.8013,2.773,0.084961
ngram25,1426,2.8033,2.8547,0.089355
ngram25,1427,2.8053,2.7685,0.083496
ngram25,1428,2.8072,2.803,0.07959
ngram25,1429,2.8092,2.7804,0.077148
ngram25,1430,2.8112,2.747,0.074219
ngram25,1431,2.8131,2.783,0.077637
ngram25,1432,2.8151,2.8373,0.078125
ngram25,1433,2.817,2.7682,0.077637
ngram25,1434,2.819,2.757,0.072266
ngram25,1435,2.821,2.7765,0.071777
ngram25,1436,2.8229,2.7621,0.078125
ngram25,1437,2.8249,2.852,0.080078
ngram25,1438,2.8269,2.8185,0.081543
ngram25,1439,2.8288,2.7613,0.090332
ngram25,1440,2.8308,2.8023,0.085449
ngram25,1441,2.8328,2.769,0.087891
ngram25,1442,2.8347,2.7754,0.080566
ngram25,1443,2.8367,2.7592,0.077148
ngram25,1444,2.8387,2.7434,0.072754
ngram25,1445,2.8406,2.7881,0.072754
ngram25,1446,2.8426,2.7897,0.076172
ngram25,1447,2.8446,2.7744,0.080078
ngram25,1448,2.8465,2.7616,0.080078
ngram25,1449,2.8485,2.7787,0.082031
ngram25,1450,2.8505,2.7838,0.081543
ngram25,1451,2.8524,2.7743,0.078125
ngram25,1452,2.8544,2.7537,0.080078
ngram25,1453,2.8564,2.7478,0.085449
ngram25,1454,2.8583,2.785,0.083984
ngram25,1455,2.8603,2.7583,0.078613
ngram25,1456,2.8623,2.7605,0.072754
ngram25,1457,2.8642,2.7661,0.072754
ngram25,1458,2.8662,2.7667,0.07666
ngram25,1459,2.8682,2.773,0.07666
ngram25,1460,2.8701,2.7488,0.076172
ngram25,1461,2.8721,2.7674,0.072754
ngram25,1462,2.8741,2.7755,0.07959
ngram25,1463,2.876,2.794,0.081543
ngram25,1464,2.878,2.7682,0.083496
ngram25,1465,2.88,2.7796,0.083984
ngram25,1466,2.8819,2.7826,0.081055
ngram25,1467,2.8839,2.815,0.077148
ngram25,1468,2.8859,2.7762,0.07959
ngram25,1469,2.8878,2.7463,0.078613
ngram25,1470,2.8898,2.7633,0.078125
ngram25,1471,2.8918,2.7835,0.078613
ngram25,1472,2.8937,2.7783,0.075195
ngram25,1473,2.8957,2.7969,0.074707
ngram25,1474,2.8976,2.775,0.082031
ngram25,1475,2.8996,2.7767,0.081543
ngram25,1476,2.9016,2.7718,0.078613
ngram25,1477,2.9035,2.8097,0.078125
ngram25,1478,2.9055,2.8293,0.078125
ngram25,1479,2.9075,2.7534,0.07959
ngram25,1480,2.9094,2.7509,0.074707
ngram25,1481,2.9114,2.7738,0.075195
ngram25,1482,2.9134,2.7585,0.076172
ngram25,1483,2.9153,2.7913,0.081543
ngram25,1484,2.9173,2.7692,0.079102
ngram25,1485,2.9193,2.782,0.077148
ngram25,1486,2.9212,2.7465,0.077148
ngram25,1487,2.9232,2.7612,0.078125
ngram25,1488,2.9252,2.7269,0.07373
ngram25,1489,2.9271,2.7317,0.07959
ngram25,1490,2.9291,2.7512,0.080566
ngram25,1491,2.9311,2.7621,0.080566
ngram25,1492,2.933,2.7845,0.077148
ngram25,1493,2.935,2.7486,0.075195
ngram25,1494,2.937,2.7568,0.074219
ngram25,1495,2.9389,2.7771,0.074707
ngram25,1496,2.9409,2.7349,0.074219
ngram25,1497,2.9429,2.7484,0.072754
ngram25,1498,2.9448,2.9086,0.076172
ngram25,1499,2.9468,2.7814,0.07373
ngram25,1500,2.9488,2.7826,0.070312
ngram25,1501,2.9507,2.7659,0.07373
ngram25,1502,2.9527,2.7739,0.07959
ngram25,1503,2.9547,2.8265,0.079102
ngram25,1504,2.9566,2.7882,0.080078
ngram25,1505,2.9586,2.7707,0.08252
ngram25,1506,2.9606,2.7879,0.082031
ngram25,1507,2.9625,2.7834,0.08252
ngram25,1508,2.9645,2.7894,0.078125
ngram25,1509,2.9665,2.7487,0.077637
ngram25,1510,2.9684,2.7592,0.081055
ngram25,1511,2.9704,2.805,0.07959
ngram25,1512,2.9724,2.7893,0.074219
ngram25,1513,2.9743,2.7834,0.073242
ngram25,1514,2.9763,2.8412,0.077637
ngram25,1515,2.9782,2.7844,0.074707
ngram25,1516,2.9802,2.8025,0.083496
ngram25,1517,2.9822,2.7267,0.072266
ngram25,1518,2.9841,2.7473,0.069336
ngram25,1519,2.9861,2.7795,0.070312
ngram25,1520,2.9881,2.7533,0.072266
ngram25,1521,2.99,2.7408,0.073242
ngram25,1522,2.992,2.7486,0.075684
ngram25,1523,2.994,2.7732,0.078613
ngram25,1524,2.9959,2.7297,0.075195
ngram25,1525,2.9979,2.7505,0.07373
ngram25,1526,2.9999,2.7468,0.077148
ngram25,1527,3.0018,2.758,0.077637
ngram25,1528,3.0038,2.7853,0.077148
ngram25,1529,3.0058,2.7542,0.07666
ngram25,1530,3.0077,2.7701,0.073242
ngram25,1531,3.0097,2.76,0.080566
ngram25,1532,3.0117,2.7958,0.079102
ngram25,1533,3.0136,2.8175,0.082031
ngram25,1534,3.0156,2.7409,0.078125
ngram25,1535,3.0176,2.8051,0.077148
ngram25,1536,3.0195,2.7775,0.077148
ngram25,1537,3.0215,2.7526,0.080566
ngram25,1538,3.0235,2.7848,0.083008
ngram25,1539,3.0254,2.7503,0.080566
ngram25,1540,3.0274,2.7711,0.078125
ngram25,1541,3.0294,2.7998,0.080566
ngram25,1542,3.0313,2.7299,0.076172
ngram25,1543,3.0333,2.7649,0.077637
ngram25,1544,3.0353,2.7282,0.07666
ngram25,1545,3.0372,2.7532,0.073242
ngram25,1546,3.0392,2.7784,0.074707
ngram25,1547,3.0412,2.7552,0.071777
ngram25,1548,3.0431,2.7261,0.071289
ngram25,1549,3.0451,2.7928,0.080078
ngram25,1550,3.0471,2.7351,0.070801
ngram25,1551,3.049,2.7821,0.069824
ngram25,1552,3.051,2.7144,0.074707
ngram25,1553,3.0529,2.7777,0.07373
ngram25,1554,3.0549,2.7501,0.072754
ngram25,1555,3.0569,2.7834,0.070801
ngram25,1556,3.0588,2.7726,0.075195
ngram25,1557,3.0608,2.7496,0.077637
ngram25,1558,3.0628,2.745,0.074707
ngram25,1559,3.0647,2.7247,0.077148
ngram25,1560,3.0667,2.7611,0.078613
ngram25,1561,3.0687,2.7304,0.077148
ngram25,1562,3.0706,2.7402,0.080566
ngram25,1563,3.0726,2.7805,0.079102
ngram25,1564,3.0746,2.7755,0.075684
ngram25,1565,3.0765,2.7611,0.076172
ngram25,1566,3.0785,2.7361,0.075684
ngram25,1567,3.0805,2.7977,0.075195
ngram25,1568,3.0824,2.7601,0.078613
ngram25,1569,3.0844,2.7256,0.077148
ngram25,1570,3.0864,2.7518,0.077637
ngram25,1571,3.0883,2.7381,0.072266
ngram25,1572,3.0903,2.77,0.077148
ngram25,1573,3.0923,2.7632,0.088379
ngram25,1574,3.0942,2.7218,0.073242
ngram25,1575,3.0962,2.7872,0.075195
ngram25,1576,3.0982,2.7422,0.078613
ngram25,1577,3.1001,2.7584,0.07373
ngram25,1578,3.1021,2.8116,0.075195
ngram25,1579,3.1041,2.7558,0.072754
ngram25,1580,3.106,2.7367,0.080078
ngram25,1581,3.108,2.7377,0.074219
ngram25,1582,3.11,2.7729,0.073242
ngram25,1583,3.1119,2.7808,0.072754
ngram25,1584,3.1139,2.7603,0.070801
ngram25,1585,3.1159,2.741,0.072754
ngram25,1586,3.1178,2.7614,0.069824
ngram25,1587,3.1198,2.7623,0.066406
ngram25,1588,3.1218,2.8056,0.070801
ngram25,1589,3.1237,2.748,0.074707
ngram25,1590,3.1257,2.7473,0.070312
ngram25,1591,3.1277,2.7511,0.071289
ngram25,1592,3.1296,2.7665,0.070312
ngram25,1593,3.1316,2.7496,0.068359
ngram25,1594,3.1335,2.7381,0.070312
ngram25,1595,3.1355,2.7358,0.070801
ngram25,1596,3.1375,2.7544,0.072754
ngram25,1597,3.1394,2.7418,0.070801
ngram25,1598,3.1414,2.7538,0.070312
ngram25,1599,3.1434,2.7474,0.074219
ngram25,1600,3.1453,2.7332,0.079102
ngram25,1601,3.1473,2.7464,0.073242
ngram25,1602,3.1493,2.754,0.071289
ngram25,1603,3.1512,2.7938,0.069824
ngram25,1604,3.1532,2.7408,0.066406
ngram25,1605,3.1552,2.7392,0.067383
ngram25,1606,3.1571,2.7449,0.068359
ngram25,1607,3.1591,2.7284,0.070312
ngram25,1608,3.1611,2.7466,0.070312
ngram25,1609,3.163,2.8062,0.076172
ngram25,1610,3.165,2.7488,0.075195
ngram25,1611,3.167,2.7531,0.075195
ngram25,1612,3.1689,2.7443,0.071289
ngram25,1613,3.1709,2.7691,0.07373
ngram25,1614,3.1729,2.7734,0.071777
ngram25,1615,3.1748,2.745,0.067383
ngram25,1616,3.1768,2.7886,0.068848
ngram25,1617,3.1788,2.7251,0.066895
ngram25,1618,3.1807,2.7411,0.068848
ngram25,1619,3.1827,2.7738,0.070801
ngram25,1620,3.1847,2.7248,0.069824
ngram25,1621,3.1866,2.7339,0.074219
ngram25,1622,3.1886,2.742,0.11768
ngram25,1623,3.1906,2.769,0.068848
ngram25,1624,3.1925,2.7727,0.070801
ngram25,1625,3.1945,2.7426,0.071777
ngram25,1626,3.1965,2.7376,0.067383
ngram25,1627,3.1984,2.7386,0.066406
ngram25,1628,3.2004,2.7545,0.067383
ngram25,1629,3.2024,2.7488,0.068359
ngram25,1630,3.2043,2.7291,0.072266
ngram25,1631,3.2063,2.7834,0.074219
ngram25,1632,3.2083,2.7555,0.071289
ngram25,1633,3.2102,2.7382,0.067383
ngram25,1634,3.2122,2.7596,0.071777
ngram25,1635,3.2141,2.7232,0.071777
ngram25,1636,3.2161,2.7379,0.071777
ngram25,1637,3.2181,2.7447,0.07373
ngram25,1638,3.22,2.7325,0.069336
ngram25,1639,3.222,2.7368,0.065918
ngram25,1640,3.224,2.7506,0.071289
ngram25,1641,3.2259,2.7448,0.072266
ngram25,1642,3.2279,2.7441,0.07373
ngram25,1643,3.2299,2.7675,0.075684
ngram25,1644,3.2318,2.7278,0.072266
ngram25,1645,3.2338,2.7442,0.071777
ngram25,1646,3.2358,2.7497,0.070801
ngram25,1647,3.2377,2.7548,0.070312
ngram25,1648,3.2397,2.6989,0.072266
ngram25,1649,3.2417,2.6629,0.071777
ngram25,1650,3.2436,2.7625,0.068848
ngram25,1651,3.2456,2.7591,0.069336
ngram25,1652,3.2476,2.7118,0.070312
ngram25,1653,3.2495,2.7468,0.068359
ngram25,1654,3.2515,2.7461,0.064453
ngram25,1655,3.2535,2.7567,0.066895
ngram25,1656,3.2554,2.7723,0.073242
ngram25,1657,3.2574,2.7424,0.071289
ngram25,1658,3.2594,2.7213,0.072754
ngram25,1659,3.2613,2.7449,0.072266
ngram25,1660,3.2633,2.7486,0.074219
ngram25,1661,3.2653,2.7456,0.071777
ngram25,1662,3.2672,2.7532,0.070801
ngram25,1663,3.2692,2.7207,0.067871
ngram25,1664,3.2712,2.7669,0.069336
ngram25,1665,3.2731,2.7541,0.070801
ngram25,1666,3.2751,2.7374,0.073242
ngram25,1667,3.2771,2.7219,0.073242
ngram25,1668,3.279,2.7472,0.075684
ngram25,1669,3.281,2.794,0.076172
ngram25,1670,3.283,2.7344,0.080566
ngram25,1671,3.2849,2.7724,0.067383
ngram25,1672,3.2869,2.717,0.066895
ngram25,1673,3.2889,2.7549,0.062988
ngram25,1674,3.2908,2.7048,0.062988
ngram25,1675,3.2928,2.7287,0.063477
ngram25,1676,3.2947,2.7348,0.071289
ngram25,1677,3.2967,2.7312,0.066406
ngram25,1678,3.2987,2.7381,0.070801
ngram25,1679,3.3006,2.7151,0.071289
ngram25,1680,3.3026,2.727,0.068359
ngram25,1681,3.3046,2.7251,0.062988
ngram25,1682,3.3065,2.7475,0.063965
ngram25,1683,3.3085,2.7338,0.067383
ngram25,1684,3.3105,2.7533,0.075195
ngram25,1685,3.3124,2.7395,0.068848
ngram25,1686,3.3144,2.713,0.063965
ngram25,1687,3.3164,2.7631,0.068848
ngram25,1688,3.3183,2.7368,0.068848
ngram25,1689,3.3203,2.7506,0.068848
ngram25,1690,3.3223,2.7114,0.070312
ngram25,1691,3.3242,2.748,0.070312
ngram25,1692,3.3262,2.7103,0.067383
ngram25,1693,3.3282,2.7499,0.068359
ngram25,1694,3.3301,2.7266,0.065918
ngram25,1695,3.3321,2.7097,0.063965
ngram25,1696,3.3341,2.7598,0.065918
ngram25,1697,3.336,2.7359,0.067383
ngram25,1698,3.338,2.7435,0.064453
ngram25,1699,3.34,2.7018,0.067383
ngram25,1700,3.3419,2.7382,0.066895
ngram25,1701,3.3439,2.6967,0.066895
ngram25,1702,3.3459,2.758,0.070801
ngram25,1703,3.3478,2.7234,0.063965
ngram25,1704,3.3498,2.7187,0.064941
ngram25,1705,3.3518,2.7443,0.066406
ngram25,1706,3.3537,2.7373,0.072266
ngram25,1707,3.3557,2.7296,0.068848
ngram25,1708,3.3577,2.7603,0.073242
ngram25,1709,3.3596,2.7632,0.070801
ngram25,1710,3.3616,2.7121,0.069824
ngram25,1711,3.3636,2.7636,0.070801
ngram25,1712,3.3655,2.7459,0.070801
ngram25,1713,3.3675,2.7151,0.069336
ngram25,1714,3.3694,2.7552,0.072754
ngram25,1715,3.3714,2.7476,0.070801
ngram25,1716,3.3734,2.7373,0.066406
ngram25,1717,3.3753,2.6837,0.06543
ngram25,1718,3.3773,2.7347,0.070312
ngram25,1719,3.3793,2.757,0.069336
ngram25,1720,3.3812,2.7515,0.068848
ngram25,1721,3.3832,2.7471,0.069824
ngram25,1722,3.3852,2.7264,0.067383
ngram25,1723,3.3871,2.7359,0.062012
ngram25,1724,3.3891,2.6943,0.063477
ngram25,1725,3.3911,2.7606,0.066406
ngram25,1726,3.393,2.7122,0.065918
ngram25,1727,3.395,2.7331,0.068848
ngram25,1728,3.397,2.7173,0.070801
ngram25,1729,3.3989,2.7144,0.072754
ngram25,1730,3.4009,2.7535,0.070312
ngram25,1731,3.4029,2.7555,0.070312
ngram25,1732,3.4048,2.6824,0.069336
ngram25,1733,3.4068,2.7252,0.067383
ngram25,1734,3.4088,2.7286,0.064941
ngram25,1735,3.4107,2.7391,0.068848
ngram25,1736,3.4127,2.7281,0.068848
ngram25,1737,3.4147,2.7095,0.064941
ngram25,1738,3.4166,2.7576,0.066406
ngram25,1739,3.4186,2.7487,0.06543
ngram25,1740,3.4206,2.706,0.085449
ngram25,1741,3.4225,2.7267,0.064453
ngram25,1742,3.4245,2.7016,0.063477
ngram25,1743,3.4265,2.7223,0.065918
ngram25,1744,3.4284,2.7341,0.066895
ngram25,1745,3.4304,2.7386,0.062988
ngram25,1746,3.4324,2.7428,0.08252
ngram25,1747,3.4343,2.7407,0.063965
ngram25,1748,3.4363,2.6965,0.062988
ngram25,1749,3.4383,2.7455,0.065918
ngram25,1750,3.4402,2.7387,0.072754
ngram25,1751,3.4422,2.7142,0.071289
ngram25,1752,3.4442,2.7117,0.06543
ngram25,1753,3.4461,2.7469,0.06543
ngram25,1754,3.4481,2.6901,0.068359
ngram25,1755,3.45,2.7155,0.066895
ngram25,1756,3.452,2.7247,0.06543
ngram25,1757,3.454,2.6977,0.061523
ngram25,1758,3.4559,2.6401,0.067383
ngram25,1759,3.4579,2.7295,0.062012
ngram25,1760,3.4599,2.7276,0.067383
ngram25,1761,3.4618,2.7058,0.070801
ngram25,1762,3.4638,2.7269,0.06543
ngram25,1763,3.4658,2.7246,0.066406
ngram25,1764,3.4677,2.7003,0.066895
ngram25,1765,3.4697,2.7264,0.0625
ngram25,1766,3.4717,2.7326,0.063477
ngram25,1767,3.4736,2.6939,0.064941
ngram25,1768,3.4756,2.7796,0.069336
ngram25,1769,3.4776,2.7514,0.062988
ngram25,1770,3.4795,2.6844,0.063965
ngram25,1771,3.4815,2.7446,0.062988
ngram25,1772,3.4835,2.716,0.072266
ngram25,1773,3.4854,2.7566,0.062988
ngram25,1774,3.4874,2.7283,0.064941
ngram25,1775,3.4894,2.7093,0.063965
ngram25,1776,3.4913,2.7047,0.062988
ngram25,1777,3.4933,2.7437,0.062988
ngram25,1778,3.4953,2.7275,0.062012
ngram25,1779,3.4972,2.734,0.060059
ngram25,1780,3.4992,2.7096,0.062988
ngram25,1781,3.5012,2.688,0.064941
ngram25,1782,3.5031,2.7238,0.06543
ngram25,1783,3.5051,2.7396,0.067383
ngram25,1784,3.5071,2.7489,0.061768
ngram25,1785,3.509,2.7596,0.064453
ngram25,1786,3.511,2.7336,0.10303
ngram25,1787,3.513,2.6981,0.0625
ngram25,1788,3.5149,2.7515,0.062256
ngram25,1789,3.5169,2.7088,0.0625
ngram25,1790,3.5189,2.6848,0.05957
ngram25,1791,3.5208,2.7378,0.061768
ngram25,1792,3.5228,2.758,0.066895
ngram25,1793,3.5248,2.7276,0.064453
ngram25,1794,3.5267,2.7112,0.063477
ngram25,1795,3.5287,2.7013,0.060547
ngram25,1796,3.5306,2.7014,0.060303
ngram25,1797,3.5326,2.706,0.077637
ngram25,1798,3.5346,2.7363,0.063965
ngram25,1799,3.5365,2.7206,0.067871
ngram25,1800,3.5385,2.7561,0.066406
ngram25,1801,3.5405,2.7048,0.060547
ngram25,1802,3.5424,2.737,0.059814
ngram25,1803,3.5444,2.7312,0.0625
ngram25,1804,3.5464,2.7286,0.062988
ngram25,1805,3.5483,2.7038,0.063477
ngram25,1806,3.5503,2.7057,0.062988
ngram25,1807,3.5523,2.7206,0.063965
ngram25,1808,3.5542,2.6966,0.0625
ngram25,1809,3.5562,2.6906,0.066895
ngram25,1810,3.5582,2.6953,0.063965
ngram25,1811,3.5601,2.7023,0.063477
ngram25,1812,3.5621,2.7242,0.063477
ngram25,1813,3.5641,2.7121,0.063965
ngram25,1814,3.566,2.7137,0.063965
ngram25,1815,3.568,2.6976,0.061035
ngram25,1816,3.57,2.7052,0.062012
ngram25,1817,3.5719,2.6968,0.060303
ngram25,1818,3.5739,2.7455,0.061768
ngram25,1819,3.5759,2.7293,0.0625
ngram25,1820,3.5778,2.6917,0.068359
ngram25,1821,3.5798,2.704,0.060547
ngram25,1822,3.5818,2.7227,0.059326
ngram25,1823,3.5837,2.6951,0.060547
ngram25,1824,3.5857,2.695,0.061279
ngram25,1825,3.5877,2.7167,0.059326
ngram25,1826,3.5896,2.69,0.05957
ngram25,1827,3.5916,2.6968,0.060303
ngram25,1828,3.5936,2.7363,0.061523
ngram25,1829,3.5955,2.7257,0.059082
ngram25,1830,3.5975,2.7084,0.060791
ngram25,1831,3.5995,2.722,0.064941
ngram25,1832,3.6014,2.6784,0.060547
ngram25,1833,3.6034,2.6986,0.059082
ngram25,1834,3.6054,2.7105,0.059814
ngram25,1835,3.6073,2.7585,0.070312
ngram25,1836,3.6093,2.761,0.069824
ngram25,1837,3.6112,2.7071,0.059814
ngram25,1838,3.6132,2.7185,0.060059
ngram25,1839,3.6152,2.737,0.067383
ngram25,1840,3.6171,2.7018,0.060547
ngram25,1841,3.6191,2.719,0.063965
ngram25,1842,3.6211,2.6808,0.065918
ngram25,1843,3.623,2.6853,0.061279
ngram25,1844,3.625,2.7206,0.061523
ngram25,1845,3.627,2.72,0.061279
ngram25,1846,3.6289,2.7144,0.060059
ngram25,1847,3.6309,2.7325,0.05835
ngram25,1848,3.6329,2.6782,0.05835
ngram25,1849,3.6348,2.727,0.060059
ngram25,1850,3.6368,2.695,0.063965
ngram25,1851,3.6388,2.7259,0.061768
ngram25,1852,3.6407,2.7172,0.059082
ngram25,1853,3.6427,2.7487,0.061523
ngram25,1854,3.6447,2.736,0.063965
ngram25,1855,3.6466,2.6995,0.065918
ngram25,1856,3.6486,2.6859,0.066895
ngram25,1857,3.6506,2.7277,0.063477
ngram25,1858,3.6525,2.7053,0.0625
ngram25,1859,3.6545,2.6853,0.06543
ngram25,1860,3.6565,2.7419,0.066895
ngram25,1861,3.6584,2.7052,0.061523
ngram25,1862,3.6604,2.7052,0.061768
ngram25,1863,3.6624,2.7187,0.0625
ngram25,1864,3.6643,2.6974,0.062988
ngram25,1865,3.6663,2.7199,0.0625
ngram25,1866,3.6683,2.7214,0.062012
ngram25,1867,3.6702,2.6859,0.061768
ngram25,1868,3.6722,2.7136,0.062256
ngram25,1869,3.6742,2.7196,0.059326
ngram25,1870,3.6761,2.7166,0.05957
ngram25,1871,3.6781,2.6995,0.061768
ngram25,1872,3.6801,2.6709,0.061768
ngram25,1873,3.682,2.655,0.059814
ngram25,1874,3.684,2.6754,0.057617
ngram25,1875,3.686,2.6906,0.057617
ngram25,1876,3.6879,2.718,0.060791
ngram25,1877,3.6899,2.7183,0.063477
ngram25,1878,3.6918,2.7342,0.066406
ngram25,1879,3.6938,2.7051,0.067383
ngram25,1880,3.6958,2.7131,0.062012
ngram25,1881,3.6977,2.7062,0.05542
ngram25,1882,3.6997,2.7163,0.058105
ngram25,1883,3.7017,2.6902,0.058105
ngram25,1884,3.7036,2.6991,0.05957
ngram25,1885,3.7056,2.7006,0.057617
ngram25,1886,3.7076,2.6878,0.060547
ngram25,1887,3.7095,2.6901,0.058838
ngram25,1888,3.7115,2.6875,0.062012
ngram25,1889,3.7135,2.6866,0.060303
ngram25,1890,3.7154,2.7412,0.059082
ngram25,1891,3.7174,2.6682,0.056396
ngram25,1892,3.7194,2.7161,0.060303
ngram25,1893,3.7213,2.7264,0.062988
ngram25,1894,3.7233,2.7031,0.062988
ngram25,1895,3.7253,2.7292,0.062256
ngram25,1896,3.7272,2.6912,0.060791
ngram25,1897,3.7292,2.7111,0.066406
ngram25,1898,3.7312,2.7161,0.056885
ngram25,1899,3.7331,2.7078,0.062988
ngram25,1900,3.7351,2.7676,0.058838
ngram25,1901,3.7371,2.6918,0.058105
ngram25,1902,3.739,2.6824,0.068848
ngram25,1903,3.741,2.6963,0.05835
ngram25,1904,3.743,2.7393,0.057861
ngram25,1905,3.7449,2.7174,0.062012
ngram25,1906,3.7469,2.6847,0.059326
ngram25,1907,3.7489,2.7113,0.057373
ngram25,1908,3.7508,2.7028,0.05835
ngram25,1909,3.7528,2.6846,0.059082
ngram25,1910,3.7548,2.6776,0.060059
ngram25,1911,3.7567,2.6904,0.062012
ngram25,1912,3.7587,2.7424,0.063965
ngram25,1913,3.7607,2.7061,0.062012
ngram25,1914,3.7626,2.6715,0.060303
ngram25,1915,3.7646,2.6892,0.057617
ngram25,1916,3.7665,2.7044,0.057129
ngram25,1917,3.7685,2.6754,0.056396
ngram25,1918,3.7705,2.7191,0.058838
ngram25,1919,3.7724,2.701,0.05835
ngram25,1920,3.7744,2.7446,0.069336
ngram25,1921,3.7764,2.7128,0.0625
ngram25,1922,3.7783,2.688,0.05835
ngram25,1923,3.7803,2.7252,0.0625
ngram25,1924,3.7823,2.7149,0.060303
ngram25,1925,3.7842,2.6713,0.059082
ngram25,1926,3.7862,2.6852,0.057861
ngram25,1927,3.7882,2.6977,0.058105
ngram25,1928,3.7901,2.7177,0.056641
ngram25,1929,3.7921,2.6949,0.056152
ngram25,1930,3.7941,2.6925,0.060059
ngram25,1931,3.796,2.6952,0.056885
ngram25,1932,3.798,2.7709,0.060547
ngram25,1933,3.8,2.6998,0.060547
ngram25,1934,3.8019,2.6881,0.060547
ngram25,1935,3.8039,2.7072,0.057861
ngram25,1936,3.8059,2.6757,0.058594
ngram25,1937,3.8078,2.739,0.05835
ngram25,1938,3.8098,2.695,0.059082
ngram25,1939,3.8118,2.6818,0.061035
ngram25,1940,3.8137,2.7299,0.057129
ngram25,1941,3.8157,2.7122,0.057129
ngram25,1942,3.8177,2.7362,0.062256
ngram25,1943,3.8196,2.7345,0.062256
ngram25,1944,3.8216,2.7288,0.062988
ngram25,1945,3.8236,2.7199,0.056396
ngram25,1946,3.8255,2.6767,0.059814
ngram25,1947,3.8275,2.6862,0.060303
ngram25,1948,3.8295,2.6948,0.058838
ngram25,1949,3.8314,2.6945,0.058594
ngram25,1950,3.8334,2.7055,0.05835
ngram25,1951,3.8354,2.7554,0.060547
ngram25,1952,3.8373,2.6767,0.060547
ngram25,1953,3.8393,2.6804,0.059082
ngram25,1954,3.8413,2.7061,0.060303
ngram25,1955,3.8432,2.6926,0.058105
ngram25,1956,3.8452,2.7015,0.056641
ngram25,1957,3.8471,2.703,0.061523
ngram25,1958,3.8491,2.7172,0.065918
ngram25,1959,3.8511,2.6898,0.06543
ngram25,1960,3.853,2.712,0.068359
ngram25,1961,3.855,2.6881,0.060059
ngram25,1962,3.857,2.6961,0.055664
ngram25,1963,3.8589,2.6729,0.055908
ngram25,1964,3.8609,2.7131,0.056885
ngram25,1965,3.8629,2.6752,0.0625
ngram25,1966,3.8648,2.6862,0.061035
ngram25,1967,3.8668,2.6886,0.05835
ngram25,1968,3.8688,2.6618,0.058105
ngram25,1969,3.8707,2.6605,0.057129
ngram25,1970,3.8727,2.6829,0.056152
ngram25,1971,3.8747,2.6958,0.059082
ngram25,1972,3.8766,2.7056,0.060791
ngram25,1973,3.8786,2.6994,0.09375
ngram25,1974,3.8806,2.6784,0.056396
ngram25,1975,3.8825,2.69,0.057861
ngram25,1976,3.8845,2.7004,0.056152
ngram25,1977,3.8865,2.6958,0.05957
ngram25,1978,3.8884,2.6662,0.056641
ngram25,1979,3.8904,2.6935,0.05542
ngram25,1980,3.8924,2.6964,0.05835
ngram25,1981,3.8943,2.7028,0.057373
ngram25,1982,3.8963,2.7221,0.05957
ngram25,1983,3.8983,2.7183,0.059082
ngram25,1984,3.9002,2.739,0.061279
ngram25,1985,3.9022,2.6867,0.059082
ngram25,1986,3.9042,2.68,0.058594
ngram25,1987,3.9061,2.6709,0.058594
ngram25,1988,3.9081,2.7034,0.056885
ngram25,1989,3.9101,2.6661,0.055908
ngram25,1990,3.912,2.7483,0.056396
ngram25,1991,3.914,2.6819,0.060059
ngram25,1992,3.916,2.7195,0.058838
ngram25,1993,3.9179,2.6809,0.060303
ngram25,1994,3.9199,2.7408,0.058594
ngram25,1995,3.9219,2.6754,0.057861
ngram25,1996,3.9238,2.6969,0.056885
ngram25,1997,3.9258,2.712,0.057373
ngram25,1998,3.9277,2.6973,0.057617
ngram25,1999,3.9297,2.7233,0.056641
ngram25,2000,3.9317,2.6845,0.056641
ngram25,2001,3.9336,2.6964,0.055908
ngram25,2002,3.9356,2.7049,0.057617
ngram25,2003,3.9376,2.6964,0.057617
ngram25,2004,3.9395,2.6825,0.064941
ngram25,2005,3.9415,2.676,0.064453
ngram25,2006,3.9435,2.6883,0.064941
ngram25,2007,3.9454,2.6815,0.055176
ngram25,2008,3.9474,2.6821,0.056152
ngram25,2009,3.9494,2.6787,0.05542
ngram25,2010,3.9513,2.6743,0.056641
ngram25,2011,3.9533,2.6908,0.057373
ngram25,2012,3.9553,2.6929,0.057373
ngram25,2013,3.9572,2.6695,0.058105
ngram25,2014,3.9592,2.6881,0.063477
ngram25,2015,3.9612,2.6798,0.061279
ngram25,2016,3.9631,2.7254,0.061768
ngram25,2017,3.9651,2.6819,0.066895
ngram25,2018,3.9671,2.7021,0.057129
ngram25,2019,3.969,2.7,0.056885
ngram25,2020,3.971,2.7145,0.058594
ngram25,2021,3.973,2.7541,0.056396
ngram25,2022,3.9749,2.7467,0.059326
ngram25,2023,3.9769,2.6598,0.062988
ngram25,2024,3.9789,2.6908,0.05835
ngram25,2025,3.9808,2.7249,0.057617
ngram25,2026,3.9828,2.6807,0.062012
ngram25,2027,3.9848,2.6673,0.060791
ngram25,2028,3.9867,2.6628,0.060059
ngram25,2029,3.9887,2.6881,0.057373
ngram25,2030,3.9907,2.7456,0.058838
ngram25,2031,3.9926,2.7012,0.057129
ngram25,2032,3.9946,2.674,0.062256
ngram25,2033,3.9966,2.7456,0.060791
ngram25,2034,3.9985,2.6829,0.057617
ngram25,2035,4.0005,2.7031,0.060303
ngram25,2036,4.0025,2.69,0.057129
ngram25,2037,4.0044,2.6717,0.056641
ngram25,2038,4.0064,2.6921,0.056396
ngram25,2039,4.0083,2.6983,0.056396
ngram25,2040,4.0103,2.7265,0.057373
ngram25,2041,4.0123,2.7215,0.061523
ngram25,2042,4.0142,2.7141,0.061523
ngram25,2043,4.0162,2.7043,0.059326
ngram25,2044,4.0182,2.7085,0.05542
ngram25,2045,4.0201,2.704,0.056396
ngram25,2046,4.0221,2.6826,0.054199
ngram25,2047,4.0241,2.6542,0.056152
ngram25,2048,4.026,2.726,0.056396
ngram25,2049,4.028,2.6452,0.058105
ngram25,2050,4.03,2.7107,0.056641
ngram25,2051,4.0319,2.6877,0.057617
ngram25,2052,4.0339,2.6769,0.059326
ngram25,2053,4.0359,2.6586,0.055664
ngram25,2054,4.0378,2.6804,0.059082
ngram25,2055,4.0398,2.6687,0.056641
ngram25,2056,4.0418,2.7029,0.05957
ngram25,2057,4.0437,2.691,0.057129
ngram25,2058,4.0457,2.693,0.057373
ngram25,2059,4.0477,2.6822,0.054688
ngram25,2060,4.0496,2.6826,0.053955
ngram25,2061,4.0516,2.6765,0.052246
ngram25,2062,4.0536,2.6824,0.056152
ngram25,2063,4.0555,2.6722,0.052979
ngram25,2064,4.0575,2.6997,0.05542
ngram25,2065,4.0595,2.6635,0.057861
ngram25,2066,4.0614,2.6803,0.054932
ngram25,2067,4.0634,2.6812,0.062988
ngram25,2068,4.0654,2.6938,0.053955
ngram25,2069,4.0673,2.6768,0.05542
ngram25,2070,4.0693,2.7173,0.053955
ngram25,2071,4.0713,2.6718,0.056641
ngram25,2072,4.0732,2.6609,0.057129
ngram25,2073,4.0752,2.6951,0.057861
ngram25,2074,4.0772,2.6823,0.056152
ngram25,2075,4.0791,2.6849,0.054688
ngram25,2076,4.0811,2.6622,0.053955
ngram25,2077,4.083,2.7469,0.058838
ngram25,2078,4.085,2.7029,0.055908
ngram25,2079,4.087,2.6562,0.05542
ngram25,2080,4.0889,2.7034,0.056152
ngram25,2081,4.0909,2.7116,0.058838
ngram25,2082,4.0929,2.6746,0.059814
ngram25,2083,4.0948,2.7292,0.056396
ngram25,2084,4.0968,2.6737,0.055664
ngram25,2085,4.0988,2.6989,0.058594
ngram25,2086,4.1007,2.691,0.054932
ngram25,2087,4.1027,2.6733,0.055908
ngram25,2088,4.1047,2.6714,0.053223
ngram25,2089,4.1066,2.6772,0.053955
ngram25,2090,4.1086,2.7073,0.056885
ngram25,2091,4.1106,2.6652,0.054688
ngram25,2092,4.1125,2.6784,0.056885
ngram25,2093,4.1145,2.6962,0.054932
ngram25,2094,4.1165,2.6699,0.055176
ngram25,2095,4.1184,2.6979,0.054443
ngram25,2096,4.1204,2.7194,0.05542
ngram25,2097,4.1224,2.6599,0.054199
ngram25,2098,4.1243,2.709,0.055176
ngram25,2099,4.1263,2.7307,0.057617
ngram25,2100,4.1283,2.6701,0.057373
ngram25,2101,4.1302,2.6693,0.055908
ngram25,2102,4.1322,2.6778,0.052734
ngram25,2103,4.1342,2.7009,0.054443
ngram25,2104,4.1361,2.6688,0.054443
ngram25,2105,4.1381,2.6803,0.055908
ngram25,2106,4.1401,2.6843,0.055176
ngram25,2107,4.142,2.696,0.055176
ngram25,2108,4.144,2.6851,0.057617
ngram25,2109,4.146,2.6512,0.057373
ngram25,2110,4.1479,2.7132,0.054443
ngram25,2111,4.1499,2.6794,0.054932
ngram25,2112,4.1519,2.6733,0.05542
ngram25,2113,4.1538,2.708,0.056641
ngram25,2114,4.1558,2.6832,0.055664
ngram25,2115,4.1578,2.6706,0.056152
ngram25,2116,4.1597,2.6942,0.055664
ngram25,2117,4.1617,2.6632,0.055664
ngram25,2118,4.1636,2.6895,0.055664
ngram25,2119,4.1656,2.6688,0.056396
ngram25,2120,4.1676,2.6856,0.058105
ngram25,2121,4.1695,2.6881,0.057373
ngram25,2122,4.1715,2.7035,0.056641
ngram25,2123,4.1735,2.676,0.057129
ngram25,2124,4.1754,2.6863,0.053711
ngram25,2125,4.1774,2.6941,0.055176
ngram25,2126,4.1794,2.6878,0.054688
ngram25,2127,4.1813,2.6844,0.057617
ngram25,2128,4.1833,2.6778,0.060303
ngram25,2129,4.1853,2.6766,0.059082
ngram25,2130,4.1872,2.6769,0.054688
ngram25,2131,4.1892,2.6415,0.055176
ngram25,2132,4.1912,2.6969,0.054932
ngram25,2133,4.1931,2.7071,0.057617
ngram25,2134,4.1951,2.6828,0.058594
ngram25,2135,4.1971,2.6777,0.057129
ngram25,2136,4.199,2.6909,0.053955
ngram25,2137,4.201,2.6715,0.054932
ngram25,2138,4.203,2.6781,0.056641
ngram25,2139,4.2049,2.6626,0.056885
ngram25,2140,4.2069,2.6927,0.057617
ngram25,2141,4.2089,2.6946,0.057617
ngram25,2142,4.2108,2.6704,0.054199
ngram25,2143,4.2128,2.695,0.058838
ngram25,2144,4.2148,2.6892,0.058594
ngram25,2145,4.2167,2.6798,0.054443
ngram25,2146,4.2187,2.658,0.056152
ngram25,2147,4.2207,2.6799,0.054932
ngram25,2148,4.2226,2.6684,0.054443
ngram25,2149,4.2246,2.6483,0.054688
ngram25,2150,4.2266,2.6442,0.05542
ngram25,2151,4.2285,2.7047,0.056396
ngram25,2152,4.2305,2.6527,0.054199
ngram25,2153,4.2325,2.6732,0.056152
ngram25,2154,4.2344,2.6601,0.05542
ngram25,2155,4.2364,2.6396,0.057861
ngram25,2156,4.2384,2.6587,0.061279
ngram25,2157,4.2403,2.7057,0.056641
ngram25,2158,4.2423,2.6658,0.054443
ngram25,2159,4.2442,2.6749,0.057861
ngram25,2160,4.2462,2.6616,0.053955
ngram25,2161,4.2482,2.6879,0.055908
ngram25,2162,4.2501,2.6573,0.052979
ngram25,2163,4.2521,2.6567,0.053711
ngram25,2164,4.2541,2.7046,0.057861
ngram25,2165,4.256,2.6886,0.059326
ngram25,2166,4.258,2.6929,0.054688
ngram25,2167,4.26,2.7014,0.055908
ngram25,2168,4.2619,2.7113,0.056396
ngram25,2169,4.2639,2.6705,0.054932
ngram25,2170,4.2659,2.7062,0.05542
ngram25,2171,4.2678,2.6771,0.055908
ngram25,2172,4.2698,2.6822,0.056152
ngram25,2173,4.2718,2.6905,0.053955
ngram25,2174,4.2737,2.6698,0.05957
ngram25,2175,4.2757,2.6677,0.074219
ngram25,2176,4.2777,2.6583,0.056885
ngram25,2177,4.2796,2.694,0.059082
ngram25,2178,4.2816,2.6472,0.056641
ngram25,2179,4.2836,2.6965,0.054932
ngram25,2180,4.2855,2.6927,0.053467
ngram25,2181,4.2875,2.6894,0.05249
ngram25,2182,4.2895,2.6588,0.057617
ngram25,2183,4.2914,2.6851,0.057861
ngram25,2184,4.2934,2.6659,0.053467
ngram25,2185,4.2954,2.6637,0.053467
ngram25,2186,4.2973,2.6706,0.054688
ngram25,2187,4.2993,2.6196,0.055664
ngram25,2188,4.3013,2.6582,0.056152
ngram25,2189,4.3032,2.6739,0.060547
ngram25,2190,4.3052,2.6666,0.056152
ngram25,2191,4.3072,2.6616,0.053467
ngram25,2192,4.3091,2.7003,0.054443
ngram25,2193,4.3111,2.6832,0.056396
ngram25,2194,4.3131,2.6591,0.056396
ngram25,2195,4.315,2.6872,0.054199
ngram25,2196,4.317,2.7061,0.053467
ngram25,2197,4.319,2.6895,0.052979
ngram25,2198,4.3209,2.6723,0.056152
ngram25,2199,4.3229,2.6917,0.057617
ngram25,2200,4.3248,2.6984,0.056396
ngram25,2201,4.3268,2.6924,0.054199
ngram25,2202,4.3288,2.6811,0.054199
ngram25,2203,4.3307,2.6476,0.054688
ngram25,2204,4.3327,2.6475,0.054199
ngram25,2205,4.3347,2.6895,0.052979
ngram25,2206,4.3366,2.6683,0.056885
ngram25,2207,4.3386,2.687,0.054443
ngram25,2208,4.3406,2.677,0.053955
ngram25,2209,4.3425,2.6736,0.056396
ngram25,2210,4.3445,2.6535,0.054688
ngram25,2211,4.3465,2.6759,0.053711
ngram25,2212,4.3484,2.6641,0.052979
ngram25,2213,4.3504,2.6741,0.054443
ngram25,2214,4.3524,2.6827,0.053711
ngram25,2215,4.3543,2.6362,0.053955
ngram25,2216,4.3563,2.6794,0.055176
ngram25,2217,4.3583,2.6744,0.056641
ngram25,2218,4.3602,2.6713,0.053223
ngram25,2219,4.3622,2.6622,0.054932
ngram25,2220,4.3642,2.6568,0.052246
ngram25,2221,4.3661,2.6535,0.053467
ngram25,2222,4.3681,2.6894,0.053711
ngram25,2223,4.3701,2.6546,0.054443
ngram25,2224,4.372,2.7194,0.062988
ngram25,2225,4.374,2.6817,0.055664
ngram25,2226,4.376,2.6235,0.053467
ngram25,2227,4.3779,2.6723,0.054932
ngram25,2228,4.3799,2.6642,0.052246
ngram25,2229,4.3819,2.6543,0.05542
ngram25,2230,4.3838,2.6646,0.054199
ngram25,2231,4.3858,2.684,0.054932
ngram25,2232,4.3878,2.6873,0.053223
ngram25,2233,4.3897,2.6675,0.057129
ngram25,2234,4.3917,2.6601,0.055664
ngram25,2235,4.3937,2.677,0.056641
ngram25,2236,4.3956,2.6732,0.055176
ngram25,2237,4.3976,2.6648,0.055176
ngram25,2238,4.3995,2.6546,0.053223
ngram25,2239,4.4015,2.6477,0.054199
ngram25,2240,4.4035,2.6438,0.054443
ngram25,2241,4.4054,2.6481,0.053223
ngram25,2242,4.4074,2.6601,0.057129
ngram25,2243,4.4094,2.6539,0.053955
ngram25,2244,4.4113,2.6665,0.052002
ngram25,2245,4.4133,2.6762,0.054443
ngram25,2246,4.4153,2.637,0.057617
ngram25,2247,4.4172,2.6612,0.054688
ngram25,2248,4.4192,2.6653,0.055664
ngram25,2249,4.4212,2.6318,0.054932
ngram25,2250,4.4231,2.6462,0.054199
ngram25,2251,4.4251,2.6577,0.05542
ngram25,2252,4.4271,2.6625,0.055908
ngram25,2253,4.429,2.6528,0.054443
ngram25,2254,4.431,2.6706,0.053467
ngram25,2255,4.433,2.7032,0.056641
ngram25,2256,4.4349,2.6412,0.05542
ngram25,2257,4.4369,2.672,0.054443
ngram25,2258,4.4389,2.7111,0.055664
ngram25,2259,4.4408,2.6798,0.055664
ngram25,2260,4.4428,2.6319,0.057373
ngram25,2261,4.4448,2.6593,0.057129
ngram25,2262,4.4467,2.6411,0.056641
ngram25,2263,4.4487,2.6395,0.054932
ngram25,2264,4.4507,2.6802,0.055176
ngram25,2265,4.4526,2.6944,0.054199
ngram25,2266,4.4546,2.6626,0.053223
ngram25,2267,4.4566,2.6818,0.05542
ngram25,2268,4.4585,2.6498,0.056152
ngram25,2269,4.4605,2.694,0.058594
ngram25,2270,4.4625,2.6659,0.055664
ngram25,2271,4.4644,2.6601,0.052002
ngram25,2272,4.4664,2.6483,0.05249
ngram25,2273,4.4684,2.6727,0.052979
ngram25,2274,4.4703,2.6641,0.054932
ngram25,2275,4.4723,2.6729,0.053711
ngram25,2276,4.4743,2.6574,0.053955
ngram25,2277,4.4762,2.6271,0.054688
ngram25,2278,4.4782,2.6732,0.052246
ngram25,2279,4.4801,2.6903,0.05542
ngram25,2280,4.4821,2.6396,0.05249
ngram25,2281,4.4841,2.6193,0.053223
ngram25,2282,4.486,2.6477,0.055908
ngram25,2283,4.488,2.6477,0.053955
ngram25,2284,4.49,2.6711,0.054199
ngram25,2285,4.4919,2.6372,0.052734
ngram25,2286,4.4939,2.6528,0.052734
ngram25,2287,4.4959,2.626,0.054199
ngram25,2288,4.4978,2.649,0.054443
ngram25,2289,4.4998,2.6579,0.053467
ngram25,2290,4.5018,2.6527,0.053711
ngram25,2291,4.5037,2.6518,0.054688
ngram25,2292,4.5057,2.6847,0.05835
ngram25,2293,4.5077,2.6935,0.054688
ngram25,2294,4.5096,2.6778,0.052734
ngram25,2295,4.5116,2.6775,0.053955
ngram25,2296,4.5136,2.6499,0.055176
ngram25,2297,4.5155,2.7099,0.061035
ngram25,2298,4.5175,2.6791,0.054932
ngram25,2299,4.5195,2.621,0.052979
ngram25,2300,4.5214,2.6806,0.055176
ngram25,2301,4.5234,2.6724,0.059326
ngram25,2302,4.5254,2.6482,0.054932
ngram25,2303,4.5273,2.6395,0.053467
ngram25,2304,4.5293,2.6539,0.053223
ngram25,2305,4.5313,2.6613,0.057129
ngram25,2306,4.5332,2.6747,0.051514
ngram25,2307,4.5352,2.6527,0.053711
ngram25,2308,4.5372,2.6737,0.05249
ngram25,2309,4.5391,2.6695,0.054443
ngram25,2310,4.5411,2.6576,0.055176
ngram25,2311,4.5431,2.6669,0.051758
ngram25,2312,4.545,2.6893,0.054443
ngram25,2313,4.547,2.6565,0.052246
ngram25,2314,4.549,2.6974,0.053223
ngram25,2315,4.5509,2.6549,0.060303
ngram25,2316,4.5529,2.6444,0.052979
ngram25,2317,4.5549,2.6538,0.05542
ngram25,2318,4.5568,2.6575,0.054932
ngram25,2319,4.5588,2.6969,0.054443
ngram25,2320,4.5607,2.6714,0.054443
ngram25,2321,4.5627,2.6597,0.05542
ngram25,2322,4.5647,2.6525,0.052979
ngram25,2323,4.5666,2.6908,0.054443
ngram25,2324,4.5686,2.6908,0.055908
ngram25,2325,4.5706,2.6596,0.053467
ngram25,2326,4.5725,2.6658,0.055176
ngram25,2327,4.5745,2.6651,0.055908
ngram25,2328,4.5765,2.6815,0.054443
ngram25,2329,4.5784,2.6631,0.055908
ngram25,2330,4.5804,2.6449,0.052734
ngram25,2331,4.5824,2.6974,0.054199
ngram25,2332,4.5843,2.6781,0.053467
ngram25,2333,4.5863,2.6676,0.053223
ngram25,2334,4.5883,2.6256,0.051514
ngram25,2335,4.5902,2.6165,0.053955
ngram25,2336,4.5922,2.6403,0.054199
ngram25,2337,4.5942,2.6738,0.055664
ngram25,2338,4.5961,2.6181,0.055176
ngram25,2339,4.5981,2.675,0.053711
ngram25,2340,4.6001,2.6239,0.05249
ngram25,2341,4.602,2.6559,0.053223
ngram25,2342,4.604,2.6572,0.052246
ngram25,2343,4.606,2.6803,0.053955
ngram25,2344,4.6079,2.6528,0.053711
ngram25,2345,4.6099,2.6347,0.053223
ngram25,2346,4.6119,2.6367,0.054443
ngram25,2347,4.6138,2.6506,0.059814
ngram25,2348,4.6158,2.6409,0.054932
ngram25,2349,4.6178,2.6225,0.053711
ngram25,2350,4.6197,2.665,0.054443
ngram25,2351,4.6217,2.6792,0.053955
ngram25,2352,4.6237,2.635,0.053955
ngram25,2353,4.6256,2.6679,0.053223
ngram25,2354,4.6276,2.6612,0.053467
ngram25,2355,4.6296,2.6749,0.054688
ngram25,2356,4.6315,2.6502,0.053223
ngram25,2357,4.6335,2.6723,0.051514
ngram25,2358,4.6355,2.6703,0.052246
ngram25,2359,4.6374,2.6388,0.052002
ngram25,2360,4.6394,2.7126,0.053223
ngram25,2361,4.6413,2.694,0.053711
ngram25,2362,4.6433,2.6541,0.053955
ngram25,2363,4.6453,2.6884,0.05249
ngram25,2364,4.6472,2.741,0.056152
ngram25,2365,4.6492,2.6576,0.054199
ngram25,2366,4.6512,2.647,0.051758
ngram25,2367,4.6531,2.6188,0.05127
ngram25,2368,4.6551,2.6706,0.052979
ngram25,2369,4.6571,2.6776,0.051758
ngram25,2370,4.659,2.6797,0.052734
ngram25,2371,4.661,2.6713,0.054932
ngram25,2372,4.663,2.6908,0.055176
ngram25,2373,4.6649,2.6497,0.05127
ngram25,2374,4.6669,2.6739,0.054443
ngram25,2375,4.6689,2.677,0.052979
ngram25,2376,4.6708,2.6574,0.052246
ngram25,2377,4.6728,2.6631,0.068848
ngram25,2378,4.6748,2.651,0.054932
ngram25,2379,4.6767,2.645,0.053223
ngram25,2380,4.6787,2.6512,0.053711
ngram25,2381,4.6807,2.6799,0.053711
ngram25,2382,4.6826,2.6478,0.050537
ngram25,2383,4.6846,2.67,0.052979
ngram25,2384,4.6866,2.7365,0.064453
ngram25,2385,4.6885,2.6479,0.053955
ngram25,2386,4.6905,2.674,0.05542
ngram25,2387,4.6925,2.6554,0.054443
ngram25,2388,4.6944,2.6744,0.051758
ngram25,2389,4.6964,2.6374,0.053467
ngram25,2390,4.6984,2.6747,0.055908
ngram25,2391,4.7003,2.669,0.053467
ngram25,2392,4.7023,2.6424,0.051025
ngram25,2393,4.7043,2.6657,0.05249
ngram25,2394,4.7062,2.6591,0.05249
ngram25,2395,4.7082,2.6532,0.053711
ngram25,2396,4.7102,2.64,0.052002
ngram25,2397,4.7121,2.6856,0.052734
ngram25,2398,4.7141,2.7205,0.055664
ngram25,2399,4.7161,2.6741,0.053467
ngram25,2400,4.718,2.6369,0.053711
ngram25,2401,4.72,2.6997,0.053467
ngram25,2402,4.7219,2.6594,0.053955
ngram25,2403,4.7239,2.6677,0.052979
ngram25,2404,4.7259,2.6585,0.053711
ngram25,2405,4.7278,2.6708,0.053467
ngram25,2406,4.7298,2.6286,0.053955
ngram25,2407,4.7318,2.6489,0.052979
ngram25,2408,4.7337,2.6704,0.054443
ngram25,2409,4.7357,2.6975,0.052246
ngram25,2410,4.7377,2.6797,0.052979
ngram25,2411,4.7396,2.6907,0.052734
ngram25,2412,4.7416,2.6584,0.051514
ngram25,2413,4.7436,2.6827,0.054932
ngram25,2414,4.7455,2.6569,0.052246
ngram25,2415,4.7475,2.6226,0.053955
ngram25,2416,4.7495,2.692,0.054688
ngram25,2417,4.7514,2.6749,0.055664
ngram25,2418,4.7534,2.6521,0.052002
ngram25,2419,4.7554,2.65,0.056152
ngram25,2420,4.7573,2.6713,0.055664
ngram25,2421,4.7593,2.6602,0.053467
ngram25,2422,4.7613,2.6172,0.05249
ngram25,2423,4.7632,2.6622,0.053223
ngram25,2424,4.7652,2.6448,0.052734
ngram25,2425,4.7672,2.6437,0.052734
ngram25,2426,4.7691,2.6555,0.055176
ngram25,2427,4.7711,2.6155,0.052246
ngram25,2428,4.7731,2.6687,0.052979
ngram25,2429,4.775,2.6477,0.051514
ngram25,2430,4.777,2.6557,0.052246
ngram25,2431,4.779,2.6528,0.052246
ngram25,2432,4.7809,2.6997,0.05249
ngram25,2433,4.7829,2.6452,0.053955
ngram25,2434,4.7849,2.6506,0.052246
ngram25,2435,4.7868,2.6682,0.062256
ngram25,2436,4.7888,2.6649,0.052246
ngram25,2437,4.7908,2.6356,0.052002
ngram25,2438,4.7927,2.6411,0.052246
ngram25,2439,4.7947,2.6456,0.05249
ngram25,2440,4.7966,2.6378,0.055908
ngram25,2441,4.7986,2.6509,0.052734
ngram25,2442,4.8006,2.6714,0.053467
ngram25,2443,4.8025,2.6312,0.053467
ngram25,2444,4.8045,2.6392,0.05249
ngram25,2445,4.8065,2.6249,0.052002
ngram25,2446,4.8084,2.651,0.051758
ngram25,2447,4.8104,2.6851,0.05542
ngram25,2448,4.8124,2.663,0.054688
ngram25,2449,4.8143,2.6588,0.053955
ngram25,2450,4.8163,2.6364,0.052002
ngram25,2451,4.8183,2.66,0.052734
ngram25,2452,4.8202,2.6724,0.053223
ngram25,2453,4.8222,2.6454,0.052246
ngram25,2454,4.8242,2.6594,0.05249
ngram25,2455,4.8261,2.655,0.053223
ngram25,2456,4.8281,2.6571,0.053711
ngram25,2457,4.8301,2.6602,0.052979
ngram25,2458,4.832,2.6604,0.053711
ngram25,2459,4.834,2.6435,0.054443
ngram25,2460,4.836,2.6405,0.053223
ngram25,2461,4.8379,2.6477,0.067383
ngram25,2462,4.8399,2.6599,0.054688
ngram25,2463,4.8419,2.6573,0.053223
ngram25,2464,4.8438,2.6705,0.052246
ngram25,2465,4.8458,2.6892,0.054199
ngram25,2466,4.8478,2.6169,0.052979
ngram25,2467,4.8497,2.6515,0.051514
ngram25,2468,4.8517,2.6532,0.054932
ngram25,2469,4.8537,2.645,0.05249
ngram25,2470,4.8556,2.6454,0.053711
ngram25,2471,4.8576,2.7052,0.054932
ngram25,2472,4.8596,2.6951,0.052979
ngram25,2473,4.8615,2.706,0.068848
ngram25,2474,4.8635,2.6561,0.054688
ngram25,2475,4.8655,2.6451,0.052002
ngram25,2476,4.8674,2.6567,0.053467
ngram25,2477,4.8694,2.648,0.052734
ngram25,2478,4.8714,2.6346,0.053223
ngram25,2479,4.8733,2.6332,0.056152
ngram25,2480,4.8753,2.625,0.052734
ngram25,2481,4.8772,2.6391,0.052979
ngram25,2482,4.8792,2.636,0.053955
ngram25,2483,4.8812,2.6451,0.053711
ngram25,2484,4.8831,2.6893,0.051514
ngram25,2485,4.8851,2.6402,0.052002
ngram25,2486,4.8871,2.6568,0.052979
ngram25,2487,4.889,2.6375,0.052979
ngram25,2488,4.891,2.7462,0.052246
ngram25,2489,4.893,2.6459,0.052246
ngram25,2490,4.8949,2.6717,0.052734
ngram25,2491,4.8969,2.7387,0.05542
ngram25,2492,4.8989,2.6748,0.051025
ngram25,2493,4.9008,2.6546,0.053223
ngram25,2494,4.9028,2.6292,0.053955
ngram25,2495,4.9048,2.6466,0.054688
ngram25,2496,4.9067,2.6327,0.053223
ngram25,2497,4.9087,2.6518,0.052734
ngram25,2498,4.9107,2.6713,0.053467
ngram25,2499,4.9126,2.6471,0.052979
ngram25,2500,4.9146,2.6771,0.054688
ngram25,2501,4.9166,2.6684,0.053223
ngram25,2502,4.9185,2.6227,0.053955
ngram25,2503,4.9205,2.6641,0.051758
ngram25,2504,4.9225,2.6535,0.058594
ngram25,2505,4.9244,2.6192,0.052979
ngram25,2506,4.9264,2.6313,0.053955
ngram25,2507,4.9284,2.642,0.053955
ngram25,2508,4.9303,2.6427,0.054932
ngram25,2509,4.9323,2.6648,0.051758
ngram25,2510,4.9343,2.6445,0.052246
ngram25,2511,4.9362,2.6644,0.052979
ngram25,2512,4.9382,2.6522,0.053223
ngram25,2513,4.9402,2.6703,0.05127
ngram25,2514,4.9421,2.6826,0.053711
ngram25,2515,4.9441,2.6344,0.052734
ngram25,2516,4.9461,2.6076,0.052979
ngram25,2517,4.948,2.6199,0.053955
ngram25,2518,4.95,2.7096,0.054688
ngram25,2519,4.952,2.6449,0.058105
ngram25,2520,4.9539,2.6748,0.052734
ngram25,2521,4.9559,2.6215,0.054199
ngram25,2522,4.9578,2.6508,0.051025
ngram25,2523,4.9598,2.6475,0.053955
ngram25,2524,4.9618,2.677,0.051758
ngram25,2525,4.9637,2.6514,0.052246
ngram25,2526,4.9657,2.594,0.052002
ngram25,2527,4.9677,2.6375,0.052979
ngram25,2528,4.9696,2.655,0.054443
ngram25,2529,4.9716,2.6177,0.051758
ngram25,2530,4.9736,2.6344,0.053955
ngram25,2531,4.9755,2.6876,0.052246
ngram25,2532,4.9775,2.6769,0.051514
ngram25,2533,4.9795,2.6349,0.051758
ngram25,2534,4.9814,2.6308,0.052734
ngram25,2535,4.9834,2.6397,0.052002
ngram25,2536,4.9854,2.6397,0.054932
ngram25,2537,4.9873,2.6484,0.053711
ngram25,2538,4.9893,2.6179,0.053223
ngram25,2539,4.9913,2.653,0.053955
ngram25,2540,4.9932,2.6636,0.05127
ngram25,2541,4.9952,2.6403,0.052734
ngram25,2542,4.9972,2.6789,0.052979
ngram25,2543,4.9991,2.6408,0.05249
ngram25,2544,5.0011,2.6809,0.056641
ngram25,2545,5.0031,2.6821,0.055908
ngram25,2546,5.005,2.635,0.052979
ngram25,2547,5.007,2.6394,0.052734
ngram25,2548,5.009,2.6168,0.051025
ngram25,2549,5.0109,2.643,0.052246
ngram25,2550,5.0129,2.6473,0.055176
ngram25,2551,5.0149,2.6712,0.054688
ngram25,2552,5.0168,2.6493,0.051758
ngram25,2553,5.0188,2.6544,0.051758
ngram25,2554,5.0208,2.633,0.054199
ngram25,2555,5.0227,2.6269,0.052734
ngram25,2556,5.0247,2.6439,0.051025
ngram25,2557,5.0267,2.6525,0.05249
ngram25,2558,5.0286,2.6401,0.053955
ngram25,2559,5.0306,2.6382,0.052002
ngram25,2560,5.0326,2.627,0.05249
ngram25,2561,5.0345,2.6324,0.05127
ngram25,2562,5.0365,2.6352,0.052002
ngram25,2563,5.0384,2.6547,0.052734
ngram25,2564,5.0404,2.6806,0.053223
ngram25,2565,5.0424,2.6316,0.05249
ngram25,2566,5.0443,2.6664,0.052979
ngram25,2567,5.0463,2.6449,0.052734
ngram25,2568,5.0483,2.6181,0.053223
ngram25,2569,5.0502,2.6486,0.053711
ngram25,2570,5.0522,2.6452,0.053711
ngram25,2571,5.0542,2.6701,0.056152
ngram25,2572,5.0561,2.6393,0.05249
ngram25,2573,5.0581,2.6534,0.05127
ngram25,2574,5.0601,2.6659,0.053711
ngram25,2575,5.062,2.6699,0.054199
ngram25,2576,5.064,2.6509,0.054443
ngram25,2577,5.066,2.6683,0.056641
ngram25,2578,5.0679,2.6537,0.052734
ngram25,2579,5.0699,2.6144,0.053711
ngram25,2580,5.0719,2.6606,0.051025
ngram25,2581,5.0738,2.6398,0.053223
ngram25,2582,5.0758,2.6424,0.052246
ngram25,2583,5.0778,2.6378,0.054443
ngram25,2584,5.0797,2.669,0.053223
ngram25,2585,5.0817,2.6646,0.052002
ngram25,2586,5.0837,2.6156,0.054199
ngram25,2587,5.0856,2.6327,0.052979
ngram25,2588,5.0876,2.6583,0.051758
ngram25,2589,5.0896,2.6587,0.049561
ngram25,2590,5.0915,2.637,0.051758
ngram25,2591,5.0935,2.6896,0.051758
ngram25,2592,5.0955,2.6316,0.052246
ngram25,2593,5.0974,2.6737,0.052246
ngram25,2594,5.0994,2.6474,0.050781
ngram25,2595,5.1014,2.6575,0.054443
ngram25,2596,5.1033,2.654,0.053223
ngram25,2597,5.1053,2.6445,0.052979
ngram25,2598,5.1073,2.6509,0.052002
ngram25,2599,5.1092,2.6656,0.053223
ngram25,2600,5.1112,2.6295,0.05249
ngram25,2601,5.1131,2.6594,0.052734
ngram25,2602,5.1151,2.6654,0.053223
ngram25,2603,5.1171,2.6632,0.051025
ngram25,2604,5.119,2.6393,0.052246
ngram25,2605,5.121,2.6422,0.052002
ngram25,2606,5.123,2.634,0.051758
ngram25,2607,5.1249,2.6751,0.052246
ngram25,2608,5.1269,2.6406,0.052246
ngram25,2609,5.1289,2.6311,0.053223
ngram25,2610,5.1308,2.6566,0.052246
ngram25,2611,5.1328,2.6233,0.05542
ngram25,2612,5.1348,2.6696,0.052246
ngram25,2613,5.1367,2.6322,0.051025
ngram25,2614,5.1387,2.6262,0.051514
ngram25,2615,5.1407,2.6206,0.050781
ngram25,2616,5.1426,2.6447,0.053223
ngram25,2617,5.1446,2.6468,0.053223
ngram25,2618,5.1466,2.6973,0.054932
ngram25,2619,5.1485,2.6465,0.053955
ngram25,2620,5.1505,2.629,0.052002
ngram25,2621,5.1525,2.6157,0.051758
ngram25,2622,5.1544,2.6319,0.052734
ngram25,2623,5.1564,2.6568,0.051758
ngram25,2624,5.1584,2.6244,0.053955
ngram25,2625,5.1603,2.6333,0.051514
ngram25,2626,5.1623,2.6207,0.051514
ngram25,2627,5.1643,2.657,0.052002
ngram25,2628,5.1662,2.6457,0.050781
ngram25,2629,5.1682,2.665,0.053955
ngram25,2630,5.1702,2.6285,0.053711
ngram25,2631,5.1721,2.6466,0.052246
ngram25,2632,5.1741,2.6164,0.054199
ngram25,2633,5.1761,2.673,0.054199
ngram25,2634,5.178,2.6286,0.053223
ngram25,2635,5.18,2.6888,0.054688
ngram25,2636,5.182,2.6552,0.052002
ngram25,2637,5.1839,2.6517,0.053955
ngram25,2638,5.1859,2.657,0.052246
ngram25,2639,5.1879,2.6602,0.052734
ngram25,2640,5.1898,2.639,0.052979
ngram25,2641,5.1918,2.6641,0.052002
ngram25,2642,5.1937,2.6412,0.052979
ngram25,2643,5.1957,2.6518,0.05127
ngram25,2644,5.1977,2.6635,0.052246
ngram25,2645,5.1996,2.6927,0.053223
ngram25,2646,5.2016,2.6325,0.051514
ngram25,2647,5.2036,2.697,0.053711
ngram25,2648,5.2055,2.6587,0.054443
ngram25,2649,5.2075,2.646,0.052246
ngram25,2650,5.2095,2.6692,0.052734
ngram25,2651,5.2114,2.638,0.050537
ngram25,2652,5.2134,2.6487,0.05249
ngram25,2653,5.2154,2.6318,0.052002
ngram25,2654,5.2173,2.6344,0.052002
ngram25,2655,5.2193,2.6639,0.053467
ngram25,2656,5.2213,2.6276,0.05249
ngram25,2657,5.2232,2.6077,0.05249
ngram25,2658,5.2252,2.5908,0.052246
ngram25,2659,5.2272,2.6507,0.052734
ngram25,2660,5.2291,2.6715,0.05127
ngram25,2661,5.2311,2.6556,0.05542
ngram25,2662,5.2331,2.5889,0.051758
ngram25,2663,5.235,2.6528,0.052734
ngram25,2664,5.237,2.6289,0.052979
ngram25,2665,5.239,2.6298,0.052734
ngram25,2666,5.2409,2.6327,0.052979
ngram25,2667,5.2429,2.6639,0.052246
ngram25,2668,5.2449,2.6739,0.051025
ngram25,2669,5.2468,2.6333,0.050781
ngram25,2670,5.2488,2.6445,0.053223
ngram25,2671,5.2508,2.6624,0.05249
ngram25,2672,5.2527,2.6658,0.053223
ngram25,2673,5.2547,2.6511,0.053223
ngram25,2674,5.2567,2.6246,0.05127
ngram25,2675,5.2586,2.6391,0.051758
ngram25,2676,5.2606,2.6224,0.052246
ngram25,2677,5.2626,2.6807,0.058105
ngram25,2678,5.2645,2.6367,0.053955
ngram25,2679,5.2665,2.6487,0.054688
ngram25,2680,5.2685,2.6681,0.05249
ngram25,2681,5.2704,2.6229,0.051758
ngram25,2682,5.2724,2.646,0.051758
ngram25,2683,5.2743,2.6589,0.052734
ngram25,2684,5.2763,2.6335,0.052246
ngram25,2685,5.2783,2.6501,0.052734
ngram25,2686,5.2802,2.6069,0.053711
ngram25,2687,5.2822,2.6554,0.05249
ngram25,2688,5.2842,2.5948,0.051758
ngram25,2689,5.2861,2.6637,0.053711
ngram25,2690,5.2881,2.6349,0.051025
ngram25,2691,5.2901,2.6614,0.053467
ngram25,2692,5.292,2.6465,0.052002
ngram25,2693,5.294,2.6172,0.053955
ngram25,2694,5.296,2.6643,0.056885
ngram25,2695,5.2979,2.647,0.052979
ngram25,2696,5.2999,2.641,0.052734
ngram25,2697,5.3019,2.6353,0.052979
ngram25,2698,5.3038,2.6355,0.053955
ngram25,2699,5.3058,2.6436,0.05127
ngram25,2700,5.3078,2.6577,0.052246
ngram25,2701,5.3097,2.6568,0.051758
ngram25,2702,5.3117,2.6196,0.052246
ngram25,2703,5.3137,2.6534,0.051025
ngram25,2704,5.3156,2.6539,0.053223
ngram25,2705,5.3176,2.6153,0.051758
ngram25,2706,5.3196,2.6332,0.052979
ngram25,2707,5.3215,2.6283,0.051758
ngram25,2708,5.3235,2.6526,0.053467
ngram25,2709,5.3255,2.6551,0.052734
ngram25,2710,5.3274,2.638,0.053955
ngram25,2711,5.3294,2.6492,0.052002
ngram25,2712,5.3314,2.6337,0.052979
ngram25,2713,5.3333,2.6631,0.051025
ngram25,2714,5.3353,2.6505,0.054932
ngram25,2715,5.3373,2.6801,0.072266
ngram25,2716,5.3392,2.6524,0.052002
ngram25,2717,5.3412,2.6268,0.052979
ngram25,2718,5.3432,2.6244,0.050781
ngram25,2719,5.3451,2.6362,0.052246
ngram25,2720,5.3471,2.6474,0.052002
ngram25,2721,5.3491,2.6391,0.051025
ngram25,2722,5.351,2.6396,0.052246
ngram25,2723,5.353,2.6279,0.05249
ngram25,2724,5.3549,2.6705,0.05127
ngram25,2725,5.3569,2.6354,0.051514
ngram25,2726,5.3589,2.6521,0.052002
ngram25,2727,5.3608,2.6556,0.053223
ngram25,2728,5.3628,2.6257,0.054688
ngram25,2729,5.3648,2.6645,0.051514
ngram25,2730,5.3667,2.6301,0.053711
ngram25,2731,5.3687,2.6574,0.052002
ngram25,2732,5.3707,2.6238,0.12451
ngram25,2733,5.3726,2.6494,0.052979
ngram25,2734,5.3746,2.696,0.054443
ngram25,2735,5.3766,2.6564,0.054199
ngram25,2736,5.3785,2.6217,0.052979
ngram25,2737,5.3805,2.7424,0.054688
ngram25,2738,5.3825,2.6295,0.052979
ngram25,2739,5.3844,2.6669,0.053955
ngram25,2740,5.3864,2.6682,0.052734
ngram25,2741,5.3884,2.6878,0.055176
ngram25,2742,5.3903,2.639,0.05249
ngram25,2743,5.3923,2.6664,0.053467
ngram25,2744,5.3943,2.6616,0.051514
ngram25,2745,5.3962,2.6345,0.052246
ngram25,2746,5.3982,2.6258,0.052246
ngram25,2747,5.4002,2.6293,0.055908
ngram25,2748,5.4021,2.6703,0.055664
ngram25,2749,5.4041,2.6925,0.054443
ngram25,2750,5.4061,2.6472,0.054443
ngram25,2751,5.408,2.6288,0.051025
ngram25,2752,5.41,2.6336,0.05249
ngram25,2753,5.412,2.6578,0.052979
ngram25,2754,5.4139,2.647,0.051025
ngram25,2755,5.4159,2.6409,0.052979
ngram25,2756,5.4179,2.6454,0.053223
ngram25,2757,5.4198,2.6589,0.052734
ngram25,2758,5.4218,2.6632,0.05127
ngram25,2759,5.4238,2.6434,0.05249
ngram25,2760,5.4257,2.6368,0.053955
ngram25,2761,5.4277,2.6337,0.052979
ngram25,2762,5.4297,2.6231,0.053711
ngram25,2763,5.4316,2.6535,0.052002
ngram25,2764,5.4336,2.6484,0.052002
ngram25,2765,5.4355,2.6442,0.052979
ngram25,2766,5.4375,2.6156,0.052979
ngram25,2767,5.4395,2.6115,0.052734
ngram25,2768,5.4414,2.671,0.052734
ngram25,2769,5.4434,2.6528,0.05249
ngram25,2770,5.4454,2.6981,0.052002
ngram25,2771,5.4473,2.6643,0.052246
ngram25,2772,5.4493,2.6762,0.051514
ngram25,2773,5.4513,2.6523,0.051758
ngram25,2774,5.4532,2.6338,0.053467
ngram25,2775,5.4552,2.6625,0.057617
ngram25,2776,5.4572,2.617,0.051514
ngram25,2777,5.4591,2.6757,0.053955
ngram25,2778,5.4611,2.6237,0.053223
ngram25,2779,5.4631,2.6597,0.05127
ngram25,2780,5.465,2.6122,0.054443
ngram25,2781,5.467,2.6605,0.053223
ngram25,2782,5.469,2.6456,0.052734
ngram25,2783,5.4709,2.6121,0.05127
ngram25,2784,5.4729,2.647,0.051514
ngram25,2785,5.4749,2.6875,0.051758
ngram25,2786,5.4768,2.6531,0.05249
ngram25,2787,5.4788,2.6227,0.051758
ngram25,2788,5.4808,2.6597,0.052002
ngram25,2789,5.4827,2.6512,0.05127
ngram25,2790,5.4847,2.667,0.051758
ngram25,2791,5.4867,2.6377,0.05249
ngram25,2792,5.4886,2.6136,0.051514
ngram25,2793,5.4906,2.6295,0.05127
ngram25,2794,5.4926,2.6738,0.052002
ngram25,2795,5.4945,2.6339,0.05127
ngram25,2796,5.4965,2.6565,0.052246
ngram25,2797,5.4985,2.6326,0.052734
ngram25,2798,5.5004,2.6142,0.053955
ngram25,2799,5.5024,2.6323,0.052002
ngram25,2800,5.5044,2.6841,0.053223
ngram25,2801,5.5063,2.6731,0.052734
ngram25,2802,5.5083,2.6484,0.052734
ngram25,2803,5.5102,2.6049,0.052979
ngram25,2804,5.5122,2.6279,0.050781
ngram25,2805,5.5142,2.6595,0.051758
ngram25,2806,5.5161,2.6696,0.052002
ngram25,2807,5.5181,2.6402,0.050537
ngram25,2808,5.5201,2.6004,0.054688
ngram25,2809,5.522,2.6329,0.054199
ngram25,2810,5.524,2.6219,0.051758
ngram25,2811,5.526,2.678,0.053955
ngram25,2812,5.5279,2.6378,0.057129
ngram25,2813,5.5299,2.6742,0.054199
ngram25,2814,5.5319,2.6331,0.051758
ngram25,2815,5.5338,2.6148,0.051025
ngram25,2816,5.5358,2.6294,0.052002
ngram25,2817,5.5378,2.6382,0.053223
ngram25,2818,5.5397,2.6525,0.052002
ngram25,2819,5.5417,2.6453,0.052246
ngram25,2820,5.5437,2.6365,0.051025
ngram25,2821,5.5456,2.6283,0.05127
ngram25,2822,5.5476,2.6058,0.050293
ngram25,2823,5.5496,2.5974,0.052002
ngram25,2824,5.5515,2.654,0.052002
ngram25,2825,5.5535,2.6115,0.052734
ngram25,2826,5.5555,2.6587,0.051025
ngram25,2827,5.5574,2.6355,0.051514
ngram25,2828,5.5594,2.6172,0.064453
ngram25,2829,5.5614,2.6302,0.05127
ngram25,2830,5.5633,2.631,0.050781
ngram25,2831,5.5653,2.6561,0.053223
ngram25,2832,5.5673,2.649,0.05249
ngram25,2833,5.5692,2.6219,0.052734
ngram25,2834,5.5712,2.6469,0.052246
ngram25,2835,5.5732,2.5911,0.052734
ngram25,2836,5.5751,2.728,0.093262
ngram25,2837,5.5771,2.6876,0.054932
ngram25,2838,5.5791,2.6344,0.052734
ngram25,2839,5.581,2.6375,0.050293
ngram25,2840,5.583,2.6325,0.05542
ngram25,2841,5.585,2.6451,0.052002
ngram25,2842,5.5869,2.6204,0.051758
ngram25,2843,5.5889,2.5873,0.050781
ngram25,2844,5.5908,2.6244,0.054688
ngram25,2845,5.5928,2.6424,0.05249
ngram25,2846,5.5948,2.645,0.053223
ngram25,2847,5.5967,2.6277,0.051514
ngram25,2848,5.5987,2.6526,0.052979
ngram25,2849,5.6007,2.6313,0.051758
ngram25,2850,5.6026,2.6186,0.053467
ngram25,2851,5.6046,2.644,0.054443
ngram25,2852,5.6066,2.6523,0.053467
ngram25,2853,5.6085,2.6216,0.052246
ngram25,2854,5.6105,2.6472,0.054443
ngram25,2855,5.6125,2.6535,0.066895
ngram25,2856,5.6144,2.6219,0.051514
ngram25,2857,5.6164,2.6296,0.05249
ngram25,2858,5.6184,2.6571,0.05249
ngram25,2859,5.6203,2.6766,0.053223
ngram25,2860,5.6223,2.6562,0.053223
ngram25,2861,5.6243,2.6238,0.052002
ngram25,2862,5.6262,2.6611,0.056152
ngram25,2863,5.6282,2.6478,0.051514
ngram25,2864,5.6302,2.6193,0.051758
ngram25,2865,5.6321,2.6201,0.053955
ngram25,2866,5.6341,2.6267,0.052734
ngram25,2867,5.6361,2.6369,0.051025
ngram25,2868,5.638,2.6125,0.051514
ngram25,2869,5.64,2.6381,0.05127
ngram25,2870,5.642,2.6401,0.051758
ngram25,2871,5.6439,2.6262,0.053711
ngram25,2872,5.6459,2.6316,0.052979
ngram25,2873,5.6479,2.625,0.060791
ngram25,2874,5.6498,2.6425,0.053223
ngram25,2875,5.6518,2.6582,0.053467
ngram25,2876,5.6538,2.6417,0.052002
ngram25,2877,5.6557,2.65,0.05249
ngram25,2878,5.6577,2.632,0.051025
ngram25,2879,5.6597,2.6175,0.050537
ngram25,2880,5.6616,2.6691,0.05249
ngram25,2881,5.6636,2.6506,0.051758
ngram25,2882,5.6656,2.6335,0.052246
ngram25,2883,5.6675,2.6536,0.050781
ngram25,2884,5.6695,2.636,0.053467
ngram25,2885,5.6714,2.6289,0.052002
ngram25,2886,5.6734,2.6129,0.051758
ngram25,2887,5.6754,2.611,0.051025
ngram25,2888,5.6773,2.6719,0.055664
ngram25,2889,5.6793,2.5774,0.051758
ngram25,2890,5.6813,2.6649,0.051025
ngram25,2891,5.6832,2.6421,0.051758
ngram25,2892,5.6852,2.5776,0.051514
ngram25,2893,5.6872,2.6246,0.053955
ngram25,2894,5.6891,2.6171,0.051514
ngram25,2895,5.6911,2.6291,0.051758
ngram25,2896,5.6931,2.6336,0.054443
ngram25,2897,5.695,2.6551,0.052246
ngram25,2898,5.697,2.6726,0.054688
ngram25,2899,5.699,2.6959,0.05127
ngram25,2900,5.7009,2.6684,0.052979
ngram25,2901,5.7029,2.6357,0.052734
ngram25,2902,5.7049,2.6309,0.051025
ngram25,2903,5.7068,2.6642,0.051758
ngram25,2904,5.7088,2.6463,0.060791
ngram25,2905,5.7108,2.6408,0.050781
ngram25,2906,5.7127,2.6228,0.052002
ngram25,2907,5.7147,2.6251,0.052246
ngram25,2908,5.7167,2.6176,0.051758
ngram25,2909,5.7186,2.6614,0.052246
ngram25,2910,5.7206,2.6404,0.05249
ngram25,2911,5.7226,2.6456,0.056396
ngram25,2912,5.7245,2.6681,0.050781
ngram25,2913,5.7265,2.6432,0.051758
ngram25,2914,5.7285,2.6564,0.050781
ngram25,2915,5.7304,2.6605,0.052979
ngram25,2916,5.7324,2.6519,0.049316
ngram25,2917,5.7344,2.6294,0.05249
ngram25,2918,5.7363,2.6747,0.053467
ngram25,2919,5.7383,2.6069,0.051025
ngram25,2920,5.7403,2.6873,0.055176
ngram25,2921,5.7422,2.628,0.052734
ngram25,2922,5.7442,2.636,0.053467
ngram25,2923,5.7462,2.6477,0.05249
ngram25,2924,5.7481,2.6375,0.052246
ngram25,2925,5.7501,2.6559,0.050537
ngram25,2926,5.752,2.6376,0.052246
ngram25,2927,5.754,2.6545,0.052246
ngram25,2928,5.756,2.6461,0.051514
ngram25,2929,5.7579,2.6795,0.051758
ngram25,2930,5.7599,2.6553,0.054688
ngram25,2931,5.7619,2.6472,0.053467
ngram25,2932,5.7638,2.6675,0.052002
ngram25,2933,5.7658,2.6414,0.060791
ngram25,2934,5.7678,2.6481,0.051758
ngram25,2935,5.7697,2.5928,0.052002
ngram25,2936,5.7717,2.6754,0.053467
ngram25,2937,5.7737,2.6547,0.055176
ngram25,2938,5.7756,2.6428,0.052734
ngram25,2939,5.7776,2.6392,0.053223
ngram25,2940,5.7796,2.6313,0.054443
ngram25,2941,5.7815,2.6847,0.052246
ngram25,2942,5.7835,2.638,0.051514
ngram25,2943,5.7855,2.6527,0.051025
ngram25,2944,5.7874,2.6523,0.051025
ngram25,2945,5.7894,2.6565,0.055176
ngram25,2946,5.7914,2.6554,0.052246
ngram25,2947,5.7933,2.6488,0.051025
ngram25,2948,5.7953,2.6807,0.05249
ngram25,2949,5.7973,2.641,0.052002
ngram25,2950,5.7992,2.6335,0.051025
ngram25,2951,5.8012,2.6221,0.053467
ngram25,2952,5.8032,2.6498,0.054199
ngram25,2953,5.8051,2.6794,0.053711
ngram25,2954,5.8071,2.6549,0.053711
ngram25,2955,5.8091,2.7037,0.053711
ngram25,2956,5.811,2.6359,0.051758
ngram25,2957,5.813,2.6468,0.051758
ngram25,2958,5.815,2.6562,0.053711
ngram25,2959,5.8169,2.654,0.053223
ngram25,2960,5.8189,2.624,0.052734
ngram25,2961,5.8209,2.6514,0.052002
ngram25,2962,5.8228,2.646,0.052002
ngram25,2963,5.8248,2.6289,0.052002
ngram25,2964,5.8267,2.6039,0.05249
ngram25,2965,5.8287,2.6331,0.063477
ngram25,2966,5.8307,2.6332,0.054443
ngram25,2967,5.8326,2.6229,0.053467
ngram25,2968,5.8346,2.6456,0.05127
ngram25,2969,5.8366,2.6388,0.052246
ngram25,2970,5.8385,2.6767,0.054443
ngram25,2971,5.8405,2.6258,0.053223
ngram25,2972,5.8425,2.6646,0.052246
ngram25,2973,5.8444,2.6862,0.053711
ngram25,2974,5.8464,2.6602,0.05127
ngram25,2975,5.8484,2.6322,0.052734
ngram25,2976,5.8503,2.6315,0.051514
ngram25,2977,5.8523,2.6639,0.052734
ngram25,2978,5.8543,2.6476,0.05249
ngram25,2979,5.8562,2.6123,0.051514
ngram25,2980,5.8582,2.6139,0.051758
ngram25,2981,5.8602,2.6236,0.05249
ngram25,2982,5.8621,2.651,0.051025
ngram25,2983,5.8641,2.6649,0.05249
ngram25,2984,5.8661,2.6306,0.051025
ngram25,2985,5.868,2.6266,0.05127
ngram25,2986,5.87,2.6303,0.053223
ngram25,2987,5.872,2.6364,0.05249
ngram25,2988,5.8739,2.5994,0.051758
ngram25,2989,5.8759,2.5996,0.05249
ngram25,2990,5.8779,2.6254,0.050781
ngram25,2991,5.8798,2.6945,0.054688
ngram25,2992,5.8818,2.6338,0.057373
ngram25,2993,5.8838,2.6228,0.054932
ngram25,2994,5.8857,2.6505,0.053955
ngram25,2995,5.8877,2.64,0.055176
ngram25,2996,5.8897,2.661,0.052002
ngram25,2997,5.8916,2.6302,0.051025
ngram25,2998,5.8936,2.6263,0.051514
ngram25,2999,5.8956,2.6206,0.067871
ngram25,3000,5.8975,2.6379,0.05249
ngram25,3001,5.8995,2.637,0.051025
ngram25,3002,5.9015,2.6472,0.057373
ngram25,3003,5.9034,2.6209,0.052002
ngram25,3004,5.9054,2.6547,0.05249
ngram25,3005,5.9073,2.6582,0.05249
ngram25,3006,5.9093,2.6024,0.052734
ngram25,3007,5.9113,2.6692,0.051514
ngram25,3008,5.9132,2.6307,0.051025
ngram25,3009,5.9152,2.6752,0.05127
ngram25,3010,5.9172,2.6128,0.052979
ngram25,3011,5.9191,2.6138,0.053711
ngram25,3012,5.9211,2.64,0.053223
ngram25,3013,5.9231,2.6283,0.051025
ngram25,3014,5.925,2.6475,0.052002
ngram25,3015,5.927,2.6512,0.05249
ngram25,3016,5.929,2.6295,0.054443
ngram25,3017,5.9309,2.6512,0.052246
ngram25,3018,5.9329,2.6018,0.051025
ngram25,3019,5.9349,2.6297,0.052246
ngram25,3020,5.9368,2.6532,0.050781
ngram25,3021,5.9388,2.6962,0.053223
ngram25,3022,5.9408,2.6491,0.051758
ngram25,3023,5.9427,2.6239,0.052002
ngram25,3024,5.9447,2.6082,0.051025
ngram25,3025,5.9467,2.6124,0.050293
ngram25,3026,5.9486,2.6382,0.053223
ngram25,3027,5.9506,2.6304,0.052002
ngram25,3028,5.9526,2.6749,0.051514
ngram25,3029,5.9545,2.6609,0.053711
ngram25,3030,5.9565,2.6428,0.05249
ngram25,3031,5.9585,2.6965,0.056641
ngram25,3032,5.9604,2.6545,0.052246
ngram25,3033,5.9624,2.6591,0.051758
ngram25,3034,5.9644,2.623,0.051025
ngram25,3035,5.9663,2.6327,0.05127
ngram25,3036,5.9683,2.5904,0.052246
ngram25,3037,5.9703,2.6277,0.05127
ngram25,3038,5.9722,2.6244,0.051025
ngram25,3039,5.9742,2.6593,0.051514
ngram25,3040,5.9762,2.6268,0.051758
ngram25,3041,5.9781,2.6089,0.051514
ngram25,3042,5.9801,2.6329,0.052734
ngram25,3043,5.9821,2.6612,0.05127
ngram25,3044,5.984,2.6033,0.053711
ngram25,3045,5.986,2.6296,0.052246
ngram25,3046,5.9879,2.6395,0.053223
ngram25,3047,5.9899,2.6539,0.054199
ngram25,3048,5.9919,2.6614,0.053711
ngram25,3049,5.9938,2.6411,0.053711
ngram25,3050,5.9958,2.6187,0.05249
ngram25,3051,5.9978,2.587,0.050537
ngram25,3052,5.9997,2.6626,0.050781
ngram25,3053,6.0017,2.6356,0.050293
